{"type":"FeatureCollection","features":[{"type":"Feature","geometry":{"type":"MultiPolygon","coordinates":[[[[121.14007729126946,11.036881577711718],[121.14168258155203,11.032774739198326],[121.14277948106334,11.036511461546501],[121.14007729126946,11.036881577711718]]],[[[121.04588768573377,10.890159310925926],[121.04850067326004,10.889780268926264],[121.0487504218618,10.89286150662472],[121.04588768573377,10.890159310925926]]],[[[121.03556036310903,10.915157033461153],[121.04499136634435,10.907233190043893],[121.0450404427591,10.913997642090049],[121.03556036310903,10.915157033461153]]],[[[120.93545805595437,10.875020600605227],[120.93555612239692,10.87256812714605],[120.94032739731695,10.874628244890687],[120.93545805595437,10.875020600605227]]],[[[120.88494976682281,10.816178332308931],[120.88506127590053,10.813926482349709],[120.88742457876228,10.81433230575379],[120.88494976682281,10.816178332308931]]],[[[120.85230469740864,11.242825138308243],[120.85038731949172,11.2381609087009],[120.85384756780489,11.240109564631489],[120.85230469740864,11.242825138308243]]],[[[120.8665648872763,11.373744350141829],[120.8666452244012,11.371327460158675],[120.86885688393532,11.374292796113918],[120.8665648872763,11.373744350141829]]],[[[120.80423113298006,11.455925535355526],[120.80826661098095,11.45020007045415],[120.80850300316429,11.458043644203997],[120.80423113298006,11.455925535355526]]],[[[120.6934002175597,11.10337562610553],[120.69468441900462,11.101480568347906],[120.69751596732367,11.102809387582694],[120.6934002175597,11.10337562610553]]],[[[120.68606497980346,11.210554591100108],[120.68786198082941,11.208918086101617],[120.68909719571143,11.210826615159267],[120.68606497980346,11.210554591100108]]],[[[120.39490793364061,12.205027756029533],[120.40000915230326,12.19554328247747],[120.40125323139264,12.197786227453555],[120.39490793364061,12.205027756029533]]],[[[120.27283115806313,11.236885594913051],[120.274039572078,11.233871238546053],[120.27850309945593,11.239418360981956],[120.27283115806313,11.236885594913051]]],[[[120.36076467147907,12.251982128769532],[120.36018492415694,12.24841931603152],[120.36180805181421,12.246006909004825],[120.36076467147907,12.251982128769532]]],[[[120.35783054819345,12.255540459462953],[120.35837899159577,12.252356659256177],[120.36076467147907,12.251982128769532],[120.35783054819345,12.255540459462953]]],[[[120.26560297466438,12.153600999892868],[120.26762294155793,12.155482722148907],[120.26550482749508,12.156370058307047],[120.26560297466438,12.153600999892868]]],[[[120.15263164821404,11.43443272117672],[120.15542745822611,11.43107056941077],[120.15783091809442,11.43220759020114],[120.15263164821404,11.43443272117672]]],[[[120.26089860596815,12.351344305250453],[120.26410021463714,12.350269665084014],[120.26290077586845,12.35323495603672],[120.26089860596815,12.351344305250453]]],[[[120.18855414548793,11.751497105656243],[120.18697115082044,11.753864872272715],[120.18609275810086,11.751751207839602],[120.18855414548793,11.751497105656243]]],[[[120.24042683789324,12.21072653776572],[120.2429417981745,12.205067924527015],[120.24336984551455,12.208077804719691],[120.24042683789324,12.21072653776572]]],[[[120.13533922637616,11.409845243144566],[120.14327197503623,11.407678126451927],[120.13894661762009,11.410714776252444],[120.13533922637616,11.409845243144566]]],[[[120.17580113457423,11.759617088787023],[120.17791469820776,11.760856718247027],[120.17627379356763,11.762684972210895],[120.17580113457423,11.759617088787023]]],[[[120.02483826823865,10.53807754833915],[120.02010272997808,10.530737864390352],[120.02538668047121,10.532722209415478],[120.02483826823865,10.53807754833915]]],[[[120.15367950019493,11.724925318845603],[120.15449106443175,11.722526291656669],[120.15624799771568,11.729295188378206],[120.15367950019493,11.724925318845603]]],[[[120.21588844774628,12.213776529281937],[120.2169452221815,12.226034612917156],[120.2082589214252,12.219609013873464],[120.21588844774628,12.213776529281937]]],[[[120.00890591776395,10.549684620191684],[120.00904861543674,10.543080684827133],[120.01391347542376,10.545461888320299],[120.00890591776395,10.549684620191684]]],[[[120.2082589214252,12.219609013873464],[120.2058198282222,12.220335907088925],[120.20623003088892,12.217807535158421],[120.2082589214252,12.219609013873464]]],[[[120.1975169578386,12.14699702928471],[120.19277246578004,12.146475293698142],[120.19499752169493,12.14334954259186],[120.1975169578386,12.14699702928471]]],[[[120.17950660912277,12.138823496970796],[120.181878893543,12.137285134571348],[120.18310954396829,12.139434393162649],[120.17950660912277,12.138823496970796]]],[[[120.11155886128442,11.65109153594105],[120.1214670166551,11.656174841877558],[120.11014530198776,11.664419723937803],[120.11155886128442,11.65109153594105]]],[[[120.12560498632678,11.771607654785926],[120.12561397430257,11.76934688525153],[120.12790148258954,11.769810602868821],[120.12560498632678,11.771607654785926]]],[[[120.14311144627179,11.997710812327925],[120.14226871113974,11.994241646680035],[120.14386950686077,11.992440132486864],[120.14311144627179,11.997710812327925]]],[[[120.11907691266683,11.815890930896465],[120.12191290383028,11.814571050719307],[120.12174344925498,11.817210821804805],[120.11907691266683,11.815890930896465]]],[[[120.11228123366962,11.787758491566066],[120.11573705782935,11.788088445131018],[120.11423876655395,11.79083083405961],[120.11228123366962,11.787758491566066]]],[[[120.10375545754333,11.730891555990292],[120.09992951285221,11.720296740150554],[120.10779985338708,11.729964072270038],[120.10375545754333,11.730891555990292]]],[[[120.0990109737319,11.73444102974399],[120.10425481145256,11.733196931084244],[120.10123600976635,11.7400639449565],[120.0990109737319,11.73444102974399]]],[[[120.14924267951254,12.168039554561851],[120.15054032455826,12.162822386401139],[120.15356356204292,12.167954799795694],[120.14924267951254,12.168039554561851]]],[[[120.123665331756,11.982425008064892],[120.1213688507807,11.97867490108067],[120.12430295709125,11.978995969640915],[120.123665331756,11.982425008064892]]],[[[120.06506829727668,11.815199772345219],[120.07098104831249,11.815257791829277],[120.06780167224585,11.817143934958093],[120.06506829727668,11.815199772345219]]],[[[120.05774637652921,11.816100503202454],[120.06270046168433,11.815578840692332],[120.06363688089058,11.821050141489504],[120.05774637652921,11.816100503202454]]],[[[119.91299958014284,10.517231272962688],[119.91169303155624,10.519202200054774],[119.91040438682577,10.516357267330008],[119.91299958014284,10.517231272962688]]],[[[120.05516011895546,11.832028454739625],[120.05355932097447,11.829509019793793],[120.05775087279196,11.829161258575423],[120.05516011895546,11.832028454739625]]],[[[120.09325872389127,12.184310766256027],[120.09702219421479,12.18163088699454],[120.09727188395262,12.184203781831714],[120.09325872389127,12.184310766256027]]],[[[120.11585743504939,12.38365049469858],[120.11650399810239,12.3806896349519],[120.11817612942919,12.384390649970552],[120.11585743504939,12.38365049469858]]],[[[120.0436244617676,11.82247708414441],[120.04416398060395,11.819997814829714],[120.04623298314662,11.821174987286316],[120.0436244617676,11.82247708414441]]],[[[120.08745298916102,12.200813964849006],[120.08616425102454,12.202878541507948],[120.08311868647898,12.201366895092258],[120.08745298916102,12.200813964849006]]],[[[120.08586993996356,12.237280447191566],[120.08957544451934,12.232522627527024],[120.0882065175431,12.23749894936659],[120.08586993996356,12.237280447191566]]],[[[119.88432307876002,10.549265500777224],[119.88589267834871,10.547535308581871],[119.88741318051268,10.551191774030324],[119.88432307876002,10.549265500777224]]],[[[119.87004058546438,10.463334103260221],[119.87577051623488,10.463699810664268],[119.87076742279997,10.470375019827364],[119.87004058546438,10.463334103260221]]],[[[119.8666471851737,10.63166074374013],[119.86966599744677,10.63187030134791],[119.86887673724674,10.634166763601554],[119.8666471851737,10.63166074374013]]],[[[119.99717844225506,11.939474935816007],[120.0023644174359,11.938449356475473],[119.99871234662506,11.941370103786724],[119.99717844225506,11.939474935816007]]],[[[119.97904325779169,11.78590792786796],[119.98201751398754,11.786630321822356],[119.97977013366213,11.788173208792392],[119.97904325779169,11.78590792786796]]],[[[119.98196846844243,11.796083605712807],[119.9790477566713,11.796253108828584],[119.98080019126769,11.793452741297848],[119.98196846844243,11.796083605712807]]],[[[119.99136821752957,11.937165129998062],[119.99446727610771,11.936879779050198],[119.99106505550107,11.940340028409643],[119.99136821752957,11.937165129998062]]],[[[119.96596473847735,11.780035308649046],[119.96968808902953,11.775647574549627],[119.9743879843845,11.77765864366932],[119.96596473847735,11.780035308649046]]],[[[119.96309749946238,11.768026966308764],[119.96255351123948,11.76538273651913],[119.96543858258651,11.767656885730448],[119.96309749946238,11.768026966308764]]],[[[119.9837833182382,11.9813905296808],[119.98517897363413,11.976110954629641],[119.98700727637825,11.978795303542494],[119.9837833182382,11.9813905296808]]],[[[119.97445485235977,11.931466368485058],[119.97979686215461,11.931100772630638],[119.98024727615797,11.934351427585888],[119.97445485235977,11.931466368485058]]],[[[119.95944551998679,11.794607632442483],[119.9603016627266,11.798014405425358],[119.95802304422021,11.797305438044626],[119.95944551998679,11.794607632442483]]],[[[119.94920297484555,11.744130640110953],[119.9528059080626,11.744572070064152],[119.95253839343286,11.747662225574132],[119.94920297484555,11.744130640110953]]],[[[119.96806942992167,11.944830318813429],[119.97074936422547,11.944964065390973],[119.96678519883615,11.947938355354687],[119.96806942992167,11.944830318813429]]],[[[119.9589728923048,11.912671286509086],[119.9619426467524,11.909536536883662],[119.96016791283458,11.914851762571633],[119.9589728923048,11.912671286509086]]],[[[119.91298166416638,11.53930185080407],[119.913512346752,11.532871815206905],[119.91444873658749,11.537509288092059],[119.91298166416638,11.53930185080407]]],[[[119.91412766414926,11.606808179516582],[119.91625468883713,11.605929701288177],[119.91489910163371,11.609398871861734],[119.91412766414926,11.606808179516582]]],[[[119.89827115111856,11.555051400160224],[119.89591673652174,11.552442770989112],[119.89852085403913,11.55260333915398],[119.89827115111856,11.555051400160224]]],[[[119.9538003485099,12.052664749139101],[119.9561636484604,12.047741921654103],[119.9563821012064,12.051442984072537],[119.9538003485099,12.052664749139101]]],[[[119.88633854693846,11.556892968469107],[119.88720362144622,11.546244692775188],[119.88892934054739,11.557704556517377],[119.88633854693846,11.556892968469107]]],[[[119.94018671046227,12.01076703884258],[119.94145310344351,12.006976791355736],[119.94153781158498,12.013005513290478],[119.94018671046227,12.01076703884258]]],[[[119.76413691915857,10.557938421206039],[119.76229531598581,10.564016152785868],[119.76197424336057,10.559557066632625],[119.76413691915857,10.557938421206039]]],[[[119.86681660555949,11.562520388320292],[119.8692691608087,11.559916262527164],[119.86857798254125,11.56452695407856],[119.86681660555949,11.562520388320292]]],[[[119.74609984197608,10.589843265541989],[119.74869060779895,10.588492212706404],[119.74817776015,10.591056187528352],[119.74609984197608,10.589843265541989]]],[[[119.85909792271231,11.608319809369647],[119.85676137897491,11.607071265894499],[119.8579564080853,11.604413638649623],[119.85909792271231,11.608319809369647]]],[[[119.83538887385028,11.49025618405908],[119.83871540229565,11.490488093924137],[119.83887143483331,11.493725362731418],[119.83538887385028,11.49025618405908]]],[[[119.89502047016117,12.016987486652756],[119.898922196028,12.015542767659474],[119.8989176945079,12.018079975430863],[119.89502047016117,12.016987486652756]]],[[[119.7257529749169,10.534425576782983],[119.72920434491847,10.535014153833663],[119.72721557999904,10.536267221332299],[119.7257529749169,10.534425576782983]]],[[[119.88144697780326,11.986085885948654],[119.88682457824548,11.982612310781255],[119.8842517529607,11.986580898941996],[119.88144697780326,11.986085885948654]]],[[[119.81757476601793,11.40998793502611],[119.81567072280838,11.413969897222456],[119.81469868713987,11.411664505241125],[119.81757476601793,11.40998793502611]]],[[[119.8789855469261,11.957556570493189],[119.8728453283164,11.958831870610332],[119.87541827870078,11.953556811136616],[119.8789855469261,11.957556570493189]]],[[[119.80475935065955,11.407901042580395],[119.80316745386928,11.397123392307245],[119.81093960227665,11.40113216880448],[119.80475935065955,11.407901042580395]]],[[[119.80779594274097,11.386537468937536],[119.80829090625117,11.391255237009627],[119.80648053595168,11.389859540391026],[119.80779594274097,11.386537468937536]]],[[[119.6993060027487,10.497165347162106],[119.70588318907798,10.50166902871551],[119.6973217642022,10.504241938918202],[119.6993060027487,10.497165347162106]]],[[[119.70242293675655,10.512219273801083],[119.70293577507523,10.507184966029582],[119.70516088125912,10.509249457266923],[119.70242293675655,10.512219273801083]]],[[[119.70335491868855,10.554870566945587],[119.70791211879323,10.55705549573755],[119.70686420301399,10.561822304151173],[119.70335491868855,10.554870566945587]]],[[[119.8834089051929,12.135791357640892],[119.88648128460738,12.134845976345373],[119.88622264419534,12.137164722359381],[119.8834089051929,12.135791357640892]]],[[[119.89129711545931,12.20407353370336],[119.89447647581852,12.204876170295595],[119.8923627950458,12.206227291993413],[119.89129711545931,12.20407353370336]]],[[[119.87430347186118,12.080832925016825],[119.87677381444468,12.083312145271632],[119.87447288282677,12.083334442206578],[119.87430347186118,12.080832925016825]]],[[[119.69141343271808,10.509476920556324],[119.6964789316693,10.511033166687824],[119.69254605893036,10.51389589421675],[119.69141343271808,10.509476920556324]]],[[[119.7938790969564,11.464727818060702],[119.79462382426728,11.46241801990073],[119.79639407038076,11.46445580844266],[119.7938790969564,11.464727818060702]]],[[[119.87757194552553,12.18237553898291],[119.87561443715806,12.17770239194107],[119.87828099913979,12.177653337612629],[119.87757194552553,12.18237553898291]]],[[[119.74903397786423,11.116052875571706],[119.75141510146595,11.115045143869526],[119.7510405463794,11.119794084110397],[119.74903397786423,11.116052875571706]]],[[[119.84601050763942,12.107043529795174],[119.84752209047454,12.101549888645149],[119.85259657525823,12.106231979992465],[119.84601050763942,12.107043529795174]]],[[[119.83019400994934,11.982790652482525],[119.83191081717652,11.981238850930962],[119.83236560282691,11.983740465761061],[119.83019400994934,11.982790652482525]]],[[[119.84883304561065,12.242279100353025],[119.8514595099041,12.242020490051168],[119.85404575050046,12.244379320707043],[119.84883304561065,12.242279100353025]]],[[[119.64677781713067,10.469505549276233],[119.64770981314948,10.46711095813211],[119.64971641334454,10.468314922423318],[119.64677781713067,10.469505549276233]]],[[[119.6665405644282,10.659231384242432],[119.6673254008909,10.656034188547219],[119.66868092881965,10.658299391061819],[119.6665405644282,10.659231384242432]]],[[[119.6966662380457,11.002105001602551],[119.69481128400702,11.000517576793472],[119.69699179166848,10.997150913829982],[119.6966662380457,11.002105001602551]]],[[[119.65193254475803,10.674512723950476],[119.65427800036753,10.671507234624633],[119.65555778960558,10.674093550522528],[119.65193254475803,10.674512723950476]]],[[[119.65560686240431,10.746701084810526],[119.65530367181306,10.744270875283782],[119.65856773324502,10.745639817828128],[119.65560686240431,10.746701084810526]]],[[[119.63960309928231,10.686668248370019],[119.63836799988819,10.691256581299479],[119.63586195393522,10.691938875872934],[119.63960309928231,10.686668248370019]]],[[[119.67957003492205,11.080397895664102],[119.6767072934816,11.08021508409434],[119.67893688094556,11.078003386776327],[119.67957003492205,11.080397895664102]]],[[[119.66423518708059,11.025488512242708],[119.66764200429398,11.0187954210999],[119.66986704928387,11.020240214046211],[119.66423518708059,11.025488512242708]]],[[[119.62872294217111,10.73173635801966],[119.63230801315115,10.72836526506878],[119.63451088681549,10.730135554984003],[119.62872294217111,10.73173635801966]]],[[[119.67727804294022,11.240533159431006],[119.68536243958854,11.2367384445875],[119.68271817005188,11.247137107708788],[119.67727804294022,11.240533159431006]]],[[[119.62277450827668,10.714666916747523],[119.6244109914249,10.711893367701231],[119.62516899935547,10.716240988135613],[119.62277450827668,10.714666916747523]]],[[[119.66560860414293,11.138156629037855],[119.66912236554458,11.138406359755942],[119.66802986680825,11.14120221752281],[119.66560860414293,11.138156629037855]]],[[[119.62671630994134,10.818965262264431],[119.62982874446925,10.817966436143104],[119.62807187315846,10.82287142618824],[119.62671630994134,10.818965262264431]]],[[[119.61715156266908,10.821502509080467],[119.62438870481614,10.819428989074849],[119.61925623557784,10.823718655394487],[119.61715156266908,10.821502509080467]]],[[[119.6554418716295,11.138005046800599],[119.65731025268936,11.133314084647571],[119.65681077639843,11.140172170079776],[119.6554418716295,11.138005046800599]]],[[[119.63337381563505,11.001119535030844],[119.63121107365254,10.999951265174055],[119.63412293238338,10.998979208683],[119.63337381563505,11.001119535030844]]],[[[119.62107556693422,10.901119790339258],[119.61952377276236,10.893472368852054],[119.62101763807088,10.891180452517965],[119.62107556693422,10.901119790339258]]],[[[119.61744139152073,10.880545493280614],[119.61983146201196,10.88100919283006],[119.61976460001843,10.883434936879459],[119.61744139152073,10.880545493280614]]],[[[119.58984406377125,10.701111264713107],[119.59192640666971,10.70008115860653],[119.59181937109427,10.702854730264066],[119.58984406377125,10.701111264713107]]],[[[119.66560418348371,11.487616414634823],[119.66668768291683,11.47810960525987],[119.67099967185649,11.485850594516188],[119.66560418348371,11.487616414634823]]],[[[119.65834916479413,11.39808211608924],[119.65887091683508,11.395825829934093],[119.66014173441206,11.39952689245964],[119.65834916479413,11.39808211608924]]],[[[119.64648795981213,11.4526793264562],[119.64416483541906,11.452344912147167],[119.6467332509434,11.45037395564944],[119.64648795981213,11.4526793264562]]],[[[119.59114159519567,11.013315161865558],[119.59354953381906,11.012624016023604],[119.59463756444698,11.01542436544966],[119.59114159519567,11.013315161865558]]],[[[119.60156255189484,11.088027401772003],[119.60101405294752,11.09066273972811],[119.59896731325482,11.088945986648206],[119.60156255189484,11.088027401772003]]],[[[119.63463124355938,11.431440605381589],[119.63791311414492,11.426147693387236],[119.63923753149929,11.432876464483286],[119.63463124355938,11.431440605381589]]],[[[119.56019099930737,11.003358012118557],[119.56114081588568,10.996410732899045],[119.56804345265967,11.000129632721551],[119.56019099930737,11.003358012118557]]],[[[119.56109622286839,11.046651422879519],[119.56226890842629,11.042450931445801],[119.56518076170182,11.042557972819905],[119.56109622286839,11.046651422879519]]],[[[119.49349620848386,10.964037705995135],[119.49621179530921,10.968006290784423],[119.49296110491461,10.96875097575814],[119.49349620848386,10.964037705995135]]],[[[119.48108651799838,11.291415967224488],[119.48620110214218,11.289846341245882],[119.48271408639793,11.29402006319909],[119.48108651799838,11.291415967224488]]],[[[119.46401263313825,11.42269185655583],[119.4659701933229,11.42149681149814],[119.4663314227035,11.42376206537834],[119.46401263313825,11.42269185655583]]],[[[119.45347579482456,11.388566386758834],[119.45455488089634,11.385587696342325],[119.45514794537772,11.392294171672535],[119.45347579482456,11.388566386758834]]],[[[119.23406570033175,10.179053051898864],[119.23151516373966,10.180850078372856],[119.23208589464849,10.17640884392375],[119.23406570033175,10.179053051898864]]],[[[119.26094964898871,10.535540382595123],[119.26307216715344,10.534586077191056],[119.26355376354756,10.537894782155448],[119.26094964898871,10.535540382595123]]],[[[119.1972825765333,10.55478584606697],[119.19985108157478,10.55070132505956],[119.20185765670583,10.554058979403218],[119.1972825765333,10.55478584606697]]],[[[119.17854547511409,10.455254222380017],[119.18192987919731,10.451205395366053],[119.18173818231332,10.454705768116254],[119.17854547511409,10.455254222380017]]],[[[119.17442522043135,10.459378906344993],[119.17673508215111,10.457590784073096],[119.1760528081544,10.461068913707408],[119.17442522043135,10.459378906344993]]],[[[119.16617594433002,10.462205997794332],[119.16180596113169,10.457666597101332],[119.16910108380156,10.459592927412057],[119.16617594433002,10.462205997794332]]],[[[119.17615535792177,10.576622043697121],[119.1738589715501,10.580960719556748],[119.17274864560562,10.577170501713054],[119.17615535792177,10.576622043697121]]],[[[119.15946943150247,10.48151833966861],[119.15973248808001,10.4771127198374],[119.1620691023483,10.480680044978671],[119.15946943150247,10.48151833966861]]],[[[119.13760201435242,10.410850536099293],[119.13991625597683,10.412054446587595],[119.13759305226503,10.413517073035834],[119.13760201435242,10.410850536099293]]],[[[119.11860172855079,10.443165645466275],[119.12352458217622,10.445239112493722],[119.12377430138184,10.448119687088315],[119.11860172855079,10.443165645466275]]],[[[119.11595303167952,10.5383495919571],[119.11842787762295,10.539250290837018],[119.11665314908151,10.541470971598422],[119.11595303167952,10.5383495919571]]],[[[119.11069579125605,10.55393857539753],[119.11116846933976,10.551735776843756],[119.1130145267264,10.55366661430546],[119.11069579125605,10.55393857539753]]],[[[118.99812134435494,10.307377035736657],[119.00020820972865,10.306311360111923],[119.00220587921882,10.309700243012264],[118.99812134435494,10.307377035736657]]],[[[118.92052850909752,9.939380868519528],[118.92040810475304,9.93366870422968],[118.92362753379636,9.933289708034236],[118.92052850909752,9.939380868519528]]],[[[118.94394320415311,10.330457372844926],[118.94921389565513,10.331817412273308],[118.95079244732123,10.334559740818301],[118.94394320415311,10.330457372844926]]],[[[118.93905162895382,10.331206510090725],[118.94394320415311,10.330457372844926],[118.94104040481079,10.332941112566266],[118.93905162895382,10.331206510090725]]],[[[118.87680255513138,9.914356334236183],[118.87842566040052,9.907917427366952],[118.87955829543333,9.912135701315478],[118.87680255513138,9.914356334236183]]],[[[118.83231852372629,10.112746225302569],[118.83404424474745,10.108617092526732],[118.83644768651027,10.108362926455566],[118.83231852372629,10.112746225302569]]],[[[118.8279442118937,10.093924332905042],[118.82412273560485,10.092934408244107],[118.82652615092,10.09178396569339],[118.8279442118937,10.093924332905042]]],[[[118.7796343225977,9.888034311420842],[118.77810483141997,9.88340577653897],[118.78119048046672,9.884725605048581],[118.7796343225977,9.888034311420842]]],[[[118.53573041665491,9.36858917770927],[118.53323776460087,9.3679827285322],[118.53585520859673,9.365521279927613],[118.53573041665491,9.36858917770927]]],[[[118.53533350460926,9.373690364671715],[118.53371484887467,9.372000357957786],[118.53589538071485,9.371059508418233],[118.53533350460926,9.373690364671715]]],[[[118.51603454888358,9.334160413642637],[118.51215960871768,9.331418096587475],[118.51715379871995,9.332158263915595],[118.51603454888358,9.334160413642637]]],[[[118.51752385147343,9.337339758356894],[118.51483948027025,9.337130198705006],[118.51603454888358,9.334160413642637],[118.51752385147343,9.337339758356894]]],[[[118.42226407126402,9.703610369133479],[118.42032440248747,9.705318194446969],[118.42087730977047,9.70135845518577],[118.42226407126402,9.703610369133479]]],[[[118.13550826171154,9.068014550665811],[118.13650262141594,9.063363660502135],[118.13844677154292,9.065691362702722],[118.13550826171154,9.068014550665811]]],[[[118.12984520495462,9.101765454930986],[118.13380041759767,9.100164616618015],[118.13302452513129,9.102532442718783],[118.12984520495462,9.101765454930986]]],[[[118.08291314809843,9.357771353510032],[118.08746582906313,9.354204114505874],[118.08541465441301,9.358935228622988],[118.08291314809843,9.357771353510032]]],[[[118.05362575716653,9.36205658211985],[118.0559623390003,9.36016145354882],[118.05618529434669,9.362426662145747],[118.05362575716653,9.36205658211985]]],[[[117.94192076944437,9.268455567755906],[117.94650477532947,9.267545940343352],[117.9441102667173,9.269878041668772],[117.94192076944437,9.268455567755906]]],[[[117.93956195311414,9.287536102211032],[117.9427546156714,9.287727824160752],[117.94627292322372,9.292334050172116],[117.93956195311414,9.287536102211032]]],[[[117.93348868534093,9.28105249752993],[117.93594563715247,9.279915458608814],[117.93636029529672,9.282524020781663],[117.93348868534093,9.28105249752993]]],[[[117.93348868534093,9.28105249752993],[117.93177638808746,9.284601956778841],[117.93066154473802,9.282318917850017],[117.93348868534093,9.28105249752993]]],[[[117.84938995598836,9.243355296920612],[117.85810755722963,9.244893698966953],[117.85989119617373,9.246811112815328],[117.84938995598836,9.243355296920612]]],[[[117.83325694794596,9.193939569714487],[117.83117459727184,9.192285217251582],[117.83335953102981,9.191183817345776],[117.83325694794596,9.193939569714487]]],[[[117.83117459727184,9.192285217251582],[117.8281201180515,9.189819324714298],[117.83071971993404,9.188486097489212],[117.83117459727184,9.192285217251582]]],[[[117.8281201180515,9.189819324714298],[117.82551600721632,9.188677822246968],[117.82787925992662,9.186813920423234],[117.8281201180515,9.189819324714298]]],[[[117.70022412483932,9.070382301953245],[117.69843160069705,9.068933123720862],[117.70094648178446,9.068108153914505],[117.70022412483932,9.070382301953245]]],[[[117.51507777722138,8.341894518320451],[117.5166161753637,8.33871965990789],[117.52030390894866,8.341867715363119],[117.51507777722138,8.341894518320451]]],[[[117.51641558944077,8.910193585185546],[117.51536768361173,8.905868209356072],[117.51801632916005,8.90740217242297],[117.51641558944077,8.910193585185546]]],[[[117.4299357042718,8.439049424289907],[117.43383301900347,8.438536583855688],[117.43120213395196,8.441091686740709],[117.4299357042718,8.439049424289907]]],[[[117.42295728747995,8.520575107943904],[117.42338536229643,8.518260853058766],[117.42565944922642,8.518376808383069],[117.42295728747995,8.520575107943904]]],[[[117.31103827430168,8.34555989028253],[117.31698226435697,8.350130475805477],[117.31419081724374,8.352212889351406],[117.31103827430168,8.34555989028253]]],[[[117.27875881622815,8.182557452301676],[117.28094379436811,8.17872261207448],[117.2812158386241,8.18158094050486],[117.27875881622815,8.182557452301676]]],[[[117.22694850359872,8.376822686122782],[117.22474571332859,8.374579732875564],[117.22732756556972,8.374481582329928],[117.22694850359872,8.376822686122782]]],[[[117.23824792362733,8.554040673286035],[117.23799816003682,8.54982240168115],[117.24004937025813,8.550897026656164],[117.23824792362733,8.554040673286035]]],[[[117.23821221750077,8.56710585287531],[117.2380204988188,8.564836215116655],[117.2402455726629,8.565389092751216],[117.23821221750077,8.56710585287531]]],[[[117.12116083959728,8.281995395272215],[117.12726982177107,8.279025646147648],[117.1256511242991,8.287301747710853],[117.12116083959728,8.281995395272215]]],[[[117.03781577555186,7.996777927353068],[117.03905539043197,7.994312056529399],[117.04180220141302,7.9992081052341],[117.03781577555186,7.996777927353068]]],[[[116.97774720341991,7.875343242061085],[116.9802086294794,7.877563829367722],[116.97732807006622,7.878888173915362],[116.97774720341991,7.875343242061085]]],[[[116.98468559919826,8.085068092474437],[116.98691511110327,8.082205420677022],[116.98692409341704,8.088898495126212],[116.98468559919826,8.085068092474437]]],[[[116.96484261800553,7.987507420288339],[116.96487828150663,7.990165043246223],[116.96228749671074,7.989282146392731],[116.96484261800553,7.987507420288339]]],[[[116.92908501730183,7.93680744950721],[116.93192103781732,7.932776456040768],[116.93300907497277,7.935857666472671],[116.92908501730183,7.93680744950721]]],[[[121.23006194211078,10.958579727499606],[121.23018675756265,10.956332359951887],[121.23703149090298,10.951922308725894],[121.2398898162732,10.953491861225526],[121.23006194211078,10.958579727499606]]],[[[121.14063462183361,11.121524182557165],[121.14447843602701,11.11863468255295],[121.14822405800852,11.119299071713279],[121.14507149558469,11.126799294774143],[121.14063462183361,11.121524182557165]]],[[[121.09924977604594,10.99963018042352],[121.09781836230486,10.994876829586827],[121.10361517627409,10.996633689627346],[121.10162639223813,10.998408460352955],[121.09924977604594,10.99963018042352]]],[[[121.0615034450472,10.753737542943261],[121.06557012552518,10.751173537392567],[121.06904822036624,10.751383130763346],[121.06740732013428,10.755770882011298],[121.0615034450472,10.753737542943261]]],[[[121.05898407039378,11.226825871290778],[121.0593541557803,11.221720233989696],[121.067897817045,11.219851815133595],[121.06599817994638,11.229737641883434],[121.05898407039378,11.226825871290778]]],[[[120.78949824177766,10.724851475630308],[120.7936987390958,10.720628733706771],[120.79683799553968,10.719669974767509],[120.79486260149905,10.725377683627123],[120.78949824177766,10.724851475630308]]],[[[120.7654681558193,11.001681402412636],[120.77449785817304,11.000459601616704],[120.77522020247217,11.003924327560027],[120.76945018577028,11.00322867347838],[120.7654681558193,11.001681402412636]]],[[[120.81333215896403,11.463251838826839],[120.8199138005344,11.451190017993607],[120.82373080784127,11.458329023265414],[120.81922265481957,11.461040173549607],[120.81333215896403,11.463251838826839]]],[[[120.72482348330934,11.362890891418049],[120.72428389604092,11.356295912016659],[120.73473158151596,11.348470131962632],[120.73158347544546,11.355769704907576],[120.72482348330934,11.362890891418049]]],[[[120.38638215098761,12.231202725657615],[120.38803652208246,12.224398121112264],[120.39177768673422,12.21399505595928],[120.39758339230262,12.232772330235504],[120.38638215098761,12.231202725657615]]],[[[120.21991059125145,11.765944597690838],[120.22287589375205,11.766591107623887],[120.22412438981283,11.769181855824318],[120.22085145418218,11.768397085816838],[120.21991059125145,11.765944597690838]]],[[[120.16976352987416,11.419302987713898],[120.17189049070409,11.416248466652982],[120.18002831627,11.429808617318137],[120.1724612919229,11.424480009342641],[120.16976352987416,11.419302987713898]]],[[[120.26964287739037,12.334582516223973],[120.27430265964777,12.329632914617685],[120.27692461665,12.330101144623148],[120.27297383757872,12.335746314949501],[120.26964287739037,12.334582516223973]]],[[[120.26410021463714,12.350269665084014],[120.26583034132298,12.345391411875017],[120.27148894200081,12.342912130085987],[120.26760067174187,12.349208388819934],[120.26410021463714,12.350269665084014]]],[[[120.13941482591873,11.689350605252297],[120.14339682081872,11.681903865105088],[120.147213855881,11.685386442344639],[120.14984917090193,11.692445180634264],[120.13941482591873,11.689350605252297]]],[[[119.99212625194492,10.493294868807858],[119.99757534862067,10.489517973000261],[119.99716062554207,10.495613579216299],[119.99409717452768,10.495577891469212],[119.99212625194492,10.493294868807858]]],[[[120.13522776593119,11.777408903082108],[120.13865233455864,11.768477358908038],[120.14039582006032,11.775250703892182],[120.1394193194417,11.777471341843436],[120.13522776593119,11.777408903082108]]],[[[120.1136055875983,11.975740827519335],[120.1185150474113,11.973533563119949],[120.117971068652,11.985738143300745],[120.1151394881951,11.983191946013184],[120.1136055875983,11.975740827519335]]],[[[120.05552582152465,11.76651535663998],[120.05613220850464,11.764214424140004],[120.06689199331029,11.772789320243755],[120.06242849160112,11.772940919916236],[120.05552582152465,11.76651535663998]]],[[[120.02029444754166,11.979753975044524],[120.02218065520567,11.971669671038311],[120.02718375329748,11.971139025007291],[120.02505228948563,11.977288159096423],[120.02029444754166,11.979753975044524]]],[[[119.97738898320326,11.779228217500512],[119.97983699898987,11.779384314915406],[119.98111678443608,11.781765437179306],[119.9778750436818,11.783700699748556],[119.97738898320326,11.779228217500512]]],[[[119.95253839343286,11.747662225574132],[119.96450660059455,11.751497114233025],[119.96530033840594,11.754823555824823],[119.95503547032476,11.752892789790401],[119.95253839343286,11.747662225574132]]],[[[119.97392423025296,11.983089445243579],[119.9769965167682,11.979085150737774],[119.98099637502875,11.981938977678794],[119.97941781106191,11.983843041862556],[119.97392423025296,11.983089445243579]]],[[[119.96211203752598,11.926802173250634],[119.96101064083149,11.920260650673203],[119.96125149492276,11.91801776236392],[119.96351223829353,11.91995748771761],[119.96211203752598,11.926802173250634]]],[[[119.87781276992189,11.528403800244556],[119.87934669137273,11.526134099599085],[119.88731069610604,11.52988863993346],[119.8829139459943,11.533875120151725],[119.87781276992189,11.528403800244556]]],[[[119.87574376740113,11.552121730251445],[119.87283199775685,11.547948013002847],[119.87451746462514,11.543163459431554],[119.87682280946247,11.543306119004544],[119.87574376740113,11.552121730251445]]],[[[119.84601942584125,11.55224216447766],[119.85059438743525,11.546079683646377],[119.85888832053371,11.548193310319226],[119.85569118563929,11.55596997798718],[119.84601942584125,11.55224216447766]]],[[[119.74253260051356,10.546835244896407],[119.74703621673372,10.549595452559599],[119.74720569485787,10.551981082403888],[119.74310334758981,10.54984512859041],[119.74253260051356,10.546835244896407]]],[[[119.74254594359765,10.580974143647033],[119.74625589014416,10.574303296307916],[119.7492479872929,10.58374320564652],[119.74630051317266,10.586998408756669],[119.74254594359765,10.580974143647033]]],[[[119.90701092420998,12.035742459030565],[119.9060924004272,12.025914586866355],[119.9110330450356,12.019703058739267],[119.91450221916898,12.026124163811504],[119.90701092420998,12.035742459030565]]],[[[119.74241666584838,10.559418842769691],[119.7459170197501,10.561817844303752],[119.74570300522147,10.5642748033905],[119.74222933219241,10.565563451248],[119.74241666584838,10.559418842769691]]],[[[119.89107414525603,12.043884793187797],[119.89611736733703,12.043287255735821],[119.90310483874843,12.04759921345054],[119.8991629830049,12.049958075164453],[119.89107414525603,12.043884793187797]]],[[[119.8760692553316,12.010503937779996],[119.87879380717678,12.009942109218784],[119.88460846986153,12.01011157529116],[119.88134881449164,12.014472571108321],[119.8760692553316,12.010503937779996]]],[[[119.8058919419154,11.546833265853392],[119.80912034596179,11.54263726592674],[119.8196615970018,11.544461030396814],[119.81933164858553,11.546712859071516],[119.8058919419154,11.546833265853392]]],[[[119.85912026024668,11.99834841760275],[119.86246899535602,11.99280576019839],[119.87227899910245,11.991245102541837],[119.87278291303637,11.993795675405384],[119.85912026024668,11.99834841760275]]],[[[119.87828099913979,12.177653337612629],[119.8764794908535,12.171370491978635],[119.88152722096187,12.16869503091297],[119.88058636918998,12.17708256076878],[119.87828099913979,12.177653337612629]]],[[[119.84531038284973,12.132794813164798],[119.8428756798743,12.123484218527377],[119.84556901177982,12.114008615124687],[119.85278826317557,12.114570492859942],[119.84531038284973,12.132794813164798]]],[[[119.69633184427863,11.120984624459512],[119.69690260260268,11.118322548623512],[119.70215537972442,11.12033364221962],[119.69839635730749,11.123249882979234],[119.69633184427863,11.120984624459512]]],[[[119.81461840513218,12.158367746370574],[119.81478338504913,12.143233533535277],[119.81942526358004,12.158283072037248],[119.81654030300243,12.159643085726007],[119.81461840513218,12.158367746370574]]],[[[119.69214473920476,11.151975392126861],[119.69468196225827,11.15164099441924],[119.69992589476918,11.158057586721414],[119.69483355951157,11.157812353902472],[119.69214473920476,11.151975392126861]]],[[[119.71540339284068,11.402559030842166],[119.72000960575791,11.399767668335725],[119.72370176709227,11.41199447114472],[119.71916690935691,11.413836119454917],[119.71540339284068,11.402559030842166]]],[[[119.78624070804632,12.052829724146207],[119.79554238350835,12.051732820750672],[119.79083804888546,12.0573825066287],[119.78868868463967,12.055696985863586],[119.78624070804632,12.052829724146207]]],[[[119.6447979684102,10.797244991997838],[119.64705874295254,10.798484637813575],[119.64770088228697,10.801873548409425],[119.64518147231007,10.801962720564365],[119.6447979684102,10.797244991997838]]],[[[119.67116915335322,11.173936456722164],[119.66863636953818,11.1674083516476],[119.67310884883815,11.166931231031938],[119.67312219851868,11.169272285866047],[119.67116915335322,11.173936456722164]]],[[[119.61184972184434,10.963333096609196],[119.61435123892751,10.95427221814077],[119.61706241165525,10.955115012456812],[119.61506021373376,10.961839316512162],[119.61184972184434,10.963333096609196]]],[[[119.62097748583724,11.087425431200193],[119.6200410688511,11.078565182847921],[119.62342551315514,11.079920792677505],[119.62413895305649,11.085806810210135],[119.62097748583724,11.087425431200193]]],[[[119.65375189876507,11.480321283989433],[119.65730574335211,11.47043993980122],[119.66159538433541,11.474774202310732],[119.66051635507046,11.478537654989498],[119.65375189876507,11.480321283989433]]],[[[119.54119971579027,11.157353093706606],[119.5498815226883,11.167149729683828],[119.54845911677371,11.173949862006545],[119.54173030392934,11.166026061987322],[119.54119971579027,11.157353093706606]]],[[[119.55356033421675,11.320658763983841],[119.55423368736145,11.316899743696064],[119.55800157508149,11.315169622142223],[119.55571407983588,11.319048995915633],[119.55356033421675,11.320658763983841]]],[[[119.4978438846012,11.443729927009974],[119.4970099616881,11.435953243356492],[119.50359605982007,11.422477876646678],[119.50479559199886,11.440091292576707],[119.4978438846012,11.443729927009974]]],[[[119.32502690795519,10.246911673485272],[119.32621754207072,10.24281374716182],[119.32893757542753,10.24274240487557],[119.32646718851056,10.248864728102204],[119.32502690795519,10.246911673485272]]],[[[118.81455796940901,9.877876491581564],[118.81445091045747,9.874193258774753],[118.81783986012704,9.873970321816877],[118.81602948911882,9.876128488842593],[118.81455796940901,9.877876491581564]]],[[[118.82013187028787,9.944071806472923],[118.81045562122371,9.938489027786463],[118.81517773616521,9.938301772588444],[118.82033699988382,9.941458760867349],[118.82013187028787,9.944071806472923]]],[[[118.7802719249332,10.074892943643599],[118.782331997092,10.076507101256288],[118.78255051632239,10.082014077380867],[118.78056622259409,10.080778961427214],[118.7802719249332,10.074892943643599]]],[[[118.53573041665491,9.36858917770927],[118.53786184287102,9.367434212970414],[118.54065771120804,9.368388496414816],[118.5381784057152,9.369752978696257],[118.53573041665491,9.36858917770927]]],[[[118.53333583599586,9.359376668678685],[118.5388696044012,9.356527249056011],[118.53786184287102,9.367434212970414],[118.53585520859673,9.365521279927613],[118.53333583599586,9.359376668678685]]],[[[118.53323776460087,9.37484522946596],[118.53122670910896,9.373052715325688],[118.53205163944243,9.369949166488587],[118.53371484887467,9.372000357957786],[118.53323776460087,9.37484522946596]]],[[[118.15474927868905,9.088744884530174],[118.15771451330542,9.083550059894957],[118.1601492441931,9.085610137745311],[118.15782601549519,9.088562063591032],[118.15474927868905,9.088744884530174]]],[[[118.12356675240838,9.096383305171942],[118.12311190494485,9.09042593084019],[118.12820864676127,9.089779380206512],[118.12879277006314,9.095964183666155],[118.12356675240838,9.096383305171942]]],[[[117.95692118613395,9.299999235628976],[117.96389077318862,9.29248570462177],[117.96733770624844,9.291558200989131],[117.96162108223588,9.30216194063585],[117.95692118613395,9.299999235628976]]],[[[117.4393711697482,8.80486513979348],[117.44238552537742,8.80067802983854],[117.44420483501726,8.802996750366935],[117.44502979223824,8.805199585448678],[117.4393711697482,8.80486513979348]]],[[[117.21172514722458,7.825271979458649],[117.22299329723295,7.823439295027608],[117.21763798043642,7.829311959124979],[117.21445413408588,7.83014128351038],[117.21172514722458,7.825271979458649]]],[[[117.219033617197,8.157229723230603],[117.22921380326294,8.153876520756356],[117.23148347367957,8.156119464607917],[117.22261431686456,8.163039987076253],[117.219033617197,8.157229723230603]]],[[[117.1869861036808,8.200634657121636],[117.18900606352003,8.199243407450231],[117.19284536776297,8.199502030713095],[117.19098140513864,8.200857627404524],[117.1869861036808,8.200634657121636]]],[[[117.07512510486566,8.090093532607744],[117.07677050454065,8.082330266969004],[117.07887513543751,8.085750358785985],[117.07699343966185,8.088283158408801],[117.07512510486566,8.090093532607744]]],[[[117.00993301111053,8.178049281202146],[117.02345747621764,8.171828876272539],[117.02642281088328,8.173153180535929],[117.01342896608648,8.178570982197368],[117.00993301111053,8.178049281202146]]],[[[121.19428208085024,10.886342319350476],[121.19648931552372,10.884580965034225],[121.20243334625505,10.879109648758282],[121.21033490269177,10.884558681652441],[121.19800097191502,10.892531498600512],[121.19428208085024,10.886342319350476]]],[[[120.89408651744783,10.737470759988167],[120.89328384910753,10.73001512338674],[120.90249188363225,10.72272898042554],[120.90907356882735,10.73280650304831],[120.89893797672332,10.738826338116256],[120.89408651744783,10.737470759988167]]],[[[120.81628852903478,11.008713440667124],[120.81917357508833,11.002934414149685],[120.82549663661467,11.004303385720961],[120.83108386466976,11.008610829647221],[120.8269190792414,11.013145741930089],[120.81628852903478,11.008713440667124]]],[[[120.72058732720244,10.969682901330884],[120.7192005922712,10.962806918656234],[120.7265179230184,10.953108376992573],[120.73381298650153,10.966713144323643],[120.72934497851224,10.970530095880374],[120.72058732720244,10.969682901330884]]],[[[120.75222463829161,11.21524556230757],[120.75546192674413,11.212173285542955],[120.76195440109898,11.214496467455453],[120.75732141349337,11.21850517145918],[120.75258583189208,11.217987952074665],[120.75222463829161,11.21524556230757]]],[[[120.76746585036348,11.446427656198747],[120.77122038398429,11.430446292729354],[120.77802949351276,11.426526727378436],[120.77677201420892,11.433853015923859],[120.77145228772433,11.444024253052676],[120.76746585036348,11.446427656198747]]],[[[120.35362562129679,12.03854726017295],[120.35499452672003,12.034070339072997],[120.35841470410914,12.027689301354563],[120.35938676680793,12.0320324923623],[120.35749162924542,12.042511363331387],[120.35362562129679,12.03854726017295]]],[[[120.25405385072708,12.156267556920048],[120.25906145951893,12.145195549807372],[120.25693449250353,12.142194627410621],[120.26033672533018,12.14315774092914],[120.26560297466438,12.153600999892868],[120.25405385072708,12.156267556920048]]],[[[120.24788248209187,12.176511871685584],[120.25208746376175,12.163723142533245],[120.25437050168964,12.162942763203239],[120.25529351244857,12.180404647089846],[120.25380859316093,12.182866066775137],[120.24788248209187,12.176511871685584]]],[[[120.01167500186568,11.980324791042284],[120.02029444754166,11.979753975044524],[120.01806040075776,11.986536301786163],[120.01673607589179,11.984262192578836],[120.01073407700333,11.9824339352481],[120.01167500186568,11.980324791042284]]],[[[119.94522988838425,12.02111660962449],[119.94736587018832,12.023176760790662],[119.95073247949,12.022044145305411],[119.94985404211523,12.028420636152923],[119.94390555934443,12.023002845692515],[119.94522988838425,12.02111660962449]]],[[[119.74658141701906,10.53954461969998],[119.74828034750257,10.531888385849474],[119.75422436514084,10.535370913688386],[119.75441159436257,10.538853480537313],[119.75072395421273,10.53627611582764],[119.74658141701906,10.53954461969998]]],[[[119.73356081149218,10.53776988199859],[119.73377935148162,10.535500209779872],[119.73686061413741,10.537502394279503],[119.73982145382226,10.53830054489017],[119.73655733352184,10.539999437108255],[119.73356081149218,10.53776988199859]]],[[[119.7285487908844,11.067390752954516],[119.73881813684483,11.065615973677277],[119.73744030952271,11.07396341435647],[119.7327359591422,11.076567507777403],[119.72930685780902,11.076736985972554],[119.7285487908844,11.067390752954516]]],[[[119.62792922479453,10.71454207084393],[119.632548818711,10.70993135142202],[119.63656206657983,10.71614288773599],[119.63293235577072,10.720517255760958],[119.6262704074667,10.721966419583449],[119.62792922479453,10.71454207084393]]],[[[119.62251139922233,10.830518829552549],[119.62441541337066,10.826247020305662],[119.6321832327314,10.825413106236038],[119.63113086337722,10.830407359636359],[119.62563719170734,10.838170617396365],[119.62251139922233,10.830518829552549]]],[[[118.9960121578945,10.456030150476996],[118.99941892197239,10.44353126405769],[119.004564717548,10.4507951706729],[119.00148347774696,10.456070218685461],[119.002624984198,10.45871008343284],[118.9960121578945,10.456030150476996]]],[[[118.79369379721943,10.035951629729382],[118.79525897684363,10.033512441210608],[118.79854535903486,10.028750110351442],[118.79972249954444,10.033980685278868],[118.79725215733347,10.034908136625564],[118.79369379721943,10.035951629729382]]],[[[118.00106184024203,9.297096372774346],[117.99821691362655,9.29332841996075],[117.99984449349894,9.28911909148074],[118.00091467611578,9.28689844595017],[118.00213201553613,9.291616124437313],[118.00106184024203,9.297096372774346]]],[[[117.0975944666235,8.072921540990285],[117.10824723673475,8.073140039740235],[117.11055712132746,8.082352566519685],[117.10612477017298,8.092653032161298],[117.10025656595079,8.081902172734948],[117.0975944666235,8.072921540990285]]],[[[121.20972845336993,10.969896888133297],[121.22616019177343,10.956889731514076],[121.2267041910195,10.966824618252831],[121.23255455769456,10.972273621056987],[121.21675152622257,10.979943255205232],[121.21280522119844,10.97707159752189],[121.20972845336993,10.969896888133297]]],[[[120.92877831974326,11.255506794431358],[120.92394021669818,11.240497501045562],[120.92811834692185,11.231218053723442],[120.93658170002894,11.231980562014453],[120.94432714604244,11.243195272493276],[120.93967186482438,11.257049694873881],[120.92877831974326,11.255506794431358]]],[[[120.80801242533313,11.43192670433044],[120.8121639127052,11.418353153075294],[120.81543241515352,11.413292126031596],[120.81991827026964,11.421028653394727],[120.81365767778571,11.424386351024495],[120.81189185497209,11.436011262945776],[120.80801242533313,11.43192670433044]]],[[[120.25963223646879,11.816350276088519],[120.25651089079315,11.815583300802142],[120.26334662753301,11.807525715145282],[120.2656564934487,11.823814807433774],[120.26240580392717,11.821665494041769],[120.26200000124746,11.816889809151734],[120.25963223646879,11.816350276088519]]],[[[120.1560116328221,12.01225191834285],[120.1595611145089,12.004604581117023],[120.17713886262993,11.997327319983333],[120.18062136699916,12.003489816339075],[120.16971886914551,12.00990200758707],[120.16202246513026,12.0061920231013],[120.1560116328221,12.01225191834285]]],[[[120.1622677167554,11.960945499783566],[120.16455080796958,11.958693652411409],[120.16178619858955,11.956548815251631],[120.16653955046256,11.95720431821451],[120.1670924924045,11.959621169147328],[120.16476037786909,11.960990133005811],[120.1622677167554,11.960945499783566]]],[[[120.16471131088144,12.160262900357857],[120.16386413168841,12.154800509176408],[120.16844810216189,12.151424933851535],[120.17242561691857,12.15708802069622],[120.16971446473359,12.158367752427363],[120.16608473923607,12.15815816925568],[120.16471131088144,12.160262900357857]]],[[[119.92842357166867,11.586296284599667],[119.92729542899906,11.57719969902567],[119.93074671849902,11.576472930950501],[119.93480008541461,11.583286396112474],[119.94661226277886,11.578640021010767],[119.94287107551202,11.585141380707418],[119.92842357166867,11.586296284599667]]],[[[119.9619426467524,11.909536536883662],[119.96613421246856,11.90441749603408],[119.96810957021849,11.902696301515597],[119.97087419363992,11.903909150050414],[119.97849033553341,11.91726416183291],[119.96842619293587,11.918245140814138],[119.9619426467524,11.909536536883662]]],[[[119.94245186203023,11.945561595610695],[119.95343463596011,11.940941955945119],[119.9663838796506,11.943216121329039],[119.9567343952242,11.947260530866572],[119.95387613779135,11.951108736040565],[119.94983613096886,11.952120960323986],[119.94245186203023,11.945561595610695]]],[[[119.88528173628306,12.016425631668248],[119.89083334409155,12.01799525052978],[119.89150225478824,12.020750979465056],[119.89408403591983,12.020095460477249],[119.89239404238013,12.025125363900674],[119.8872437854875,12.023578069278708],[119.88528173628306,12.016425631668248]]],[[[119.72448654984825,11.026407114583586],[119.73382839700457,11.008231788084021],[119.74319701386383,11.012481336726191],[119.74477545787279,11.019959237770117],[119.73027003345071,11.027820633554766],[119.72783534877424,11.027249891895911],[119.72448654984825,11.026407114583586]]],[[[119.83517040508447,11.988199536772063],[119.85141492064628,11.989349966073425],[119.85102694934751,11.992734451781915],[119.85356860948882,11.991463580691763],[119.85245389075816,11.998714107795944],[119.83785920703565,11.999610414655045],[119.83517040508447,11.988199536772063]]],[[[119.70678845508766,10.958758124665133],[119.70669034511067,10.950803068323122],[119.71098440440433,10.937546125005563],[119.71413705108142,10.940208252993397],[119.71440007778067,10.95580174968986],[119.71302227553024,10.962151464613203],[119.70678845508766,10.958758124665133]]],[[[119.62194511613107,10.857942248393012],[119.6282413176499,10.85462473527664],[119.63144294918773,10.852609196521083],[119.63315971838455,10.850767610402375],[119.63546064996564,10.866628595922643],[119.6280540973937,10.866187154257048],[119.62194511613107,10.857942248393012]]],[[[118.68617597583525,9.712751517758608],[118.69300731833154,9.71664874259087],[118.69362711351305,9.719248408957442],[118.6908223988795,9.719654180930291],[118.68878454960837,9.718539430506524],[118.6882316561758,9.71544035057424],[118.68617597583525,9.712751517758608]]],[[[117.36945249984554,8.502212590156782],[117.3712004941211,8.500522549234049],[117.37346119965481,8.497811415234462],[117.38480073543627,8.503710803882251],[117.3795256006845,8.51101034695417],[117.37182475482594,8.507706162965935],[117.36945249984554,8.502212590156782]]],[[[117.13084153914293,8.132490699167288],[117.13582681366988,8.121070872089412],[117.14943597952298,8.111617624779939],[117.15625844327482,8.114908403518754],[117.13533628022323,8.126136435162215],[117.13358830212115,8.129788416911934],[117.13084153914293,8.132490699167288]]],[[[116.93192103781732,7.932776456040768],[116.93541253028617,7.9177224894445954],[116.94629714561215,7.923452476571233],[116.94624369060118,7.926061034225784],[116.93798989627857,7.92500871870833],[116.93829752138627,7.930707429856666],[116.93192103781732,7.932776456040768]]],[[[120.94102749196792,10.995594694113493],[120.93932855596391,10.983755780192658],[120.94158040279663,10.978186415128334],[120.94524574850676,10.973562342506549],[120.95971553674588,10.976817484620176],[120.96512445626325,10.982962086641683],[120.94980740187465,10.998337108409142],[120.94102749196792,10.995594694113493]]],[[[120.82261156306951,11.446338470739185],[120.83267572481175,11.41965973644949],[120.83543595193251,11.419472440771361],[120.84645433629996,11.42505523196573],[120.85259900872468,11.428774104325004],[120.83319748941605,11.445049799963977],[120.83140933667262,11.449825492852977],[120.82261156306951,11.446338470739185]]],[[[120.07486934787813,11.865204179097992],[120.07715692962246,11.86603351452291],[120.08119234356681,11.860526540700047],[120.08548651488172,11.86027236748198],[120.08933473085958,11.862394886404248],[120.07845448092792,11.86859753578575],[120.07611790990367,11.868196226090285],[120.07486934787813,11.865204179097992]]],[[[120.0602970558087,11.99461175846632],[120.0665085140589,11.961922026206672],[120.07318830174701,11.963183995867253],[120.07976541813025,11.958658016092816],[120.0822625276922,11.958283419997422],[120.08122804295243,11.971905958035954],[120.06515301633783,11.993978533124002],[120.0602970558087,11.99461175846632]]],[[[119.92246621311762,11.744304518602277],[119.9270323649811,11.740059475381946],[119.92955170503038,11.727547223205171],[119.93199978594129,11.735497800383751],[119.93600405359275,11.736420869849768],[119.93398410945133,11.745981193626879],[119.93170990481141,11.748340045481052],[119.92246621311762,11.744304518602277]]],[[[119.88174120248924,11.491090013777029],[119.88604874576068,11.486171679796588],[119.89200609827671,11.486902913165721],[119.89651421475556,11.485721275861296],[119.898922196028,11.489016575372636],[119.89813292724926,11.503686970049912],[119.88962491838325,11.50213966313772],[119.88174120248924,11.491090013777029]]],[[[119.86934049437545,11.477837579891471],[119.87935119353413,11.472549068986819],[119.87436147240803,11.479893261766152],[119.8770725513631,11.482711421893383],[119.87269816239866,11.487745713592],[119.87298357761951,11.481783872733576],[119.86992908317488,11.48016970848608],[119.86934049437545,11.477837579891471]]],[[[119.89426242585539,12.360039518308959],[119.89939035331072,12.36000827615392],[119.90154408572157,12.36283092193841],[119.90322522861904,12.360761902503212],[119.90846905814573,12.365154095286671],[119.9146538412915,12.368030207445578],[119.90175371116379,12.368114915064734],[119.89426242585539,12.360039518308959]]],[[[119.86221931525805,12.125588912515958],[119.86724920486985,12.120028397943772],[119.87485196007353,12.123181016268866],[119.87122667113407,12.168579102196432],[119.86909965515534,12.16605521951756],[119.86632608926942,12.137022079299966],[119.86722686865299,12.127845191450364],[119.86221931525805,12.125588912515958]]],[[[119.85493310125071,12.159103483291672],[119.85252964776976,12.149462963736896],[119.86148351562039,12.156347785705206],[119.86086822730681,12.161596102770845],[119.85896416230233,12.160062204878333],[119.8593253592567,12.157315382409966],[119.85729201379229,12.158514877312045],[119.85493310125071,12.159103483291672]]],[[[119.69766959136314,11.336145167529647],[119.70001057394613,11.33567250116454],[119.70562014642553,11.337861924819737],[119.71366879870149,11.342075818235303],[119.70383204437609,11.34758275268562],[119.69931051074273,11.351368546231047],[119.70045650885366,11.341513959299926],[119.69766959136314,11.336145167529647]]],[[[119.62567292071645,11.262734999908199],[119.62076788038038,11.233313880061715],[119.62552133768021,11.23232393505004],[119.62676539273423,11.243088220886747],[119.63088112348642,11.247542820239426],[119.63034158123638,11.250008758079654],[119.63416299246393,11.257125507304565],[119.62567292071645,11.262734999908199]]],[[[119.52580685033612,11.367702233118905],[119.52846899425437,11.364554108095339],[119.53337844551879,11.366346700103227],[119.54165898082137,11.370614077680111],[119.53674060949415,11.374631700668505],[119.53399375228081,11.374631660419741],[119.53109984949103,11.368594094209328],[119.52580685033612,11.367702233118905]]],[[[119.39531132604088,10.357006837032374],[119.39882949402134,10.355945634244534],[119.39712613660166,10.353568935237462],[119.39796887140334,10.349297050269561],[119.40651251395352,10.350666015165167],[119.4095670087365,10.357662353013552],[119.40408231767992,10.362959774682018],[119.39531132604088,10.357006837032374]]],[[[119.13226894602691,10.505994361312222],[119.13142168596151,10.496242303217155],[119.13313394857785,10.493491021437183],[119.13648725082994,10.499528626651516],[119.15084109870728,10.49344643497047],[119.14450026811923,10.501798300078075],[119.13702231705086,10.506645386591769],[119.13226894602691,10.505994361312222]]],[[[120.95859184353135,10.8187557058225],[120.96823691822884,10.814234180480765],[120.96879872154831,10.809266736843554],[120.98342902735286,10.812290010642368],[120.98649244494446,10.82453024688425],[120.98012929668997,10.828739636840632],[120.96526714315168,10.824686274570347],[120.96362614628077,10.82661264948164],[120.95859184353135,10.8187557058225]]],[[[120.30605148997641,11.840884242643657],[120.30617635791072,11.834369504204703],[120.3125706862855,11.826860368269243],[120.31558502047756,11.834137560948214],[120.32036960632385,11.841998990162079],[120.32020462959134,11.845316602082825],[120.32088239667132,11.848344314263631],[120.31595510908417,11.851108953953984],[120.30605148997641,11.840884242643657]],[[120.31829167616122,11.843345620819795],[120.32020462959134,11.845316602082825],[120.31785912183906,11.84568220801312],[120.31829167616122,11.843345620819795]]],[[[120.16239703747327,11.436011218931581],[120.17282693814312,11.436702364503063],[120.1842600314856,11.448545728957722],[120.19847568198772,11.449268158298286],[120.19842213593861,11.45370493521218],[120.18861659117059,11.458172979993241],[120.18444288251015,11.463037807339655],[120.17663942929028,11.456692559101723],[120.16239703747327,11.436011218931581]]],[[[120.17881542987398,12.161114535147764],[120.18050994448154,12.159313107722166],[120.17700955625943,12.156570737424492],[120.18100046710144,12.156945263882536],[120.1975169578386,12.14699702928471],[120.20006311875497,12.148834160821934],[120.19876992066392,12.156298705418477],[120.1814953919293,12.16346006014824],[120.17881542987398,12.161114535147764]]],[[[120.03915639753822,11.687816647655374],[120.04024446248903,11.683116753915167],[120.04356644506868,11.677391302866068],[120.03782319740357,11.6752241647752],[120.03921441613386,11.670658023853163],[120.04127000416754,11.672027004370442],[120.04691973402497,11.67472921179339],[120.04682609840698,11.684953949237801],[120.03915639753822,11.687816647655374]]],[[[119.95095544074773,11.656821456057992],[119.95518263603232,11.6441664789559],[119.96168847197241,11.634922821406489],[119.96763247335328,11.635859198792838],[119.96963012887392,11.633223865591798],[119.97218961522675,11.634588343233336],[119.96598255928177,11.654939741358914],[119.96222805243943,11.648277819942008],[119.95095544074773,11.656821456057992]]],[[[119.68892521195139,10.708424150934714],[119.69332191102272,10.687693839325442],[119.69409784723267,10.683916938195797],[119.69866842950796,10.691220962308508],[119.70166932089928,10.702150249062251],[119.69647009228717,10.71356107258279],[119.69867726875192,10.72553820581289],[119.69778105498033,10.72773206425834],[119.68892521195139,10.708424150934714]]],[[[119.01189100672644,10.432508390797857],[119.02025628799375,10.418395337922364],[119.02271768027188,10.41790032159469],[119.02580337816708,10.426051563340847],[119.02813104145595,10.42698802898389],[119.02559834177627,10.435946315077933],[119.01870002620622,10.436748969183032],[119.01618510933562,10.44284456628507],[119.01189100672644,10.432508390797857]]],[[[117.43434576589215,8.51081861624937],[117.4324284029028,8.505400846733037],[117.44012032670565,8.501739882095348],[117.4525077512583,8.507104205232604],[117.45138843265993,8.511862084980226],[117.44340218996184,8.511104015211941],[117.44061970332965,8.509793022804491],[117.43574597658537,8.5084508409987],[117.43434576589215,8.51081861624937]]],[[[120.13751528566986,12.199177461250597],[120.15056710724086,12.183369908601879],[120.14754380172744,12.175570956588126],[120.15881195279506,12.169707265978408],[120.16299906428243,12.171129722635586],[120.17463286864674,12.159995353262715],[120.17881542987398,12.161114535147764],[120.15551220819079,12.18442232046143],[120.14032894634009,12.198731516201477],[120.13751528566986,12.199177461250597]]],[[[119.93604861538928,11.993737716619627],[119.93874197397004,11.988520558883204],[119.93692264135056,11.987022357520907],[119.9461083555373,11.987289899548317],[119.94615291403589,11.984467270201156],[119.96067626759573,11.986933126711882],[119.96151008175322,11.991539414984224],[119.94515859429725,11.995151307453515],[119.94473047605096,11.992074477498072],[119.93604861538928,11.993737716619627]]],[[[119.69828489417796,11.052229748227685],[119.69986340185751,11.02819072817405],[119.7083312475614,11.028770463517976],[119.71811898921375,11.034192710576175],[119.72228826328497,11.031356715399626],[119.72518666426987,11.032667658217473],[119.72524905753384,11.042874548998398],[119.71756608157935,11.041523447139944],[119.71422622920772,11.051997858182785],[119.70834468228821,11.0569073648135],[119.69828489417796,11.052229748227685]]],[[[119.6951724649669,11.228047659816731],[119.69818235862786,11.229456743645779],[119.71177818510756,11.242856357450693],[119.71797183609996,11.245206263143245],[119.7301139674554,11.252608424898192],[119.72830355385385,11.255894732885444],[119.72108429041349,11.255426524656647],[119.70961549557327,11.25988566327564],[119.708777156065,11.248782489614516],[119.70156678781736,11.245259819243277],[119.6951724649669,11.228047659816731]]],[[[119.66962179829993,11.503365965941295],[119.67581102828471,11.4954287166153],[119.68237481448301,11.48710362788363],[119.68901891439715,11.50156001789624],[119.68268254385643,11.503178636871809],[119.67769275427139,11.502157518001692],[119.67582888645532,11.507535162060096],[119.6789190231686,11.511749089335268],[119.67277439914471,11.515142403065015],[119.67252915321403,11.504342470397845],[119.66962179829993,11.503365965941295]]],[[[119.63791311414492,11.426147693387236],[119.64292066778711,11.409519729084279],[119.64922584099875,11.400133325869566],[119.65654322119275,11.399870212185371],[119.66384722572789,11.415231794895552],[119.66726298192899,11.418540430510046],[119.66293319588482,11.417849302543214],[119.65019796486158,11.411071505593313],[119.6446553368815,11.420208176448035],[119.64352710139305,11.427824301813672],[119.63791311414492,11.426147693387236]]],[[[117.43066706169212,8.511228852126301],[117.42760358793299,8.50942740989857],[117.42294384290396,8.513355844106773],[117.42236868307701,8.51076513567623],[117.42248905716863,8.508299210809541],[117.42495496193713,8.507273647055833],[117.42294832442938,8.505721862232487],[117.42545876919998,8.504040766229787],[117.42702396038634,8.50587345292381],[117.4301363796994,8.508410740956476],[117.43066706169212,8.511228852126301]]],[[[119.69851674799524,10.51966597267537],[119.70149545656885,10.51754787798005],[119.70374285964945,10.516375147426269],[119.70937473311022,10.511260506785014],[119.71774885243875,10.517356145618393],[119.71127430590509,10.518747349912571],[119.71147493860546,10.52357660466272],[119.70873702877695,10.525672371173156],[119.70513409958356,10.52292553615606],[119.70410401766763,10.525556462255429],[119.7020395000589,10.526622118483557],[119.69851674799524,10.51966597267537]]],[[[119.84633156254216,11.946685286954784],[119.86182245717013,11.92903176378023],[119.86827031042515,11.932755107137204],[119.87176175266075,11.931024942742052],[119.87060683560273,11.933201015670598],[119.87612725513422,11.936487315139544],[119.87083875559057,11.945579417973759],[119.86049361435117,11.93884622577713],[119.8556777651273,11.942961945721827],[119.85844245131814,11.947398793492248],[119.85149067822826,11.954956951772878],[119.84633156254216,11.946685286954784]]],[[[119.67028620291678,11.032962032447697],[119.6729482989389,11.033242888690015],[119.67575303341802,11.030121572598006],[119.68554967235778,11.046111899875006],[119.6887959731927,11.047008187297038],[119.69618024863993,11.063649517768486],[119.68315965124019,11.072019268203736],[119.68625422403225,11.064028525144506],[119.68017206783017,11.059417815892765],[119.67211893556376,11.054642107890084],[119.67266291573736,11.045777451561094],[119.67028620291678,11.032962032447697]]],[[[120.93819591880155,11.151645458632382],[120.94077331849961,11.140707285898996],[120.94840284443829,11.13458043818421],[120.96145463199345,11.132828039476987],[120.97026134128036,11.136644992596407],[120.97815834313131,11.147364719579771],[120.98763846059119,11.154985297955951],[120.98676892855612,11.157263923024903],[120.9873396608549,11.167653575722072],[120.98000448283473,11.173267620430684],[120.95882374398636,11.160893610004603],[120.94263718658333,11.157321893793627],[120.93819591880155,11.151645458632382]]],[[[120.67155502052131,11.30537737224839],[120.67462294836136,11.303825657136883],[120.67607659910306,11.308619196237142],[120.68741611079906,11.296851557909271],[120.67755251951985,11.299522598506307],[120.67826603714981,11.296619707743131],[120.68605155615617,11.2923078109442],[120.69826955053159,11.299460142854947],[120.69803321188601,11.303442139102815],[120.69370789019501,11.304668416113701],[120.6963744424156,11.317225231578602],[120.68042420145855,11.319633181795115],[120.67155502052131,11.30537737224839]]],[[[120.07918575839578,11.389311036555473],[120.08052798067604,11.383942324351104],[120.08674396876742,11.386644474740859],[120.09464099624118,11.384102830509896],[120.08979844140931,11.373757723300189],[120.09069024898065,11.365860666487807],[120.10987774631533,11.365726868514642],[120.11100595339776,11.373427757172633],[120.11375275680878,11.374328470355183],[120.10816550072404,11.385739280462749],[120.098306421227,11.384241085104135],[120.08961114167488,11.392133687932347],[120.07918575839578,11.389311036555473]]],[[[120.11404700661885,11.80222377800921],[120.11686072120702,11.800587345928811],[120.11825640883129,11.802504774995036],[120.12207786408399,11.799994252811295],[120.12483360426891,11.802763337982276],[120.12400423581644,11.809897901430544],[120.13197263931644,11.811463059647652],[120.12984116374687,11.823529385580455],[120.12715231912901,11.82150946262135],[120.12715681306493,11.812805248502535],[120.12150261718774,11.810798644717076],[120.11518407909027,11.806549132759002],[120.11404700661885,11.80222377800921]]],[[[119.82197589457495,11.939087033424833],[119.82789760016887,11.938877403967448],[119.83096097265447,11.947046477043985],[119.83527292826291,11.945155827881615],[119.84467718583863,11.959335788317752],[119.84842731926173,11.968146982415584],[119.85640017530494,11.976583580738914],[119.86135426027485,11.974233599644693],[119.86264733800623,11.977127580804252],[119.87863773152972,11.980547685730379],[119.84523011860054,11.97965142749572],[119.83146936458806,11.955670426879706],[119.82197589457495,11.939087033424833]]],[[[120.34718668174804,12.306887031027612],[120.35067365553368,12.297014566271855],[120.35529334061968,12.291703785301348],[120.35661763122403,12.289634767431753],[120.36469757876105,12.277171559165936],[120.36200868738595,12.27134354149432],[120.36912986204167,12.260597136854386],[120.3749490710585,12.262942626162637],[120.36676658868865,12.294575450296984],[120.3644522648089,12.29870014421931],[120.36227625963924,12.300813722462689],[120.35747825894957,12.305317414298662],[120.35286313771918,12.304291822747153],[120.34718668174804,12.306887031027612]]],[[[120.03480431453588,11.930859971031836],[120.03661916175722,11.92593262954619],[120.04375821749665,11.922351958244795],[120.04431113776124,11.919453598589788],[120.05473649166655,11.918191661288592],[120.05745209139857,11.914887492222801],[120.06445736635929,11.917883949101734],[120.06903240454025,11.91766994346897],[120.06731117455138,11.924808993426634],[120.0533274474639,11.932447405282849],[120.0521814751049,11.928144369111966],[120.04402132000702,11.93397241936726],[120.03771165592222,11.928612590428548],[120.03480431453588,11.930859971031836]]],[[[119.66384722572789,11.31129910778358],[119.65647195557663,11.294965366874335],[119.66522064656337,11.269695693760745],[119.67557913708178,11.26366696431351],[119.68086762922763,11.2735483370983],[119.67892353181546,11.281307165098688],[119.69057516146441,11.298777923401495],[119.69577885088569,11.314228682516113],[119.6913955765228,11.325166894105731],[119.68443935541407,11.32204553905464],[119.6814740767551,11.319851650179489],[119.67695704085703,11.307691664300448],[119.664770267854,11.30907846469984],[119.66384722572789,11.31129910778358]],[[119.67598050400085,11.305288213504053],[119.67168634915039,11.302327388619748],[119.67604291910632,11.301029745818736],[119.67882982265475,11.306220174070456],[119.67695704085703,11.307691664300448],[119.67598050400085,11.305288213504053]]],[[[119.05625911168343,10.490989452566856],[119.06074497507905,10.488808957755454],[119.07073781650148,10.489357438125733],[119.07373874588113,10.485776806514298],[119.07741754457336,10.486088940716002],[119.08156005919469,10.500897612415201],[119.07652124393148,10.504010041383653],[119.07715887223463,10.510703151559534],[119.06888725092686,10.511786754353315],[119.05649091884882,10.503818300451373],[119.0576458655074,10.5017135958004],[119.06013852828511,10.500219785720502],[119.06266231121444,10.496777362776742],[119.05625911168343,10.490989452566856]]],[[[119.62982874446925,10.817966436143104],[119.63292784565685,10.810417175122861],[119.63474717857754,10.808562218290023],[119.62558368661497,10.809404949924403],[119.62112907372592,10.807121875982839],[119.62466065426706,10.80581541251891],[119.63011412566853,10.802618193452787],[119.62950330131001,10.799077673525503],[119.63829212674557,10.801717470714433],[119.63964324624307,10.803728522115648],[119.6392598157743,10.822501342140436],[119.63739146168635,10.821003067245382],[119.63645055461677,10.81828302677915],[119.63439044153671,10.819750077055563],[119.62982874446925,10.817966436143104]]],[[[119.41387894019407,11.206456682948911],[119.41880627549071,11.200347758646016],[119.41669716185496,11.187523341389449],[119.4332180885383,11.193400415567158],[119.43248678537941,11.207745390406211],[119.42484835296746,11.209341758433354],[119.42269911918848,11.215089510840363],[119.43328946522992,11.220806109754589],[119.43630381438663,11.224168226363437],[119.43352130640078,11.23081678195423],[119.43340981369133,11.235044023099126],[119.42420176178426,11.22526963302577],[119.41590342436005,11.222745777888049],[119.41564029083523,11.208325101027889],[119.41387894019407,11.206456682948911]]],[[[120.16859970338113,11.779794540955196],[120.17315690854882,11.777712101849131],[120.1768089021191,11.7790052800315],[120.1859500726818,11.770885227590467],[120.17811984289261,11.770408139549957],[120.18410844814755,11.765315836213892],[120.1850537933536,11.758529093960151],[120.1897670309109,11.756531394562009],[120.19039130455153,11.753583942438496],[120.19539886270589,11.755153573751816],[120.19718246839373,11.750868367358535],[120.197904904649,11.763768550579986],[120.19004798964288,11.769288853701784],[120.18915164993982,11.778211523241389],[120.17490927902085,11.7831032137353],[120.16859970338113,11.779794540955196]]],[[[120.08182999486688,11.992128005288002],[120.0822982267932,11.98526545795362],[120.08979394621873,11.973743118308818],[120.08996344124098,11.976886825550485],[120.09879248705545,11.960267720937452],[120.10252028451748,11.970175884313896],[120.10009899505866,11.972111127188125],[120.10574422521717,11.973948221460004],[120.10742080938329,11.971825713334773],[120.11079189265402,11.979152000351542],[120.1070417643061,11.982821901800882],[120.10715324826374,11.979704959764039],[120.10424150359808,11.98508708393843],[120.10569513651868,11.99085714233226],[120.10318912132908,11.995320709177546],[120.0996976312333,11.994370976478152],[120.0958494482623,11.997964938379667],[120.09114505269338,11.996671810445227],[120.0840640423289,11.990652063048326],[120.08182999486688,11.992128005288002]]],[[[119.93777874899038,11.980106242679101],[119.9368646672626,11.977283680511082],[119.94612176720574,11.968704328511292],[119.93814882725508,11.95980401530425],[119.9448509175318,11.962666762557781],[119.94462794629634,11.957467388705298],[119.95387163807966,11.955781840604873],[119.9531537115885,11.958229926525348],[119.95549920057701,11.960423810233822],[119.95366650400658,11.961908658566298],[119.94998780212889,11.964503839049215],[119.95421943888651,11.96614040583925],[119.96324915586302,11.964963162751392],[119.9731795914824,11.963634323220482],[119.97065567592536,11.969921691440739],[119.95796066774888,11.968931755599753],[119.96402499172405,11.972365251900966],[119.95541008967305,11.978282493384981],[119.94890421871989,11.977769673649053],[119.93777874899038,11.980106242679101]]],[[[119.66766428409342,11.12186306505207],[119.67016578810053,11.112748708313223],[119.67831256464774,11.112494509863827],[119.67338079307449,11.104998742862115],[119.6762658804898,11.100597627112862],[119.68414957539585,11.104646501958035],[119.68463560633862,11.092687225992183],[119.68482734853194,11.087661816025726],[119.68162126807186,11.083519252473414],[119.68946037583571,11.083117928162055],[119.69418694968147,11.08664067409791],[119.6952304518383,11.092111967766831],[119.69844992322092,11.097413861318],[119.69641652561967,11.104356642153903],[119.69065542639616,11.109306293567576],[119.69012477534316,11.120766124725103],[119.68637020509927,11.12398113838075],[119.68461332922041,11.120382683999745],[119.67544537732392,11.12526983157811],[119.66766428409342,11.12186306505207]]],[[[119.97674686906436,11.955211074607458],[119.98711427282849,11.952865626240952],[119.98342659552102,11.948468945717625],[119.99415962262485,11.942337675881694],[119.99721416387553,11.950832286398827],[120.00685027848643,11.946886002217003],[120.00876762964097,11.942168266134395],[120.01184891658951,11.942458085459972],[120.00958368627357,11.946110062508737],[120.01150108691843,11.95192471635837],[120.02247942653358,11.953387350165228],[120.02225640632207,11.956366025764337],[120.02021860713961,11.958974590840496],[120.0184350226332,11.95496589258951],[120.00278803258271,11.960735961865627],[120.00028195445395,11.959371474726241],[120.00152159310595,11.96574351682651],[119.99344614258219,11.970068868038528],[119.98376549976663,11.963063548302202],[119.99212625194492,11.957373759930473],[119.97674686906436,11.955211074607458]]],[[[120.13865233455864,11.768477358908038],[120.13587881696851,11.762970343748863],[120.14571107216604,11.755269476165006],[120.14041370591127,11.75152383754186],[120.15628808191799,11.751568398059819],[120.15979738500216,11.747524048420004],[120.16462665486921,11.748290991671695],[120.17047695435048,11.742561004112478],[120.17934612408729,11.745267727321691],[120.1828688228787,11.755612806341759],[120.17950220503548,11.756299498796396],[120.17574317515579,11.753664215818619],[120.17580113457423,11.759617088787023],[120.16380167436257,11.76027255750971],[120.16615160001946,11.764036086728689],[120.16030128636737,11.767531969184782],[120.15940051728604,11.763398462238424],[120.15691682968318,11.76390673004871],[120.15208763235177,11.768588784849683],[120.1479941830964,11.7648565814289],[120.15030844268614,11.76037957688458],[120.13865233455864,11.768477358908038]],[[120.17135536233383,11.753075627277823],[120.1733307901146,11.750502720551124],[120.17574317515579,11.753664215818619],[120.17135536233383,11.753075627277823]]],[[[120.0695005929165,11.846284229268038],[120.0856113264769,11.834387342779447],[120.08294927095557,11.829816761225766],[120.09197444851605,11.819801606067214],[120.0940747096366,11.817790573528397],[120.10084813380823,11.815471828268175],[120.11635242574413,11.808894640915394],[120.11257108041673,11.813469629638151],[120.11170153829131,11.816809508167523],[120.11518407909027,11.820523945958884],[120.11513508197935,11.828363038431968],[120.10542757194986,11.825473534501848],[120.09609914018509,11.82408675543007],[120.0967368087629,11.831221367735225],[120.09900198396846,11.835876669581172],[120.10098183260092,11.840960012190518],[120.09819043499539,11.84528538440598],[120.0890002342292,11.848308659399837],[120.0816739759594,11.843341181564488],[120.07448589138298,11.845530590030812],[120.07204232222054,11.851113366080094],[120.0695005929165,11.846284229268038]]],[[[119.55894689373645,11.159970564591829],[119.55908518720925,11.150013363212508],[119.56297345300317,11.14231702482864],[119.56308493405736,11.138268121185057],[119.57648901233895,11.14196915457139],[119.58008309625744,11.15009814206787],[119.58828334817008,11.149139414309799],[119.59379925085155,11.140827637393999],[119.59494521908009,11.157232647119333],[119.5952886096944,11.167341440507155],[119.60154468436042,11.163734069337536],[119.61013296029017,11.154793546043827],[119.62608318460973,11.164951351802847],[119.62945864125298,11.177985337758892],[119.62782221631825,11.18623021296247],[119.6247900401156,11.187960338157103],[119.61873451450772,11.191768454084297],[119.61518067541887,11.188705018746237],[119.59779015260744,11.196339022879574],[119.59139582787999,11.188116423855629],[119.59359411670076,11.169816257238608],[119.57796943978822,11.177833748232628],[119.56299574922097,11.175523928517519],[119.55894689373645,11.159970564591829]]],[[[116.99248901247624,8.096461110464366],[116.99567277542889,8.090637557254327],[117.0028786842091,8.09567183754163],[117.00579050993578,8.095511340961068],[117.01267984418446,8.09282695133492],[117.01177911609109,8.082232136416375],[117.00835453584469,8.084965577053664],[117.00758303210425,8.082811806579207],[117.00937562882136,8.07686782821906],[117.01964493132408,8.082374808201346],[117.01566293395571,8.072520181015113],[117.02626223718504,8.076774219037537],[117.02955747581856,8.08063580770888],[117.03011489435313,8.077844353888647],[117.03421282250814,8.078089612572677],[117.04248000838255,8.083039245137249],[117.05175042346345,8.107154057228328],[117.048446285186,8.11990705723883],[117.02970915631091,8.129610089322677],[117.00849275955719,8.11661627183595],[117.00758303210425,8.104068325892632],[117.00535795996181,8.107292294028937],[117.00234364757203,8.109503988089065],[116.99248901247624,8.096461110464366]]],[[[120.03756449156585,11.85548777652047],[120.05079021382578,11.84531658851653],[120.05246686704017,11.846895110009783],[120.04538575927556,11.854676218582862],[120.04919835701655,11.857427501478156],[120.06109516904922,11.851108976974428],[120.06344513676166,11.854123273025822],[120.06244629970767,11.85684776700833],[120.06468481282587,11.857387312317698],[120.06810043065859,11.857057375465823],[120.06658882440185,11.859041665564506],[120.07403103122495,11.86140949287422],[120.06656652087564,11.863897605431095],[120.06523773534558,11.86152093911924],[120.06233927471504,11.869854989368058],[120.06020783750958,11.868940920101691],[120.05951665816883,11.866769331431936],[120.05543210372367,11.864758265457425],[120.05308666888277,11.867759193386524],[120.05603857928874,11.872900574112302],[120.04845369131944,11.874880416070493],[120.05213686327416,11.865342411177139],[120.04444938951583,11.862430626543308],[120.0389513042478,11.860664759055055],[120.03756449156585,11.85548777652047]]],[[[120.13079544163912,11.984346856095494],[120.13289562199954,11.982790630339762],[120.13527684378286,11.977631472844934],[120.13055013207342,11.974634964583906],[120.14255408749098,11.970300710371987],[120.1482260689977,11.974099890692006],[120.15722895599067,11.973805590503725],[120.15501278168536,11.972418773965998],[120.1540362120066,11.97015353050143],[120.16162560405323,11.967941839935122],[120.16467122921743,11.970189201142617],[120.16196899246374,11.974153358449104],[120.17605085305564,11.98230014951698],[120.18042071831897,11.98124331355088],[120.17200200854242,11.975722990943247],[120.18115205399069,11.973555872225663],[120.18171391928232,11.971254925184423],[120.18599904374416,11.97083132199603],[120.18549964375296,11.965743481612684],[120.19781569019366,11.970015336616825],[120.19912668748438,11.975664969603907],[120.19483705540738,11.97232962668983],[120.19243356069768,11.973426504047339],[120.19663405535641,11.976601448598725],[120.18209292818308,11.992038786533035],[120.16445716649955,11.982344755426645],[120.14806995133046,11.982723764851775],[120.13984294343413,11.99092847322982],[120.13315872596556,11.991548323876522],[120.13613742141828,11.985555317366599],[120.13383648503175,11.985760389543657],[120.13079544163912,11.984346856095494]]],[[[119.11978344809985,10.584844603327058],[119.11919480808601,10.577571819797399],[119.12847425235128,10.575364554383343],[119.13545713210289,10.571164100862948],[119.1272836379415,10.565081915301153],[119.12750211465713,10.561541344475742],[119.12971384086663,10.559151288379397],[119.1244789084333,10.55147714247373],[119.13020882154495,10.55522279015201],[119.13221987464237,10.552984326816123],[119.1367325119332,10.55467877479031],[119.15060473311085,10.561305003250883],[119.15352990874416,10.568729422376359],[119.1659351669426,10.563061898213158],[119.17415322961648,10.56987992489338],[119.18257203092864,10.568176547067967],[119.18707570920087,10.563182356452863],[119.19881651808599,10.566223443499469],[119.19286364793106,10.570566591023182],[119.18752606072789,10.570236623659728],[119.17838943514465,10.575877379188688],[119.16457060661058,10.570432848236992],[119.15869800324148,10.575574155719483],[119.15914391498707,10.5799842517027],[119.15645059150926,10.58299859291708],[119.16293863618715,10.587413096648293],[119.15856421171625,10.591595740296215],[119.14575773711813,10.583716467805669],[119.14209674474684,10.579065620510242],[119.1385384164545,10.582994071218206],[119.13667900529376,10.586218011156408],[119.12967373121042,10.581433459002561],[119.1283448709902,10.586574775885994],[119.12972724032906,10.588688402995485],[119.11978344809985,10.584844603327058]]],[[[120.1936152330028,11.934543160282672],[120.20395144378415,11.926467735280331],[120.21430542768458,11.904475469149519],[120.22770057578626,11.885519823643142],[120.2343491272322,11.858479811868225],[120.2436686502583,11.834106371608001],[120.25651089079315,11.815583300802142],[120.25641273683556,11.817946593840714],[120.25963223646879,11.816350276088519],[120.2585219304172,11.82675334030141],[120.25236388829147,11.833959234233564],[120.25420993148859,11.843033540153728],[120.24737416012357,11.844933053113282],[120.24905969682163,11.849200441921768],[120.2573358212943,11.85710194897809],[120.25762561530787,11.892119321839285],[120.24990245707802,11.911057128018475],[120.25284991867599,11.919738940183546],[120.25798680057363,11.920719988831472],[120.26109481908595,11.913745913783918],[120.26669992933829,11.919975328901499],[120.26996838096419,11.925201387004165],[120.27575636519651,11.927537895154908],[120.27209989010451,11.95306631709994],[120.26640117690259,11.958595560037935],[120.27221132335212,11.967741195792959],[120.2455147273525,11.987419215597741],[120.24534076458926,11.975847861741903],[120.23418413035489,11.966635347805017],[120.23163352002975,11.967696613986584],[120.22935044027174,11.96246158136346],[120.22759799787569,11.964049077870024],[120.22528825681091,11.962390260196713],[120.21408695410506,11.9556481025342],[120.21252627965639,11.953984870755699],[120.21009607129321,11.951246961013068],[120.2107782812665,11.948834638034329],[120.20955651794155,11.946921673451103],[120.20355902333846,11.94301103745026],[120.20144983157554,11.943969738266127],[120.19330310414328,11.952852267335532],[120.19361074131166,11.94181151456831],[120.1936152330028,11.934543160282672]]],[[[121.00135016011019,10.835655665846556],[121.0005074178014,10.82891795637199],[121.00377150201436,10.828677184040302],[121.00811463914033,10.817297575169277],[121.01386239885062,10.80782198736033],[121.01739851130942,10.802150025376756],[121.03783456889471,10.798725402722631],[121.04353323658086,10.803706216287011],[121.04112091513011,10.80840613252125],[121.04599467324586,10.809966793833684],[121.05667422552324,10.804936975969184],[121.06544085174077,10.809043756194313],[121.06404069754316,10.820771179793141],[121.05975992760062,10.833510835288946],[121.06088810426988,10.8433030468195],[121.07126887958003,10.84487261607276],[121.07331562806456,10.848529145784909],[121.07871115588999,10.848769919930614],[121.08156497748058,10.857955621197966],[121.07574584515203,10.869072220650928],[121.07379718000726,10.870396517837175],[121.0618378357371,10.871729808107629],[121.0633852224524,10.873433191881174],[121.06000073096754,10.874052975623334],[121.06206971322388,10.879769605900021],[121.06128048824795,10.882079359468051],[121.0670639361201,10.888946432340383],[121.07721731520242,10.891501447392146],[121.08020043034765,10.897944868977886],[121.07569232090897,10.905404983642464],[121.05956819424453,10.906015833306258],[121.05189852199419,10.90460677657405],[121.05069459423092,10.896152286141078],[121.0548192848634,10.884576458305316],[121.04655209151818,10.872211438267744],[121.03942644368125,10.874374041839708],[121.02705692947738,10.867449108387273],[121.02344497834243,10.868068903272889],[121.01925787764388,10.861357990139291],[121.01239978027414,10.860559757676736],[121.0070265723967,10.856649147108396],[121.0081814944583,10.846402158963047],[121.0089529531505,10.844235009508862],[121.00135016011019,10.835655665846556]],[[121.00493529358678,10.833573298658084],[121.00223306421694,10.830661527694428],[121.00377150201436,10.828677184040302],[121.00627304062523,10.827089786388994],[121.00493529358678,10.833573298658084]]],[[[119.5662420237362,11.065268196658115],[119.56149304714711,11.054637702803742],[119.56899330555454,11.045835440513265],[119.57626164761446,11.042419716340879],[119.59411584152917,11.034326482450522],[119.6063561003594,11.04254902442839],[119.60551334478379,11.03751916488727],[119.59775892781997,11.027923243870804],[119.59725508441035,11.016387512021252],[119.5983832453583,11.01427837077307],[119.59956933499433,11.009868317648799],[119.602953824456,11.012623996739967],[119.61089095596921,11.005431479954657],[119.61951935066423,11.015678514170965],[119.62343444554747,11.026273369990808],[119.62846426596518,11.026366958173984],[119.62822796373334,11.023553265733751],[119.63088112348639,11.02148424919515],[119.63233923034743,11.012267325581055],[119.62987782618525,11.0094313368162],[119.63337381563505,11.001119535030844],[119.64014711616204,11.013489089202674],[119.64248816885913,11.023901084134526],[119.63911266875057,11.034705536794013],[119.63481854356444,11.031151560108908],[119.62936056594974,11.034732256348788],[119.6273807391726,11.033015514415196],[119.62256490547287,11.035615125711619],[119.62524930144018,11.038098908452659],[119.62336307483272,11.039409819378443],[119.62773298356845,11.044239047197824],[119.62561490529114,11.046646980280556],[119.62374654828864,11.044042831989673],[119.62238652174585,11.048729347542233],[119.62454471100394,11.050731515340487],[119.62182023815649,11.050999060296062],[119.62016594839045,11.059538209740303],[119.61634893619902,11.06341319138284],[119.61464558418669,11.081798077202668],[119.61009722737194,11.086654019719358],[119.60698931361141,11.077816113388604],[119.6043985080545,11.07780721117148],[119.6032035249962,11.084121273676724],[119.60084908711937,11.08536979625286],[119.60145110090104,11.082493680907893],[119.58659779505415,11.088232541811493],[119.58582640060689,11.09928220619912],[119.58142079142867,11.095398290436563],[119.58076083624843,11.089726336666912],[119.5662420237362,11.065268196658115]]],[[[119.713833809675,11.470248226234327],[119.71374905044718,11.461994428640766],[119.7218869401431,11.458757092079736],[119.7251019119022,11.450271435245284],[119.73386851711327,11.454556651676935],[119.74074002070161,11.443631861832154],[119.73535790173521,11.443127930764012],[119.73124212803454,11.441852642814197],[119.72810736392034,11.44499632340213],[119.72753664407436,11.4326223364023],[119.73776135015649,11.428511005407628],[119.74232741729828,11.425893506033098],[119.74689360046797,11.417144735160695],[119.75195912790768,11.423971632680468],[119.76092637874444,11.41707340355727],[119.76246919320256,11.402077445637113],[119.7726627195534,11.397020805549776],[119.77353221551846,11.394933977079306],[119.78102350855688,11.405288029205536],[119.77317998284438,11.416663175911745],[119.7881402080634,11.428506543910789],[119.78959836126579,11.422500177557621],[119.79951988075221,11.422678517222252],[119.80351077799132,11.416030004628022],[119.80891075635085,11.421033108145076],[119.81196969104532,11.42933592885344],[119.8256635889023,11.42826131509746],[119.82801796746382,11.415294204014781],[119.81757476601793,11.40998793502611],[119.8118983278585,11.404070644432013],[119.8133029747241,11.402010577287063],[119.81093960227665,11.40113216880448],[119.81320935559441,11.396213733257975],[119.81345903590642,11.386176308115362],[119.8082284618086,11.37927809965056],[119.82108409312849,11.376330577714596],[119.83231208832122,11.37903283829051],[119.83170567745115,11.391518344303465],[119.83719038910365,11.398113315712651],[119.83918800285326,11.400793249775427],[119.84880187668641,11.411865223332171],[119.8542062687008,11.419851461862844],[119.85541474048705,11.427093029637469],[119.84998355366926,11.433059288945149],[119.8519499907893,11.43843251223079],[119.85989606793987,11.434245413162504],[119.86233073549913,11.444175858369734],[119.86498837290114,11.45094025713962],[119.86963033075233,11.453299176526885],[119.86434184653471,11.459376903866035],[119.86595157943586,11.461370138278989],[119.86297285689206,11.467010868268565],[119.86934049437545,11.477837579891471],[119.86451577240197,11.487527191261101],[119.87147642318945,11.491321895823392],[119.8691085718642,11.50649177739655],[119.86389590667099,11.506491809923139],[119.86140326077872,11.508560774109375],[119.85993623995033,11.506754827648544],[119.84822661893165,11.512444691287579],[119.84391912926122,11.515918286107897],[119.8351525672799,11.51565077015047],[119.83571887229769,11.509011190919272],[119.8319821700532,11.510665450654493],[119.82673825376158,11.512070113122967],[119.81494836476975,11.51906195495704],[119.81250924147623,11.517322921539794],[119.81987125867605,11.50386983750418],[119.82989976360122,11.50364240299842],[119.83509455024631,11.497359561489022],[119.83690940336689,11.502358214625364],[119.84867252116072,11.4837771035093],[119.84154241611783,11.482631147402575],[119.84715644770638,11.478238884317237],[119.84704501520928,11.473244697516401],[119.84460142451807,11.475104188871905],[119.8424566025278,11.47414993546075],[119.83495635127822,11.481538629450979],[119.8257260254898,11.481164087148164],[119.8296411053553,11.473998272238536],[119.8359150872174,11.474221217514593],[119.83365427179241,11.466395530881957],[119.83226749288396,11.4630958350044],[119.83921926225018,11.45473941021455],[119.83625391493581,11.454859865773841],[119.83227641197253,11.457842972182947],[119.83023860605495,11.45525228259178],[119.82872250702175,11.45695117767566],[119.82057133560731,11.469182431789045],[119.81828819037908,11.467978483902147],[119.81390496188207,11.469151241274233],[119.81246022364033,11.471354078200394],[119.80721185879722,11.469989588595771],[119.80892409307806,11.462734621792515],[119.81600960007754,11.452768533384774],[119.80625760537092,11.454355977065761],[119.80478160864425,11.451140941038936],[119.79075324803236,11.460736956929765],[119.7938790969564,11.464727818060702],[119.78778350720623,11.475389531180305],[119.78309701961538,11.480896502878542],[119.79099855202521,11.48001809936359],[119.78899194028797,11.484334465007693],[119.78322634801376,11.486095804818547],[119.78108596522478,11.487286405193982],[119.77664466975276,11.492731001801271],[119.77297484466905,11.4923742904058],[119.7730194591558,11.48969878030586],[119.7778486057493,11.484985560165223],[119.77729125217064,11.478671440121117],[119.76433314688707,11.479482990338015],[119.76532302807665,11.471519078558241],[119.77359909280293,11.469262741664839],[119.77717976351866,11.47104640501937],[119.78302122463754,11.468544801888992],[119.78483605248788,11.470025244290401],[119.78438570459944,11.450168840096365],[119.78297219639559,11.447943747168914],[119.77770593263322,11.454882169492247],[119.77429922625164,11.455604536825396],[119.77585099213606,11.458962176242238],[119.76666073479103,11.458337980474905],[119.76571989742676,11.450686126933627],[119.76944769299718,11.442552738731395],[119.78039037127668,11.443261706250013],[119.76962156129669,11.437580847720392],[119.76551474827322,11.439021114941811],[119.76298649431156,11.436666687765433],[119.75875923545904,11.442106820902962],[119.75951280928017,11.44685573067985],[119.74938618313296,11.45671926784012],[119.7429963382132,11.459497331240312],[119.73935319889026,11.467109008200739],[119.73703452300514,11.466373236829556],[119.72898137912253,11.464705560756151],[119.73151413656545,11.474069666873076],[119.72887877762038,11.478011466981142],[119.713833809675,11.470248226234327]],[[119.8243214162431,11.45606821961816],[119.82473613291087,11.45378072481414],[119.82960542831792,11.453009318679912],[119.82670699154393,11.45575166237019],[119.8243214162431,11.45606821961816]],[[119.74232741729828,11.425893506033098],[119.74843197518297,11.422660697702055],[119.74906066279023,11.425064114890587],[119.74248355804114,11.429737276124028],[119.74232741729828,11.425893506033098]]],[[[116.94851331566397,7.927675201812956],[116.95300811343735,7.926801252284121],[116.9580424580183,7.910579019033852],[116.96426732986998,7.9053395891959335],[116.96720142678087,7.898869441783269],[116.97072413998544,7.896243032287076],[116.97390346975916,7.884693930472365],[116.97941043423803,7.884395228588226],[116.98539457952826,7.879017541604909],[116.98529200074003,7.875530477385079],[116.9821795821414,7.87599427681341],[116.98575126948047,7.865747218410208],[116.98504678154366,7.8592369169995795],[116.98833314424691,7.856057610690006],[116.9897689526135,7.861212361911138],[117.0022232035152,7.851687715380003],[117.00151868074775,7.836361750241814],[116.99399619959408,7.836892375770057],[116.99416119910337,7.840169836167375],[116.99124050009868,7.834680695517594],[117.001117378353,7.809152328862497],[117.01574322487319,7.803520462334073],[117.02073296677753,7.806516971267358],[117.01731724397943,7.812563578116979],[117.01525267742439,7.811488891255022],[117.01325949107381,7.8158052919423415],[117.00766781682125,7.822721358843484],[117.01675548055384,7.827492644818881],[117.02744839614545,7.812768638070585],[117.0325897177554,7.820460601004995],[117.0309710906458,7.824255308780599],[117.03872546177564,7.8338067332437324],[117.04713084718094,7.832914879364069],[117.04956550996317,7.833231449108039],[117.0561783680663,7.840482007584035],[117.06470857714385,7.850528357758008],[117.06808859833421,7.862674895181035],[117.07444282492845,7.866126267849272],[117.0755709783984,7.879989577133069],[117.06478884924255,7.890455106923014],[117.06336639433809,7.896528448212804],[117.08315149011598,7.906280457502846],[117.0844133705157,7.9217045105397705],[117.08072126013555,7.9404460885749195],[117.08148818446075,7.944325492662653],[117.07791202321447,7.9502561169771395],[117.07930322378516,7.957729593024317],[117.0779254010507,7.973024275890696],[117.07512061559848,7.97622149767797],[117.07352422604588,7.992113719613928],[117.06336199460767,7.986615662270133],[117.0572886618776,7.985768372448388],[117.04909731123928,7.985139645976326],[117.04186461218897,7.994650916131659],[117.03905539043197,7.994312056529399],[117.03794508953057,7.989117172551263],[117.03247827140503,7.988171833763216],[117.03330760684614,7.986040390445255],[117.02660556659269,7.991110429749038],[117.0351893374778,7.9986597028506035],[117.02949066093099,8.004746362887655],[117.03499760899204,8.00767149831093],[117.0399383107229,8.012242053733702],[117.04158820863988,8.007016045567365],[117.04842841561467,8.008995828432829],[117.04985088258697,8.01119418231775],[117.05015412424608,8.006173271855266],[117.05346272523497,8.006128668299388],[117.05208931108959,8.003524570522112],[117.05559866035253,8.003792093891773],[117.05953607959783,7.995787999588676],[117.06662603028411,8.004144325021034],[117.07469251863542,8.003056349567643],[117.07829549091673,8.009183150360354],[117.07562897959717,8.011675780815336],[117.06162741610672,8.010672492866034],[117.06962702674213,8.02060736029179],[117.07247633060575,8.020959639270517],[117.0712099781505,8.017428010657651],[117.07683290485039,8.017066817890836],[117.07590991706313,8.033387171559347],[117.08027090849791,8.046657437154249],[117.0754238204856,8.06781586437086],[117.07372049822305,8.065720105205735],[117.0677051118124,8.068217156017903],[117.05758740308538,8.064431429573958],[117.05756513444383,8.061956569593702],[117.05185745957228,8.063017881749643],[117.05151857156979,8.075164476029206],[117.0442101662652,8.06621501388044],[117.04521788436558,8.061836217204997],[117.03845345433493,8.05965572829576],[117.03196540190044,8.047785616375508],[117.02708719672414,8.04895388039895],[117.02932119888274,8.053747386696532],[117.03407461572706,8.056864319572231],[117.0321705139314,8.061265422377975],[117.03453835793817,8.065260762229746],[117.02651638901091,8.05938369225068],[117.02462128908,8.065510521413016],[117.01805305749403,8.06069914125804],[117.01741540648301,8.064930845290364],[117.01253713261191,8.062785975541226],[117.00798441199339,8.062241959903792],[117.00578161824053,8.060984549876496],[116.99994463329122,8.060658986699677],[117.00792639203435,8.053970374964804],[117.0029991278912,8.052052958329957],[117.00806461602802,8.043937370829733],[117.00902778056974,8.039179503826016],[117.00410943396759,8.039179498924446],[116.99988221005415,8.040735771915719],[117.00236143125242,8.028936935075105],[116.99606070511925,8.026051928424247],[116.99224380163518,8.021151359721056],[116.98760180788842,8.0217221539786],[116.97759557533291,8.02079020429961],[116.97474174919569,8.01589411654938],[116.98038253252209,8.013205275325497],[116.9771541645134,8.001433220171961],[116.97431820829628,8.001674005944217],[116.96382589128925,8.008759544734943],[116.96411129033008,8.018591867848809],[116.96845448274215,8.031951292376524],[116.96122628991108,8.026118822488366],[116.96378573596374,8.034247720294273],[116.96168552099986,8.037320036148287],[116.96757153225859,8.045622925694989],[116.97121461128518,8.04496296287066],[116.97037182638422,8.042439127409665],[116.9735378667798,8.045533713591968],[116.96815121315645,8.054242389288573],[116.95550971401049,8.030145359885346],[116.95939357785937,8.024076548697934],[116.95884064388355,8.021030982791059],[116.95711499551483,8.01842238061876],[116.9594381359205,8.017066854962714],[116.95319093269069,8.000478988428219],[116.95704806785287,7.998022015840815],[116.95993761677235,7.993875025315412],[116.96725047477693,7.994352197740282],[116.9668179357392,7.992060174496623],[116.97206188430665,7.98703031415718],[116.96484261800553,7.987507420288339],[116.96530184126895,7.980743005804724],[116.96268438112101,7.983418478261668],[116.96509226238727,7.97562398677559],[116.9676428583371,7.973314141317202],[116.97156692348528,7.975289518671408],[116.97056810519658,7.970201651023857],[116.97995002029985,7.969483796490729],[116.97952190868124,7.964431643619133],[116.98197001995862,7.962692544336655],[116.97623558870133,7.958086315332506],[116.97561128543934,7.954340683138961],[116.97088466615668,7.95282457547056],[116.96865067349894,7.944985449667139],[116.97122359426545,7.944147181129293],[116.95348973178064,7.935318125899314],[116.95291890477162,7.939081617438374],[116.94851331566397,7.927675201812956]]],[[[119.87827208302515,10.555285262018192],[119.87612725513422,10.557835883399669],[119.87453529734046,10.555182715310762],[119.87827208302515,10.555285262018192]]],[[[119.83291408116312,10.48822482819105],[119.83549148517253,10.48878670470444],[119.83310579639124,10.490521249243251],[119.83291408116312,10.48822482819105]]],[[[119.90459417052095,10.558210434034617],[119.90726961371209,10.559200354517504],[119.90931634148579,10.554415700022085],[119.91295492258138,10.559249418294382],[119.91461818627894,10.54679956459204],[119.91050244110393,10.546781732461268],[119.91017694652427,10.544454113415041],[119.90730527063688,10.54486434766227],[119.90425524613916,10.545229957045022],[119.90260986227558,10.543370524357124],[119.9060611562122,10.54288000873414],[119.90817030126065,10.541957016093354],[119.913378551037,10.540601422110555],[119.91120700006894,10.539228024991246],[119.91273648864704,10.536949415828076],[119.9084868864533,10.53564293588687],[119.91380667921388,10.523121749363634],[119.92239490715266,10.526180688262905],[119.92465558820403,10.523384861064322],[119.92059336020968,10.521766224605848],[119.91845748942012,10.518716151570294],[119.92663101709118,10.516629324988928],[119.92779040450624,10.513222542423849],[119.93041677157673,10.505254178073],[119.93521482205942,10.509410035164333],[119.93434078517178,10.517449819311429],[119.93778766123502,10.52068262942718],[119.93299861365496,10.521378254420489],[119.93894263027916,10.532632992460226],[119.94193461558535,10.533881574650929],[119.9410918579252,10.538104367766994],[119.94820417743826,10.539705164210462],[119.94800794641667,10.545194280084528],[119.95399648296656,10.542830988585795],[119.9508751500321,10.531429026479643],[119.95068342267048,10.5275407248324],[119.94593894487525,10.528486080847943],[119.94337490647125,10.52410278918486],[119.95304668842655,10.519755138104706],[119.96095717645896,10.520147558977744],[119.97195327960519,10.531174887695945],[119.98218696797379,10.531380047409797],[119.985419784927,10.536619485535788],[119.98113460325507,10.538131102963636],[119.97955604089401,10.542090782743852],[119.97008048833756,10.545461856794299],[119.96824781154568,10.5478117688319],[119.9652512868314,10.552645467751525],[119.97383954224382,10.551196239499534],[119.97986822632166,10.553305379751103],[119.97724625222808,10.554634237661563],[119.97451281045947,10.556975219883073],[119.97585060356566,10.561684079278624],[119.97259100550568,10.564158824059211],[119.97277829115797,10.567329306174631],[119.97111053113633,10.572368101549525],[119.97698760708772,10.577406888210769],[119.97924394296241,10.575204084949288],[119.98567841401572,10.579208350636016],[119.98833162716295,10.569951268074202],[119.9842827637523,10.567400634531584],[119.99358885653167,10.565773062706405],[119.99441823506028,10.563530107842928],[119.98798823572973,10.553630957134535],[120.0003399897288,10.552364554157219],[119.99871684485281,10.56057376660471],[120.0028503884794,10.566776334138975],[119.99213524883714,10.57358987320075],[119.9927238383436,10.590030529208747],[119.99165805990634,10.59229136128332],[119.97934653487147,10.59942141990393],[119.97566332214474,10.600099177810778],[119.95703763379841,10.599247542586715],[119.95169561304112,10.60071906880219],[119.94915841734323,10.598797190237645],[119.95378693759658,10.598311117683355],[119.95079044768744,10.592059461092441],[119.94648291117632,10.594039300644585],[119.94250092180964,10.589383984163758],[119.9320265238045,10.60042024432347],[119.92167249091243,10.60318043215246],[119.91538070729608,10.597860736642206],[119.90923602631057,10.594222123890416],[119.90215945684653,10.596331298849767],[119.89676392087274,10.609967199092223],[119.89449871934195,10.610341742856445],[119.89311643639762,10.614372800641107],[119.88375679679665,10.616160913057726],[119.87239500187785,10.628806888707762],[119.86975966661765,10.629221574408724],[119.86855564653989,10.627085720831463],[119.86637967887711,10.625966467113752],[119.86879648671132,10.623670032341495],[119.86646884770036,10.619572100564106],[119.86412774967077,10.618368164859486],[119.8671242809228,10.616820839977242],[119.8700449996466,10.612308254460222],[119.8670663656128,10.610809985601247],[119.8615459360205,10.612589136203864],[119.8602528479571,10.61713300178571],[119.85850928764685,10.61888098621984],[119.85676137897491,10.616883242100934],[119.85622623919879,10.619375899307443],[119.85609247600348,10.622827281016617],[119.85842011367396,10.623438140241548],[119.85652502067941,10.625743503426374],[119.85287302605731,10.624445936869588],[119.85311380533425,10.629007557374194],[119.85229778526977,10.632351935709725],[119.85268575299587,10.634831188330086],[119.84292919029099,10.63370302178864],[119.83859495600578,10.6517534527249],[119.82957425505741,10.649831575535638],[119.82749181236868,10.651592901213677],[119.83678904380841,10.620321242306495],[119.83335111378526,10.609258181752416],[119.82441953181905,10.605954003792272],[119.82440169262858,10.59263018982473],[119.82581071665754,10.58870621602169],[119.82031716402088,10.591461919595599],[119.81918009813951,10.589366146264608],[119.81795823869233,10.591689358131658],[119.8140431818626,10.589009465429264],[119.80916044440161,10.590373886162139],[119.80858078234786,10.582780055589613],[119.80444270394266,10.583101101918084],[119.80429113722505,10.577326594712881],[119.80066143587484,10.571404873534364],[119.80919171057796,10.570646873272842],[119.79941282635512,10.561603788718969],[119.79162280765945,10.561964956519192],[119.79707624642406,10.559401028051616],[119.7990873345502,10.555503745797967],[119.79449000154209,10.548306783472173],[119.79453010420727,10.54429357979894],[119.78869760653096,10.544061711212699],[119.78570114390087,10.546054934914388],[119.78400664446828,10.543709442527092],[119.77948955693107,10.551075850665045],[119.78397987789005,10.553666589535554],[119.78184842902004,10.558451222028504],[119.77581079574286,10.553697796373143],[119.76649578611296,10.555878328437494],[119.76413691915857,10.557938421206039],[119.76221950969236,10.55661854450232],[119.75211516953331,10.556703259394745],[119.75129917416736,10.551361212798287],[119.75358218202436,10.550888577408427],[119.75441159436257,10.538853480537313],[119.75683733431657,10.542666007424415],[119.75938354722895,10.542978147371977],[119.75975807993817,10.540534551429454],[119.76332090570709,10.541528895279766],[119.76280811178886,10.538844578624776],[119.7699515394091,10.533890516073248],[119.76500196241987,10.530421312277085],[119.76818581611171,10.521641353010827],[119.77082114063658,10.516945895860108],[119.77183332736885,10.514488947990701],[119.77173968030584,10.506805901476966],[119.77209191662065,10.49700036289248],[119.76741877173477,10.493169989466226],[119.77185117331142,10.482815933271837],[119.77615860458971,10.484657579880905],[119.77758552171005,10.479511744390154],[119.78035468157725,10.480608724667611],[119.77980175509002,10.476265547472625],[119.7730105362596,10.477170708068922],[119.78298103031433,10.469416377251939],[119.78030114701099,10.4632315875921],[119.77687657047333,10.465893616997763],[119.77478079233917,10.464801158136183],[119.77082555798141,10.468297115193966],[119.77036624171762,10.46607651108446],[119.76674996779208,10.468181172445025],[119.76903298795598,10.469692829975216],[119.76402100242386,10.47267597317221],[119.76361962231546,10.46989348568901],[119.76263423499445,10.467704044136063],[119.77280539783483,10.449702649362541],[119.78635660629308,10.45251189394581],[119.80274825634982,10.447776326877884],[119.80463896316442,10.440931622118182],[119.81283479012328,10.443981637917691],[119.81775316661107,10.445083047111464],[119.8611000753996,10.459044449294899],[119.86365956060672,10.459289726941176],[119.87004058546438,10.463334103260221],[119.86510879615794,10.46706192011144],[119.86190712621068,10.46255821321142],[119.85913809495531,10.461372088380385],[119.85938778063398,10.468453200448216],[119.86048919986295,10.471217783585054],[119.85783156400655,10.479489449669392],[119.85986931602311,10.482267456932117],[119.86485020385881,10.482891706621496],[119.86999600221617,10.49443634587921],[119.86791355116543,10.49622895302767],[119.871079503486,10.497076156466013],[119.87524436660335,10.498503037365188],[119.87333140730819,10.49305849246492],[119.87182416840376,10.48802418421732],[119.87223000246703,10.482798141813225],[119.8942713409327,10.480095913626235],[119.8975531975248,10.483551660046434],[119.89994333115058,10.489558126910053],[119.9068192235885,10.482717843169748],[119.91031074536589,10.482477069485189],[119.91203193754725,10.474602269461116],[119.91968375267238,10.480069098798566],[119.91689682298727,10.486512507985958],[119.91811409843991,10.49047669833981],[119.91472523954366,10.490592625227352],[119.91424363157631,10.48766295508635],[119.9121389045766,10.48951797679431],[119.90941439654249,10.492884585008525],[119.90735875600673,10.494070687540319],[119.90689053766319,10.49652769288315],[119.90947238226308,10.495439686679816],[119.90674790947675,10.506609719151431],[119.90212379858362,10.506529435435596],[119.90455842462957,10.516749738455852],[119.9027524947662,10.518595764985387],[119.90178486809694,10.523572109279861],[119.89454779630944,10.514212495413137],[119.8912078744594,10.517699516530751],[119.89289346914813,10.526073644675952],[119.89578742526014,10.52628770425269],[119.89534600071163,10.528909639042137],[119.88888917699882,10.528405798958524],[119.89510962041578,10.532864896057536],[119.89749520676446,10.53410899300291],[119.89691556261263,10.540815444920508],[119.88957583965652,10.538782112036385],[119.88654369367146,10.544360460731328],[119.88589267834871,10.547535308581871],[119.87922186668224,10.544266819333584],[119.88027422178699,10.55365764448393],[119.88348923548153,10.554059003492572],[119.88413134645312,10.551530690922787],[119.88741318051268,10.551191774030324],[119.891444261472,10.555931807663761],[119.89362918908274,10.561456654557933],[119.89789655175291,10.553987692315232],[119.89668368661314,10.551793749872155],[119.8995330774135,10.55088854863336],[119.89902025851715,10.548694722596103],[119.90684596637087,10.549265455033863],[119.90903982761321,10.552039058731532],[119.90405904031341,10.555833698069655],[119.90459417052095,10.558210434034617]],[[119.87589534405689,10.584336326851425],[119.87099033764788,10.58483572288376],[119.87297907524976,10.58273101346471],[119.87589534405689,10.584336326851425]],[[119.87297907524976,10.58273101346471],[119.87033933699688,10.582262832747917],[119.87417864259523,10.579944115593612],[119.87297907524976,10.58273101346471]],[[119.76729393446558,10.464422151079892],[119.77389345848724,10.461198220197915],[119.77036624171762,10.46607651108446],[119.76729393446558,10.464422151079892]],[[119.85398332670546,10.561247097952277],[119.85782706114162,10.561193574416803],[119.85800991265586,10.565603650066212],[119.85279718093953,10.57119087738839],[119.85398332670546,10.561247097952277]],[[119.90726961371209,10.559200354517504],[119.9090888993785,10.56078777568839],[119.90771550112456,10.566785242943507],[119.91039538453927,10.565304832858128],[119.90925835569918,10.574775980470628],[119.90498649209918,10.569188757222904],[119.89884187476505,10.572854134102345],[119.90385842111093,10.562045270263914],[119.90726961371209,10.559200354517504]],[[119.85640909283543,10.553113683404193],[119.85841569911935,10.551914156424933],[119.86415008639004,10.554290871862753],[119.86677202126764,10.555294186415333],[119.87378623302675,10.558923847316434],[119.87453529734046,10.555182715310762],[119.87644832818086,10.553862811991843],[119.87827208302515,10.555285262018192],[119.88027422178699,10.55365764448393],[119.88045254137432,10.556141423709963],[119.87612725513422,10.557835883399669],[119.87651965802738,10.561126703600143],[119.88942427808215,10.568528749832016],[119.88095642537436,10.570093911135336],[119.88387270161908,10.575467156203757],[119.87859315106633,10.575712365962243],[119.87948493414389,10.580608509809595],[119.87417864259523,10.579944115593612],[119.87513286852878,10.577603075118192],[119.87348748897415,10.56365500994228],[119.85782706114162,10.561193574416803],[119.85640909283543,10.553113683404193]],[[119.85475033395095,10.488180230826442],[119.85224878153082,10.488572626902801],[119.85490193370413,10.492456514450415],[119.85084859167083,10.492166667392677],[119.85125881398265,10.494788635716105],[119.84825337310602,10.49338400511601],[119.8447976268268,10.494877808362785],[119.84272406691446,10.489625006347522],[119.83550932293332,10.495194378710542],[119.83670435936074,10.503697931099966],[119.83448364794909,10.502565310641756],[119.83269560848797,10.500219828258144],[119.82958758979575,10.49963567857874],[119.82508832317727,10.494574573438294],[119.82660887758902,10.490860165524584],[119.82782182965363,10.493847757865254],[119.8312686396306,10.494650397050298],[119.83030104057863,10.488773295445075],[119.83291408116312,10.48822482819105],[119.83464418888359,10.486414449622233],[119.83909440122687,10.483270803604078],[119.83571887229769,10.48165653806247],[119.83219172476159,10.476042584761219],[119.82955191274459,10.476791674083819],[119.82941812372074,10.474437277722837],[119.83537553967116,10.47160574262065],[119.83665976533982,10.478129429325792],[119.84200176176954,10.475342471527048],[119.84086019405615,10.480657772300585],[119.8426705564183,10.483087936367603],[119.84517219409688,10.481919640273054],[119.84774954610069,10.484488118963299],[119.85115179958409,10.482601881069332],[119.85214618265528,10.478334513057293],[119.85724292353548,10.481674423531988],[119.85529430876234,10.484256260116398],[119.85323865368282,10.486071066631458],[119.85475033395095,10.488180230826442]]],[[[119.97268910334532,11.716693772722671],[119.97241262957631,11.713545661587498],[119.97621625590246,11.717184272167664],[119.97268910334532,11.716693772722671]]],[[[119.95669425157419,11.79338588350901],[119.95522719156592,11.796520618767847],[119.95177140349263,11.797715640092184],[119.94592553318886,11.802255018903383],[119.94935905833789,11.807512327194077],[119.94768686456344,11.80962144787396],[119.94923862083695,11.812684905960941],[119.95604321697049,11.801893818418035],[119.95982012721045,11.802402185404377],[119.9603016627266,11.798014405425358],[119.96977727880974,11.801804688944284],[119.97115516967672,11.79776913273084],[119.96892110743794,11.794812807306553],[119.97239922049602,11.790527602247296],[119.9790477566713,11.796253108828584],[119.97982359064183,11.79846037445782],[119.98196846844243,11.796083605712807],[119.98288260039472,11.79837561194133],[119.98816659121394,11.801251723797911],[119.99088220533802,11.805256020154113],[119.99293782214693,11.798469253546019],[119.99129244913726,11.794023507947026],[119.99360667371384,11.793376926640802],[119.99250976599821,11.789970241686824],[119.98717672413889,11.784806594504419],[119.99568915101304,11.785457569809791],[120.00147255460979,11.79114291111418],[120.00573989574322,11.782915872702668],[120.00089732114135,11.778389930403975],[119.99959082121624,11.780985090656044],[119.99267920688948,11.776740018587358],[119.99843142759535,11.7734269368919],[119.99361567050791,11.769226494591456],[119.98010904702899,11.768303419292685],[119.97641685703208,11.765445149598989],[119.97688510161287,11.76843721716557],[119.96850197407883,11.754676382320048],[119.97356307081348,11.74751065858855],[119.96815862076292,11.742922210390685],[119.9664463404853,11.74796546555579],[119.95461188276988,11.743149670321172],[119.95522278012763,11.735493393522649],[119.95359071460862,11.73280897067968],[119.95880340940079,11.731694211640823],[119.96157695605662,11.733990667736702],[119.96406513321358,11.731395482702402],[119.968947838063,11.73194391261641],[119.96775280637421,11.728033260322034],[119.9609928193763,11.727970887190283],[119.9597710736618,11.725705627923286],[119.95241795873987,11.7302405361958],[119.95058972056685,11.727698861830085],[119.94606820875883,11.739069589921545],[119.9377475120094,11.724813858500351],[119.93933052967844,11.715208927272212],[119.938960454616,11.712876817230544],[119.9374621433271,11.709742036106046],[119.94379852892601,11.702919655123283],[119.94259904131552,11.693707122445469],[119.93972742833272,11.693778471887219],[119.94028924355285,11.677181727709147],[119.9467594375772,11.679910635626188],[119.95204791917149,11.670118466401547],[119.9494704960188,11.663527914885849],[119.94514518253415,11.665498890220423],[119.9450604766315,11.658939520028289],[119.95507111479128,11.65949693440811],[119.96058257236237,11.66232401469375],[119.96255351123948,11.660767765971439],[119.9638020518514,11.67131797459381],[119.96566151977916,11.673458337513551],[119.9675967439534,11.66814309816304],[119.96880518644862,11.673400351657175],[119.9625936531628,11.688249208076297],[119.96079660676511,11.68984107334375],[119.95624834746648,11.687156690730111],[119.9568993810902,11.6968953624218],[119.95973093090655,11.695049288849122],[119.96670050638285,11.68910978427665],[119.97137809750397,11.688824390253933],[119.970691404522,11.684231511453987],[119.976858284333,11.67450621349802],[119.98070650989335,11.673922093201265],[119.98090719260775,11.666769694282106],[119.98627153016132,11.671942239018017],[119.98858134178504,11.682831390566037],[119.99128795066328,11.677912999326585],[120.00100880478868,11.675968791660045],[120.00491499630083,11.688503372150649],[120.00847332593975,11.692414007186567],[120.0238126899462,11.700743562199913],[120.03467945581814,11.71533373573017],[120.04347730386102,11.717398303289679],[120.04983598366867,11.719440564745025],[120.04509144714595,11.725447019141638],[120.045528506599,11.737807616354434],[120.05157947864164,11.734177958644533],[120.05489703819028,11.74484857312992],[120.05041118521173,11.742899970785782],[120.04935441359714,11.74746607848459],[120.0529618270909,11.749980993633546],[120.05666286099417,11.7568747799988],[120.05103099651116,11.758627188836996],[120.04589855562746,11.757539165602578],[120.04740572123465,11.755710931443208],[120.04576929868406,11.752411171872422],[120.03391248921233,11.754199324280936],[120.03607070695374,11.759764230518076],[120.05210565261702,11.776682097127868],[120.05291721551858,11.781274926352312],[120.07080262582764,11.785564613150584],[120.07282264718734,11.788351530869441],[120.06411848804228,11.791062715313267],[120.0605957427275,11.798125889553512],[120.06135382972015,11.80124278064045],[120.0536395508795,11.803258364795836],[120.05122725480055,11.802990789759768],[120.04271029908696,11.804765539863316],[120.04263455944339,11.813367097036233],[120.03439852328104,11.80592487448529],[120.03304296707684,11.801006466542495],[120.02738886446231,11.80543440009283],[120.03576746868691,11.813759541119923],[120.037020537558,11.820131550875717],[120.02841891285664,11.822931868812837],[120.02884694366969,11.826378733281038],[120.03433618192629,11.827493548184457],[120.03567832232655,11.831199052595892],[120.03308758522351,11.833013890492232],[120.04350851651611,11.837825286274903],[120.03441192622768,11.847929575830591],[120.03114791672674,11.847706623535352],[120.0314109556431,11.844692328373466],[120.0268002492568,11.837406124926433],[120.02259089240886,11.840242125546464],[120.01841712052855,11.840054842576572],[120.0206244409819,11.844736873220958],[120.0244592549146,11.849539321173102],[120.02430316954666,11.854399748752336],[120.03381443568304,11.85528713692066],[120.03393929520075,11.861052732661687],[120.04301801850522,11.867175095830458],[120.04045845931992,11.87262411161012],[120.04270589049419,11.874920518950875],[120.01761002416828,11.883513232949051],[120.02468668067327,11.891753647481695],[120.005088919706,11.897376538410397],[119.99733006062384,11.889042493053648],[119.9864542983265,11.894500436825744],[119.98803286872649,11.90396262037597],[120.01464475030787,11.91156542297829],[120.01662010755794,11.915262031324824],[120.0297209900177,11.9148205849437],[120.0262740647745,11.91935990320682],[120.02290747615797,11.921000894301008],[120.02269786076137,11.925830074133366],[120.01693670528397,11.926414275982046],[120.01300828357745,11.93361125570191],[120.00578002490474,11.931756216741],[120.01060928424668,11.927051911028139],[120.0055169361412,11.922360896947149],[120.0008304661886,11.926864595047707],[119.99723639065685,11.93360232228511],[119.99093574614932,11.927653880297076],[119.99250535576918,11.925031909379403],[119.987047411083,11.92765382757969],[119.97974781580794,11.920327559056057],[119.98291823756713,11.919917317594948],[119.98226274144737,11.914718048296931],[119.98831821965346,11.913295537522384],[119.97774122284866,11.900890309879248],[119.9722253434205,11.900734249447433],[119.96611639168401,11.898946166565384],[119.9636192532347,11.903463229494342],[119.95604321697049,11.894094690422406],[119.95405003829997,11.895378896425525],[119.94308954955038,11.892694522506318],[119.94108744602971,11.894322051727604],[119.94658552777148,11.897447949949775],[119.95191407294769,11.905536731879916],[119.94315643288965,11.907333746053839],[119.93550910782996,11.916983235755398],[119.93302985172177,11.918419084455314],[119.93544222074499,11.921370956677464],[119.94360679161876,11.912729229830902],[119.94900233362127,11.914289932197542],[119.95537435706652,11.913050291031196],[119.94131033481115,11.931586834067815],[119.94704478682387,11.934543159116059],[119.93981213754483,11.941847211788307],[119.93485806037873,11.951287077282378],[119.92977020037199,11.949311756736352],[119.9210527066299,11.955509857210146],[119.9180829452192,11.95639277359966],[119.91159047702602,11.970358688561241],[119.90464315561626,11.973190232723107],[119.900928711836,11.978327097040342],[119.8943381598599,11.968989707842193],[119.89607279254416,11.966144828356386],[119.89494906164818,11.963995507780947],[119.89225581259316,11.965284233615828],[119.88776106198097,11.969694231226137],[119.88842539750163,11.975219072359543],[119.88347581767835,11.975352905504597],[119.8771973780039,11.970465724418728],[119.88085834998927,11.9621628272176],[119.87949835233648,11.960093813059839],[119.88240565538189,11.958724909007183],[119.88378354407205,11.961922038922362],[119.89150666828164,11.947314029806993],[119.89545739412291,11.950827849954598],[119.89583650176695,11.94562849128146],[119.89317884244738,11.936193081399871],[119.8878680479342,11.934427245132952],[119.89135060706946,11.931742863390484],[119.89364701931896,11.931127480916143],[119.9007280880549,11.93246075925402],[119.89994774437258,11.925602695174538],[119.89291571292797,11.915444881476263],[119.89003069991799,11.915039098971713],[119.87865106152685,11.927961575911336],[119.8735810672637,11.928741860650094],[119.8687028168853,11.900613910139986],[119.88148705525028,11.876829011372584],[119.88983447375668,11.878354057713613],[119.89584091512101,11.860392801921922],[119.89717418288842,11.86247522480865],[119.90037582623188,11.860370495823622],[119.90240023814171,11.856517843880072],[119.91687449484375,11.84969537293019],[119.91041771373898,11.847644239663017],[119.91491251636448,11.844041227462927],[119.91045787098616,11.836095159061466],[119.90814805995394,11.83667035953177],[119.90362205547947,11.841584266670747],[119.90041148494916,11.830846786753112],[119.89543515075479,11.831279340498108],[119.89405729064973,11.828452223518793],[119.90461199933243,11.821067994110678],[119.90285505590855,11.811320375848135],[119.90878573090708,11.810789713342706],[119.91173760127221,11.80007455023865],[119.90792061590797,11.791575451875799],[119.91950089497,11.783009539964443],[119.92534233647376,11.77233002510243],[119.92168140420713,11.767037058383712],[119.93130857065242,11.759790988063049],[119.95225296744934,11.763737331612605],[119.95482142687169,11.761213486417052],[119.95707777734725,11.762421872310968],[119.95812115255869,11.764495370690023],[119.96255351123948,11.76538273651913],[119.95987359202931,11.766207632499512],[119.96309749946238,11.768026966308764],[119.95914228677172,11.77586163695054],[119.9624911368428,11.779063244683204],[119.95959718045414,11.778626238143827],[119.96088580237118,11.78639845315328],[119.95823708264449,11.785350604008649],[119.96162600895488,11.793158453698798],[119.95944551998679,11.794607632442483],[119.95669425157419,11.79338588350901]],[[119.95855813965044,11.699379144105245],[119.95632413538668,11.701305413680721],[119.9568993810902,11.6968953624218],[119.95855813965044,11.699379144105245]],[[119.94840031994437,11.72686943841984],[119.94961325611352,11.723088163587429],[119.95058972056685,11.727698861830085],[119.94840031994437,11.72686943841984]],[[119.94356664410428,11.802540421210265],[119.94161360767949,11.79961523006361],[119.94592553318886,11.802255018903383],[119.94356664410428,11.802540421210265]],[[119.9191665083177,11.847858225099355],[119.91895690951138,11.851140129163937],[119.91687449484375,11.84969537293019],[119.9191665083177,11.847858225099355]],[[119.89254560067754,11.881123163714829],[119.88880002270616,11.880913532223358],[119.88983447375668,11.878354057713613],[119.89254560067754,11.881123163714829]],[[119.98429608345033,11.7030489223175],[119.98893355240861,11.702210621096468],[119.98761370609176,11.705425622723265],[119.98516565402271,11.705470217923144],[119.98429608345033,11.7030489223175]],[[119.96914853813307,11.719904326138003],[119.97241262957631,11.713545661587498],[119.97417397135617,11.71102185035822],[119.98084473841456,11.710740918622244],[119.98516565402271,11.705470217923144],[119.9858434529892,11.707628465525802],[119.97818264584883,11.721193026086066],[119.97088310372096,11.722575370976449],[119.96914853813307,11.719904326138003]]],[[[119.8500192254466,12.178313342804357],[119.8493592077768,12.16781656252551],[119.85470574575655,12.16134639890811],[119.8569887310809,12.164494585265635],[119.85557525709453,12.16721015528815],[119.86120708208013,12.17079083835776],[119.86122050205402,12.168311565324462],[119.86653126584228,12.17553974220682],[119.86420809121334,12.175013541302926],[119.86511321049818,12.182170471926035],[119.86657134763277,12.18410123612922],[119.86895257351834,12.17976697150548],[119.88185719728692,12.205553994586404],[119.8923627950458,12.206227291993413],[119.89648305662561,12.206236227866532],[119.89936811058001,12.190459901188307],[119.90486169071099,12.182375589801183],[119.90097337331532,12.162421065953952],[119.91959903098737,12.151014664050347],[119.92507035562585,12.138645141557234],[119.93287374955958,12.137494669556315],[119.93154047628644,12.130266501037404],[119.93591042965215,12.11844984844696],[119.93028299238905,12.096787548337998],[119.93581671740603,12.083258663555485],[119.94952846475266,12.083753647022732],[119.95367550344338,12.077586713530035],[119.95870530155362,12.065520325478246],[119.96257583191479,12.066862527376983],[119.9625446006131,12.0696539458195],[119.96545190413065,12.07037188059277],[119.96575512329575,12.072632595031052],[119.970299006976,12.072721775638994],[119.97232344152391,12.041673105145662],[119.97514161455592,12.036946445265572],[119.97548045124789,12.034150579282672],[119.97267569429228,12.03756181391748],[119.97043274691423,12.029423928364809],[119.97529766832082,12.023595871282511],[119.97819605435879,12.025125381368673],[119.98016250387538,12.026748433497271],[119.9795828576416,12.02922324666891],[119.98309659971032,12.027707198114758],[119.98447003329413,12.030440574568052],[119.99525660520337,12.028028236649629],[120.00575330153036,12.033718053595434],[120.00791152776705,12.032353522235114],[120.00588709474135,12.03110945270492],[120.00299309253106,12.024041836068678],[119.99651401839905,12.022976054825204],[119.99500690286511,12.018053213069818],[119.98600390490418,12.026699396620623],[119.98722576780317,12.020893688572269],[119.9823920590591,12.020684113735909],[119.98287369110017,12.012711250366973],[119.97553840891041,12.015796935691979],[119.97986822632166,12.008822903839127],[119.99081534544845,12.007837381849859],[119.99191667711003,12.00330250578117],[119.99718735061067,12.0017998224242],[119.99546617487886,12.006330267867645],[120.01608056688491,12.005068296952214],[120.01496576215413,12.00086788923819],[120.02000457824074,11.997938239525377],[120.01796233572635,11.990562857709563],[120.02053969394598,11.987668898274217],[120.0362847985795,11.997238125823886],[120.04255423481568,11.996564842298257],[120.04043174279963,11.994210410405758],[120.04057440719323,11.991766838019316],[120.05006336666898,11.998714086190533],[120.04645155528469,12.009603194099409],[120.05792481633114,12.00682962756166],[120.04625978668726,12.019283914199208],[120.05237764355293,12.022815542926157],[120.08272626268253,12.002071839872317],[120.0901953396998,12.000872334036744],[120.09357531778369,12.006414949007727],[120.09977792172145,12.00653533675968],[120.10778645775585,11.999882378529747],[120.11406040162322,11.988814935112327],[120.11707027796257,11.989287564912365],[120.1157860547197,11.993702105681399],[120.12722369338722,11.991035505719253],[120.12788359506118,11.994928353661235],[120.13083553349726,11.99578895791283],[120.12603755400492,12.004444065094143],[120.12642553315266,12.006744962999454],[120.13321221019795,12.002571245591557],[120.13600366967347,12.005746078459875],[120.13306955615977,12.007480730888078],[120.1335689767944,12.009732530328987],[120.13127257802688,12.009589850108958],[120.12660388158099,12.012956465066576],[120.12968511266877,12.013500506986238],[120.12277797357824,12.020924860788313],[120.12454378411047,12.030717056371827],[120.12687589772221,12.030431712317943],[120.13105405594098,12.032794996036257],[120.13304276996142,12.035225209749196],[120.14158200802406,12.02268172892097],[120.14497090729216,12.023827753916066],[120.1445161104572,12.031073816240154],[120.14727623288874,12.029093992390536],[120.15061168629933,12.035287675763078],[120.15867373094073,12.029691499458897],[120.15417893170306,12.02310538719929],[120.15874949309664,12.02087585626177],[120.16270025354079,12.03144394488077],[120.18186101326732,12.022284935932294],[120.18125457983041,12.016421206749946],[120.17873518696258,12.016394401375418],[120.17959583589996,12.009563122974683],[120.18681957058102,12.009545233053815],[120.19416365853792,12.00071627091123],[120.20810287434936,11.997033017491749],[120.2109165368926,11.997808878925706],[120.21391303795835,11.991075638009475],[120.21827408136306,11.993367652860192],[120.21885824331311,11.989880591375666],[120.22365621618005,11.984306758803442],[120.22592143207326,11.983713710372484],[120.23077294535754,11.992837024427605],[120.23879929863176,11.995851342153548],[120.2386254150437,12.000890132852382],[120.25487879663694,12.007864205155213],[120.26240580392717,12.00519320291358],[120.25981507118927,12.009255413369257],[120.26301221691989,12.011021256120964],[120.27552003792017,11.995637305270256],[120.29335191310052,11.982911088416708],[120.30142293257805,11.982059350868699],[120.29864490992182,11.992573887885106],[120.30610499224895,11.991592884526236],[120.31207123826259,11.997777673604263],[120.31527731643216,11.997438836317997],[120.31500084852473,12.002232352819531],[120.3328060518028,11.994246108856947],[120.33313606117082,12.005268957768141],[120.34018588575915,12.013183883224839],[120.33448265965285,12.020871345427333],[120.33450500606725,12.015622985663981],[120.33180273373391,12.01255068927509],[120.33048285371298,12.019029799349536],[120.32336167615357,12.037735688201638],[120.31904969863861,12.038805868087668],[120.31632519664231,12.032790590758603],[120.31969183658192,12.028425101890353],[120.31016722915572,12.02887099769757],[120.30817845243926,12.021718571413066],[120.30304159990837,12.026717272120806],[120.30762997380734,12.03586285885219],[120.30020561889775,12.047875681382529],[120.30330022930666,12.051255698882631],[120.31644565525282,12.040107952002707],[120.31703870771248,12.04464282474684],[120.32522563604935,12.04429506062898],[120.32889100890472,12.047046314726101],[120.33027777050287,12.042239350213302],[120.33562425740101,12.046930331115082],[120.33463433366576,12.053717098061156],[120.34072991686824,12.056098265047085],[120.33313606117082,12.076052727048404],[120.32635816455101,12.08094439618603],[120.32892664152472,12.0857111513249],[120.33162888548298,12.089572767792355],[120.32594798483848,12.095864567611615],[120.32117231413886,12.095677274234598],[120.32053907020646,12.092778844880062],[120.32633590472413,12.087187116227751],[120.32154687423545,12.08489065493544],[120.30083878534603,12.10345393347618],[120.30534249480102,12.114949491716926],[120.29486357856291,12.118061936633183],[120.29363282704531,12.112158105071794],[120.2841929260911,12.11385697668527],[120.28252526661954,12.12865229562414],[120.27767821385464,12.134007681002817],[120.27435617488682,12.14384442792857],[120.27197498969328,12.13747244633145],[120.27345539080132,12.135456886180172],[120.2673152128565,12.132219571243017],[120.25931559817383,12.128621078158783],[120.26008258864898,12.122320366563036],[120.24635302040181,12.131898541233587],[120.24908645958273,12.14073646189207],[120.25236837798445,12.142658306729212],[120.25115104934396,12.146033903691102],[120.23904898625881,12.147902209560632],[120.2377870728242,12.150493009712749],[120.2502904260624,12.149810728817638],[120.23972233050591,12.160454628665901],[120.24337433551426,12.175263320821832],[120.23904458415385,12.183922886781597],[120.24174674461905,12.199128437158048],[120.23327893303433,12.196711570261119],[120.22296949394367,12.199079384331018],[120.22032973176574,12.208893796222648],[120.21588844774628,12.213776529281937],[120.213235247126,12.2050277744591],[120.2193085587361,12.1924352796749],[120.20777730601439,12.162287307525498],[120.2105062606987,12.150403835553496],[120.21608014889415,12.14685882663031],[120.21565210107005,12.144589128178707],[120.21725289244344,12.14187798433771],[120.21502785850555,12.140732019569283],[120.21634326421074,12.13120735717459],[120.20377302296275,12.1320635451286],[120.18683295826749,12.136781235824266],[120.1902931895042,12.12979826807386],[120.18157122915305,12.133102499477204],[120.1820840321,12.125704856044974],[120.19073021485643,12.125165259292142],[120.19133660496252,12.12063040733559],[120.18783174632662,12.119042921045665],[120.18994089071059,12.114664088852766],[120.1749538499196,12.11800395712986],[120.1651349424992,12.119934769952794],[120.16171035006971,12.115453339752188],[120.16178170582127,12.125606727033825],[120.15561924679047,12.129178463178826],[120.15351008597675,12.13385161081261],[120.14939879580528,12.132629807288657],[120.15167294540713,12.126819643351123],[120.14657167055411,12.127796185212299],[120.1386077514993,12.135447951243123],[120.14536772991886,12.137811274306346],[120.14609908220113,12.14161933875571],[120.13543288832231,12.146118600355722],[120.1323606012162,12.142341749367201],[120.13225354393433,12.146983666987909],[120.12583241717516,12.148437376759205],[120.12236768959212,12.158657582830948],[120.10798263311592,12.16680886192015],[120.10325601363972,12.17079973372802],[120.10122710828567,12.171892224036185],[120.09913577273853,12.168793138730269],[120.09879248705545,12.176516317066977],[120.09440469857297,12.172391633588347],[120.09118524457523,12.176271079683882],[120.09596534838313,12.178567515910958],[120.09200124293953,12.182174865988854],[120.09325872389127,12.184310766256027],[120.09082845306271,12.191588074991644],[120.09514937414654,12.194522170468973],[120.10889229785127,12.188328454806918],[120.10804062200377,12.194754043296216],[120.09074824535385,12.202704632406444],[120.08745298916102,12.200813964849006],[120.08446536480831,12.193795281914154],[120.07567204659816,12.189621581059004],[120.0681093343367,12.193558973017007],[120.0612378997263,12.18814566291435],[120.04990290255193,12.219127469741636],[120.04210834849877,12.233401067366474],[120.01997785767459,12.240557908059566],[120.0187426209869,12.242783038305202],[120.01414532844083,12.253578452785677],[119.99451190697359,12.260307228161151],[119.98323932454052,12.258648467958652],[119.97223866430018,12.270844136572164],[119.94532359416962,12.263843365271182],[119.92558316526761,12.269372622172234],[119.9271839732223,12.266764046814187],[119.92053537919746,12.261671718995322],[119.90223968790426,12.267575601035405],[119.89832914155103,12.265676047562808],[119.8860487457607,12.262733021526216],[119.88170112511631,12.261270407676585],[119.8788205554175,12.264815386240706],[119.87085658878244,12.25845229239371],[119.86648217887588,12.253458049722742],[119.86270975787929,12.255825846580878],[119.86050703439452,12.257819096711577],[119.85851820504097,12.236067580379352],[119.85908900535568,12.23311122061772],[119.86196062924807,12.237284915657725],[119.86413225232987,12.233387647428557],[119.86687010669068,12.235487873231342],[119.8683639805453,12.23352141000294],[119.87601575777506,12.223082706024782],[119.87563226973124,12.220607899792551],[119.86568848611043,12.20662858413015],[119.86557698029775,12.203917478785737],[119.86255816670999,12.191797648978193],[119.8500192254466,12.178313342804357]],[[120.16104594690039,12.033428198405637],[120.16450174090458,12.039028865735704],[120.15891449587528,12.039470315668499],[120.16104594690039,12.033428198405637]],[[120.15331388941826,12.038658731257097],[120.14790942834632,12.040861502694247],[120.15061168629933,12.035287675763078],[120.15331388941826,12.038658731257097]],[[120.0113316695567,12.028558888264584],[120.01076088758764,12.031479604714251],[120.00791152776705,12.032353522235114],[120.00862052196734,12.030008059080794],[120.0113316695567,12.028558888264584]],[[120.08526351082449,12.15546486115942],[120.09443140437284,12.156089177911138],[120.09548826229987,12.154042408053947],[120.09617493785288,12.15004704606406],[120.09849811557665,12.151277778958654],[120.10024609098602,12.146234533345378],[120.10688568660937,12.145414063729396],[120.11153207077325,12.143456502451816],[120.11149646758562,12.146658133987385],[120.0960099456653,12.158184901049308],[120.08707388759919,12.165252615177955],[120.08966913851471,12.167763118439636],[120.09041375224871,12.170906791447],[120.08668156351114,12.172850945216789],[120.08597694621616,12.170706103821024],[120.08235173135401,12.17086212701258],[120.08253013849986,12.164516853263507],[120.07761169104818,12.161190371505185],[120.0822982267932,12.159353178546782],[120.08526351082449,12.15546486115942]]],[[[118.03444716376079,9.264915037874825],[118.03429109371287,9.267322926943457],[118.03660086276555,9.272049589343613],[118.02523915292296,9.266462322409128],[118.0278521686183,9.255831891438781],[118.02097174602054,9.244273870595727],[118.01295430048748,9.241188178816188],[118.00640389600593,9.244710835126249],[117.99232649593502,9.23884266175409],[117.98669467025111,9.238378904974713],[117.98434466521496,9.237331026003533],[117.979747330313,9.23810694879542],[117.97665273518835,9.246383010745392],[117.97192159799702,9.248353933151101],[117.96841228425856,9.243823474540578],[117.96278050860458,9.2485903004476],[117.97438302750227,9.253370411994792],[117.97588133450434,9.266988503440244],[117.98377391439494,9.268616139814025],[117.98348411490004,9.278680302866428],[117.98133477629455,9.280035879733065],[117.97153812204739,9.26858932534017],[117.96397102870503,9.270065286478063],[117.96278935642975,9.263867135943489],[117.9604973976065,9.263109104464123],[117.95741614363632,9.263755681450942],[117.95422794270948,9.262551691089426],[117.95710404708232,9.258868496061606],[117.9574295498335,9.261428022742905],[117.95964129050573,9.260045680313048],[117.95500828497595,9.249531152313011],[117.95080336992261,9.224158875315688],[117.94223298180388,9.229911100688634],[117.93939695100956,9.232216465675108],[117.9397848755434,9.248037362470757],[117.93055901670327,9.252755081743723],[117.92730383296033,9.25100710291545],[117.92336206417097,9.254079456400477],[117.92042793982738,9.252491956802851],[117.91823851182707,9.251181019329994],[117.92216251431289,9.257343486469301],[117.92276894993677,9.261842741264859],[117.90999368049918,9.260884035068147],[117.90432163143446,9.260090312889885],[117.90132515205144,9.255858642297161],[117.89954594376309,9.253455174121317],[117.88318107371008,9.24318583850474],[117.88361802709909,9.238044521968188],[117.89440463880237,9.238218415245788],[117.89658961739505,9.23902553180695],[117.89110043327757,9.229376043498505],[117.88387222315315,9.230691455412396],[117.87633184594195,9.225220126962517],[117.87457948505607,9.222656179020323],[117.87208682581962,9.222656163538183],[117.87229194818994,9.220105564112641],[117.86938462544657,9.220114437695102],[117.86943809757123,9.213952020343791],[117.86339600558472,9.20947953284975],[117.86644604868415,9.206911081988139],[117.86705249226848,9.202380609458478],[117.8627628127621,9.20364257994027],[117.86350751382263,9.201007203606435],[117.86131364150935,9.201760837073698],[117.85721125998741,9.203490949345797],[117.85902164531029,9.205996979096758],[117.85918216020558,9.209715828328978],[117.8573807188985,9.217291839029247],[117.84918936862718,9.212676668249928],[117.8524845894524,9.207441680665909],[117.83534830781905,9.201965930164155],[117.83217342737461,9.196057597126178],[117.83325694794596,9.193939569714487],[117.83570944596771,9.192949598964956],[117.83335953102981,9.191183817345776],[117.83071971993404,9.188486097489212],[117.82787925992662,9.186813920423234],[117.82529750564113,9.185391421167134],[117.82551600721632,9.188677822246968],[117.82089638294339,9.186974403869925],[117.81769468684156,9.19055064802988],[117.81196027668553,9.198429879731526],[117.80622148302274,9.190028886677872],[117.80707312712657,9.187429270268014],[117.80623033849591,9.184954414949718],[117.80532072710632,9.181364901623882],[117.80131646917081,9.179442990772605],[117.78554905090631,9.173869129864812],[117.77535550919488,9.16207478250225],[117.7800822021285,9.153767510357817],[117.77700540128322,9.151600388851158],[117.77547592801939,9.148920430986108],[117.77339354802703,9.146632949612659],[117.78011342434412,9.143640867527017],[117.77866422486848,9.138606518039422],[117.76493907289279,9.132252310639569],[117.75982449028665,9.122879270789571],[117.76076984652614,9.117671103521023],[117.75944996110371,9.110268980582347],[117.75468757655509,9.109524334754251],[117.75790710044441,9.08867354918719],[117.75181596772094,9.082381768285783],[117.75575777495366,9.076669619919368],[117.74592989829586,9.067724694934999],[117.74128358041531,9.071305363913002],[117.7403872498293,9.064514095484572],[117.72834770644216,9.064491813614508],[117.72444155953364,9.070382273218817],[117.71631704809586,9.060050608539761],[117.70021964981545,9.06595889944091],[117.69463688452072,9.065985637351472],[117.69550193050112,9.071862744528964],[117.69770028385241,9.071104668369998],[117.70022412483932,9.070382301953245],[117.69942148284365,9.080339465729471],[117.69348202175594,9.085124128714678],[117.69170276909117,9.08936912879511],[117.68738636189416,9.083536634322618],[117.68712777707451,9.073418981855514],[117.68383246757634,9.070805892510176],[117.68097865187869,9.070591915660186],[117.67543156473673,9.06969556755802],[117.67100369500568,9.068652161648233],[117.66766826725983,9.065602187970823],[117.6675478681392,9.063345851741026],[117.66532275316384,9.065374735073771],[117.66705731925074,9.06776931335916],[117.67076290096821,9.07091291839835],[117.66273201902524,9.073508159163898],[117.66144778367051,9.066320099246813],[117.65894177173759,9.066172947878812],[117.65288634844345,9.064451701805414],[117.64657674487135,9.056403049994444],[117.64409748253497,9.055814451381025],[117.64465926530858,9.050704298972095],[117.63249483908014,9.047939664923963],[117.63000670679489,9.046031141512358],[117.63148714497909,9.037202103942349],[117.6238798882499,9.031886919049215],[117.6257214734395,9.028908210685278],[117.62667574559784,9.026727686802218],[117.63059977879831,9.025835911717383],[117.62750511145238,9.02116278097612],[117.62538257941819,9.022201706218738],[117.62196692353066,9.011642599184373],[117.6225867029398,9.006345172112042],[117.62330022572151,9.004044229377165],[117.62141402700954,8.998898447123683],[117.62410283490289,8.998769110306224],[117.62265358742081,8.989726053422402],[117.61624143388245,8.987429681179798],[117.61076120872977,8.992517510112918],[117.5941064514226,8.978337556892043],[117.59045443980112,8.971354613521546],[117.57893215698364,8.958721991918669],[117.5690151331477,8.955828016188333],[117.54808854895869,8.95739312454856],[117.54490475594123,8.93992687580417],[117.54060613936694,8.932382036977952],[117.53517497729389,8.931334123292572],[117.53754718262212,8.92241595475802],[117.53247273077251,8.916730570042771],[117.52901249898488,8.920993513446243],[117.51672771143853,8.915736238354441],[117.51641558944077,8.910193585185546],[117.52004975466805,8.91067066952118],[117.51801632916005,8.90740217242297],[117.5178602692696,8.904913993620616],[117.51472112725897,8.903571761943585],[117.51536768361173,8.905868209356072],[117.51136781484676,8.906519250110293],[117.5107703403644,8.902978714065881],[117.50615514815507,8.893855395122431],[117.49236311598538,8.888544665322373],[117.49530174534435,8.876603147131545],[117.47927125630227,8.855654257080483],[117.47545872364628,8.853674453980963],[117.47420127392442,8.850022411891345],[117.4798687386361,8.848889869921202],[117.48016308850818,8.844689344554993],[117.4757351589801,8.835142418984042],[117.47442869613457,8.829296561539461],[117.47841060251972,8.824364762205828],[117.48439029756067,8.826295558810743],[117.48762311784529,8.809850416377818],[117.49294281743161,8.813377549599776],[117.50002838462204,8.795639256168375],[117.50756424756283,8.792366293897526],[117.50382305167216,8.790216969769594],[117.50414406378408,8.784669905302913],[117.519033044601,8.779234186105413],[117.52657335956484,8.784139222015844],[117.52079886829496,8.79820327253821],[117.52401835737494,8.810046622917028],[117.54424925203438,8.835240556787097],[117.54893581378812,8.836101149025723],[117.55580721777429,8.845255704373418],[117.55660984328023,8.856104667716771],[117.57889651286605,8.86005990606506],[117.57796447951316,8.867680489763638],[117.59416886841136,8.872077188864639],[117.60472805887329,8.868875562299891],[117.61042676507196,8.871582209166506],[117.61263399275846,8.879956367519595],[117.62314854975261,8.885012989655023],[117.61082362023855,8.897485138195407],[117.60710477177021,8.913230217288325],[117.58942888006018,8.92938109906846],[117.61108222035999,8.950780266418786],[117.6216280227779,8.953656425542874],[117.67193562767717,8.989222217768189],[117.66448442304431,8.965771816780533],[117.70257859901373,8.99042614768947],[117.71406969259594,8.981097701272493],[117.72743359488459,8.98486569178012],[117.7323965893656,8.991853064434052],[117.74007961335545,8.98495934073458],[117.74434692771614,9.001966330484917],[117.73698049192285,9.017336865427643],[117.74047198846587,9.030116609922649],[117.74413289323614,9.027360872817217],[117.76748973519264,9.047212835472694],[117.78583442581377,9.043382449963737],[117.79085981436967,9.053874699884599],[117.79003493223287,9.066618837864349],[117.79872566373211,9.073789059997356],[117.78398833755296,9.093444777452417],[117.78488910855602,9.10184575456346],[117.7921307214026,9.10115012757634],[117.79319640869035,9.096227286076328],[117.81071177920677,9.080343974939579],[117.81561233791076,9.069414673165433],[117.81332030456173,9.06724311846039],[117.81653978708098,9.057401864166403],[117.82095881349309,9.06466576753014],[117.82029881954159,9.082863335343696],[117.8120361272399,9.085819742632225],[117.79889956004502,9.099633976059994],[117.80488367552236,9.106514370969105],[117.81637485191746,9.101341831050133],[117.82122186232323,9.124127843954668],[117.82465094337259,9.126999490057115],[117.84949253000165,9.105172247930762],[117.85673418088629,9.110451774436214],[117.86334700274482,9.109515394224337],[117.87497631160258,9.09389515755639],[117.87314364169053,9.089498478476377],[117.88538836153965,9.077512385093284],[117.90209213463437,9.079889136364233],[117.90725127963135,9.09170576822062],[117.9094050816079,9.114460533619688],[117.91586624389855,9.11801889490887],[117.91171485636944,9.129996043849763],[117.91398902185786,9.134357031543717],[117.92354040032211,9.136626690719003],[117.92891364381448,9.142218394497096],[117.93441168867518,9.142485984764937],[117.93611949156738,9.157892163920467],[117.95089694861083,9.163390260242158],[117.95658236557455,9.160670153667681],[117.956180981698,9.154017228410146],[117.96065353236769,9.155359400837217],[117.96924618594736,9.148907071275817],[117.9773662242357,9.138807185162499],[117.97284913989468,9.129492154167675],[117.9750564003598,9.124457822235241],[117.98648503154364,9.123409955397344],[117.99107790359008,9.118986507663386],[117.99819019670953,9.120266250656716],[117.99271439506016,9.108387195409938],[117.98743036969847,9.110679237529538],[117.98764000729443,9.102282750391634],[117.99152826639802,9.102572559275535],[117.9887948862039,9.097021008409781],[117.9949841375555,9.092280981556312],[117.9933520454147,9.086118465275304],[117.98874136018028,9.085271250556264],[117.99296414767807,9.08071853080274],[117.99825265531527,9.079287097197593],[117.99274120215577,9.067412573934211],[117.98972680833677,9.06930319625735],[117.98860758973034,9.071657607817018],[117.98198587170565,9.071862750854388],[117.98493775443278,9.082114228130736],[117.9841351131063,9.088584333226963],[117.9794842440038,9.091134944461437],[117.98240051261774,9.095500419927648],[117.97812868207562,9.100793345577953],[117.98244063622383,9.109947902029583],[117.97791018622718,9.115058057650852],[117.97202419174944,9.111303453513697],[117.96262884430114,9.11754178770245],[117.96031462949615,9.110032624333726],[117.954816484294,9.109234456488782],[117.95788884554297,9.102808916758367],[117.95134285441137,9.095750166250031],[117.95532932275025,9.090929873957057],[117.95326026352924,9.077860224708155],[117.94461410830539,9.07871190574537],[117.94153284952401,9.072973065633107],[117.94397199381845,9.065771593010572],[117.93553982722104,9.067394689665775],[117.92922578937959,9.073044413421151],[117.91851053799272,9.056135475704611],[117.94016841946042,9.0476096888937],[117.94217944184722,9.040225435077458],[117.92982773178957,9.033095332067175],[117.93134831122667,9.022710045328036],[117.92769178358644,9.022036741957201],[117.92612665692143,9.015927794013125],[117.93153557821846,9.011896724334159],[117.9337918843247,9.003134630345809],[117.93853189415898,8.995513969913818],[117.92751792102449,8.987465308224525],[117.92891802386771,8.977369949578849],[117.91728869657688,8.958088801370671],[117.90475862317115,8.955596158577183],[117.89895740022884,8.959640557445255],[117.89657620666542,8.955921613966474],[117.88374740515638,8.963176569457973],[117.88411300719773,8.957321765305812],[117.86851950150981,8.954378791414436],[117.87772760653571,8.947074783092846],[117.89012392112748,8.949643262539029],[117.89911340960084,8.94509939125402],[117.90080339819734,8.938553480196978],[117.8976062372107,8.937394074283048],[117.89515823990826,8.928444668739733],[117.89907326737413,8.926834944451372],[117.8951760316155,8.918683679721239],[117.88931683281014,8.917261246437581],[117.87654590499024,8.922826206325011],[117.87014262263983,8.918331401314964],[117.86046636369167,8.925778133950974],[117.86101488151773,8.929505941925397],[117.85643979518252,8.931485765480558],[117.849884939905,8.91317225224878],[117.84296890459298,8.904931803698933],[117.83394363640166,8.907683057688292],[117.83305634284739,8.875198554457032],[117.82790609151957,8.865785381505784],[117.81571931367424,8.858115704895893],[117.81243747275217,8.850111618294543],[117.80065202136252,8.845750662158514],[117.80315800036122,8.830866158075773],[117.79586744313596,8.832029979367542],[117.79312949591217,8.813453338659196],[117.7999340786887,8.799010354466963],[117.79780268661641,8.792558005563604],[117.78335513825641,8.787216042994164],[117.781754327726,8.781588616336647],[117.73456810941846,8.756688973911405],[117.73121046176192,8.749558872639614],[117.73350244183335,8.735833820603464],[117.72708575702957,8.732467184148415],[117.72504793493778,8.737434649661743],[117.7126962257214,8.738174802024986],[117.69368707463659,8.708552986659555],[117.67153872213775,8.696517928962235],[117.65388963102693,8.703465169981012],[117.64605050977748,8.699888957736821],[117.64141307778688,8.704597799426946],[117.63851913491096,8.702118558724603],[117.63403775112882,8.707415945094183],[117.62000048486176,8.706488430986363],[117.61402977117153,8.701949076280926],[117.6034883811124,8.705311239294465],[117.59066847051962,8.70363465233774],[117.5769389420124,8.708173991525161],[117.5741564127096,8.699737408923843],[117.56124289975845,8.69126058283223],[117.55632895608552,8.691546018695314],[117.55301139272058,8.68659636817568],[117.51430642341981,8.673308252284885],[117.51157745457681,8.6793637568787],[117.50473268912626,8.677419545670276],[117.49819123149814,8.681450601046187],[117.49106106614991,8.676973624442043],[117.48831429641224,8.683038029003495],[117.48215623306642,8.684184035679777],[117.45862114247457,8.715478029749052],[117.46457850729227,8.730237625565996],[117.48554517684144,8.747177751583038],[117.48877358741487,8.791661768507423],[117.4856744719979,8.795697240789147],[117.47487457909436,8.795416284083311],[117.48142497970704,8.80453070871441],[117.47968146557746,8.807237374167535],[117.46826615885062,8.797253435723674],[117.46425742953234,8.796111923049924],[117.4656442522432,8.792040734336249],[117.46155078474601,8.791554681697923],[117.4480976524623,8.80589516344792],[117.44420483501726,8.802996750366935],[117.44411566235449,8.798359320924863],[117.44016495876753,8.796883373373483],[117.44144467572887,8.79471621243741],[117.43772577472059,8.794426390898426],[117.43442607012466,8.798279040617702],[117.43027019307893,8.792058594364192],[117.44144019462806,8.786600681331107],[117.45020682313381,8.78168227568194],[117.43727541498194,8.76786348730217],[117.42311333412441,8.762334235808112],[117.42314452551227,8.760077906459681],[117.42023716203894,8.755230856464753],[117.41137695260139,8.753531991397042],[117.40337284940807,8.750709349403408],[117.37085263579812,8.748074010293083],[117.36710254068856,8.745536810691542],[117.3616802512996,8.744083097859296],[117.35858566562845,8.744756458056084],[117.36300907473615,8.738027659955426],[117.36141719322868,8.73634656165662],[117.35895578116346,8.73528535482424],[117.36202812578398,8.731700183831776],[117.35057708524769,8.731646736340398],[117.34487835082997,8.723968121414671],[117.3474601786651,8.712561730287883],[117.3223821914394,8.695550244084616],[117.32651577402684,8.693565956845124],[117.34053075435692,8.700009370113904],[117.344485971744,8.702947910907866],[117.34606893325541,8.70111524124594],[117.35899146571568,8.699853300622353],[117.3550718646913,8.697868994089465],[117.33299490993991,8.690226112815454],[117.32958817320396,8.682770511505488],[117.33224579335186,8.673428651943212],[117.3105745315928,8.668626199366061],[117.30463052984003,8.662004463455741],[117.30593256100445,8.655726019888743],[117.30340875805915,8.654972422232603],[117.30506307633316,8.653117489384709],[117.3003320088866,8.646281638948691],[117.29606460685964,8.6403109019239],[117.29346937630011,8.641131395611884],[117.29373691907821,8.650281453657987],[117.2973354826331,8.655908882348065],[117.2913067780223,8.651168807329281],[117.27631970309979,8.623897009795847],[117.27823265988802,8.603300385821825],[117.27380925038716,8.59287058684927],[117.2716955949131,8.59562626041295],[117.2683468352174,8.59241126608352],[117.26599684857634,8.591755809062965],[117.26550636007362,8.59515364971271],[117.26178747102847,8.598243759088891],[117.25947768498688,8.596598352266112],[117.26228693892416,8.608192001906971],[117.25961143424391,8.613440378398126],[117.2532483337083,8.604107481983993],[117.25868846388516,8.593494807697567],[117.2615288559678,8.59357065381561],[117.26395020830394,8.577789857886831],[117.25623592026699,8.572461264115066],[117.24878032714717,8.56909906951002],[117.25060410680265,8.565371249901482],[117.2543898546446,8.564046919370197],[117.2511614642076,8.559957935253928],[117.24403582118556,8.559806344011937],[117.24541369240995,8.550955021854117],[117.25426498288572,8.547775669295978],[117.24471358895488,8.541037930107873],[117.241391563145,8.530304909031827],[117.23437745041795,8.525176941573497],[117.22603893140922,8.50988222289144],[117.2278492792866,8.50481226131235],[117.22277931337635,8.505712988786522],[117.22028667637956,8.501062097384205],[117.21491791912744,8.49542136152248],[117.21843615484508,8.46760104720953],[117.21039639592883,8.462401735974392],[117.21743726994258,8.454874716500441],[117.21464587509938,8.42944002740949],[117.20588823120336,8.421110456180944],[117.20373447340317,8.411559056386896],[117.19593991003268,8.405771165599754],[117.1915120960234,8.397490614283932],[117.17802328875244,8.355245052192362],[117.17723850657683,8.34815062710503],[117.17989607463916,8.345113978930316],[117.17788948562405,8.34312968086341],[117.1818402754476,8.335040876828444],[117.19233253746033,8.330100218265342],[117.2084744511156,8.336276053157096],[117.20436769115462,8.336663946830095],[117.20690045269053,8.339232427523436],[117.20967400881588,8.339825500072573],[117.21243864422767,8.338987165779805],[117.21661684017984,8.349711330815774],[117.20555381386518,8.346366998358317],[117.20390836845628,8.354018782001125],[117.20517031447432,8.356649660440446],[117.20260630544183,8.359432187869539],[117.20862608981311,8.37015185604851],[117.21274182585884,8.366040513390496],[117.21452546499415,8.368216554500984],[117.22030444130436,8.375868371209522],[117.22273472216266,8.379672042040005],[117.22694850359872,8.376822686122782],[117.23380219319036,8.377817034556761],[117.23274982349984,8.367534328446391],[117.24195343162931,8.37639458624297],[117.23098850503654,8.388215630648709],[117.2416947911019,8.392661354563886],[117.24389309044905,8.385071975579915],[117.25323936298769,8.396219750131253],[117.25092517284519,8.397330085398368],[117.24804453099699,8.396870762577906],[117.24605135499995,8.399430314945695],[117.24769224139918,8.401169336023182],[117.25708758602161,8.402297511865504],[117.26187224072102,8.412829916809423],[117.25886231167264,8.419701369972083],[117.26277743528364,8.421355680334425],[117.2708305361516,8.429328538923851],[117.27332766109446,8.422350075714018],[117.27080829070916,8.4165398623099],[117.27298878084346,8.414189927635075],[117.27645344114192,8.41662456893221],[117.28055137907197,8.418987881783254],[117.28414991066454,8.422813821900718],[117.2830083794897,8.431353027524981],[117.28614306751541,8.433038503456082],[117.28869821139918,8.432253737139654],[117.28704833196012,8.435183330923884],[117.30125496686792,8.439910010402242],[117.30298517647616,8.4367529967449],[117.31889070670701,8.450799136632977],[117.3208037042849,8.456350742570612],[117.32256952498292,8.451994147250868],[117.33065832759101,8.458879003597579],[117.33146537836852,8.461251254948328],[117.33503268286293,8.4608454977556],[117.34239019159298,8.465621161180769],[117.33876939740773,8.469799362109999],[117.34406238796481,8.470334486597656],[117.34589507172502,8.474534946377691],[117.35430050574955,8.484697231506871],[117.36410603546265,8.489584370766126],[117.36026229780673,8.502315121589197],[117.36188538972942,8.510421754059358],[117.36969331281968,8.516004529704343],[117.36797650534145,8.51927757973372],[117.37290830821036,8.519879532070757],[117.37440658933087,8.522131361800174],[117.37953895858496,8.522131350052737],[117.38207174358139,8.52173002993948],[117.38558102955787,8.522675349873767],[117.3911772004138,8.51688744340687],[117.3882520612044,8.509984748957226],[117.39413806393252,8.500197063373806],[117.4056381152951,8.495465948704382],[117.40477749482486,8.500598392810145],[117.41231337564034,8.506346151968863],[117.41687504619907,8.503287212035165],[117.42294832442938,8.505721862232487],[117.42248905716863,8.508299210809541],[117.41924278487436,8.508927976028755],[117.41600999340197,8.508843274174236],[117.41915808242146,8.5147738687182],[117.41831535824234,8.51882274677204],[117.41746805914988,8.523023209838815],[117.42135639050224,8.52485585001604],[117.41725849703973,8.529417555934725],[117.41042716928689,8.53192802980111],[117.40170518967899,8.530296017414898],[117.40333717289703,8.528521258523694],[117.39519935263232,8.528530215422872],[117.39227866585755,8.531901243758238],[117.38891203665301,8.529221373223386],[117.38876483775681,8.539187428781593],[117.39116384330333,8.54257634330725],[117.40025597074965,8.541354563145141],[117.40518777129762,8.539869655034778],[117.40724335375772,8.534179868609229],[117.41091317638639,8.534126343741004],[117.40715864611506,8.538527492827669],[117.41075712001464,8.544707773525673],[117.41576914753816,8.542496093597396],[117.41521180379628,8.534844307508957],[117.42157939289365,8.544310933836226],[117.42450905422994,8.543133766418885],[117.42471860857161,8.547276276999856],[117.42829480072123,8.540730293485739],[117.42217687312788,8.536164154896277],[117.42417016369215,8.526911529047352],[117.42565944922642,8.518376808383069],[117.43066706169212,8.511228852126301],[117.4331106360284,8.512811827395549],[117.43434576589215,8.51081861624937],[117.43687855980708,8.512058293916557],[117.44061970332965,8.509793022804491],[117.44096752753393,8.512423925862361],[117.44340218996184,8.511104015211941],[117.44304549759643,8.514100500326627],[117.44829382825523,8.515224261244736],[117.45638713958361,8.524989682173445],[117.44819578519294,8.53215986416487],[117.45074632264713,8.536128527449648],[117.45970914429135,8.533729481503975],[117.46325413652077,8.53506723028244],[117.46187186698126,8.541171720422128],[117.46951916660929,8.542041236399186],[117.4713474519731,8.539878571395782],[117.4685337330958,8.535740556619132],[117.47771947818681,8.539276633051012],[117.48214736234623,8.537649044288587],[117.47910620461872,8.536177567507817],[117.4760072032218,8.530460956806763],[117.4700543112739,8.53149545934287],[117.47190929477021,8.52899837596777],[117.46620611155765,8.521364377684014],[117.46868983283659,8.5166109974725],[117.47210096612713,8.514015813961551],[117.46728519947818,8.51435020689842],[117.46301782961501,8.511572237346286],[117.4673253448024,8.508276931178521],[117.49979203300822,8.50579325139013],[117.51257180675218,8.531968142384857],[117.53710135501751,8.5668115529525],[117.53657517499217,8.570093496506598],[117.53497432116619,8.56814035802832],[117.53623621181433,8.58038061698476],[117.53601773073815,8.597271695308283],[117.53033686668917,8.601097592572765],[117.52796466181493,8.604731773791016],[117.51891712014069,8.592857178028282],[117.51548361021052,8.591880606385786],[117.51901073765849,8.601293804505833],[117.51136781484676,8.600205784521993],[117.51005684464243,8.603023957638495],[117.51486375148801,8.604878916497396],[117.50401478099111,8.615090227208999],[117.49964043811339,8.619602873542714],[117.49975637417248,8.624891353566465],[117.50026912609336,8.627495509296619],[117.50895102856018,8.646370846185143],[117.51625056951175,8.646384189520896],[117.52746076270479,8.659315589727566],[117.53782818695105,8.657603345440045],[117.5439415639254,8.665482522669604],[117.55585182309673,8.663128159452338],[117.5683328430035,8.675453115770589],[117.57826324653865,8.675555631303608],[117.60230233394782,8.664140345801295],[117.62602920838222,8.65792880360798],[117.62719746844894,8.662842739911392],[117.63851018191889,8.659516264903337],[117.64764684718767,8.666320850357412],[117.65155307635364,8.66669986812489],[117.6702500712983,8.668773358243799],[117.69484202563702,8.68639570275285],[117.71685659910352,8.68405916855203],[117.7434997362787,8.689731152272014],[117.77061107018802,8.711509392488319],[117.7793241895222,8.716030950708653],[117.78790342539008,8.729885335962466],[117.79385632124232,8.736346583197143],[117.79983603895306,8.751199873017098],[117.81196474900682,8.771198927385417],[117.82864181226333,8.773415064462336],[117.83549990007096,8.769829978965326],[117.85885665910044,8.791238141676564],[117.86175064753314,8.790324015625941],[117.86967890077364,8.815179044344758],[117.87960931802345,8.820315953687533],[117.88694007227386,8.829198474091827],[117.89962622799762,8.834464681333694],[117.91636569484488,8.846415068264376],[117.92828488160215,8.844118591538674],[117.93582523505037,8.853099262493227],[117.94073019228145,8.853843933191422],[117.94108253958848,8.856184949408323],[117.96310153244583,8.874150642585207],[117.96744021326168,8.878658817016602],[117.97726363355116,8.875559697510697],[117.98668126624906,8.887657289339938],[117.98716729471944,8.892102978849872],[117.99118495421779,8.886604944716778],[117.9894548008844,8.88428614955208],[118.00041528218978,8.890305988573187],[118.00697019615296,8.896486271753833],[118.00536939732743,8.900945386659826],[117.99474779116645,8.904838210782426],[117.9834395234466,8.916342655417745],[117.98658314892333,8.925207348673485],[117.98955291662962,8.92300903776907],[117.9929462763038,8.926991001081452],[117.99033775128851,8.931244982386568],[118.00038856560282,8.928551690635416],[118.00064268575271,8.914246915679833],[118.0067829188032,8.9121867485338],[118.00842829010524,8.910478970838428],[118.00248433116718,8.906554937070641],[118.00816971362035,8.905520428120656],[118.01035017886274,8.90645241182246],[118.0157501192926,8.906109021153854],[118.0249447752786,8.927976442875673],[118.02523468589104,8.933389809852715],[118.02297837367905,8.932502457129086],[118.02117687694242,8.943783986001772],[118.02481549911457,8.949852828885332],[118.0310493260067,8.946816170561881],[118.03581605388158,8.949313288621461],[118.03886164676904,8.948394697596465],[118.04605420844032,8.971430367452218],[118.04369087474925,8.974043418768336],[118.0455458299463,8.975358896429327],[118.04964819094586,8.971764849433088],[118.05595340648858,8.985895746783541],[118.05461120213532,8.990930021770533],[118.0584192985026,9.000472496797729],[118.05658663112489,9.008079738618841],[118.05944044603535,9.01517863147997],[118.06964730865114,9.010666055302224],[118.07784759812958,9.01640040255149],[118.07575183228577,9.020355625857851],[118.08183399465223,9.028475666505202],[118.07744622048965,9.035427384729353],[118.06564750588187,9.036747286935526],[118.06100109675715,9.046651008396838],[118.05709935472552,9.044381309031284],[118.05815177330696,9.048162568001056],[118.06781011345838,9.05745094834862],[118.07747748046334,9.046610825217405],[118.09911304916558,9.059778553209856],[118.10511054900184,9.086466288649827],[118.10048197247828,9.096597393512372],[118.11005118789465,9.114442657934626],[118.11655255849432,9.130580155973567],[118.11478675489751,9.143672066375348],[118.12032055851093,9.142722263111317],[118.11815341927594,9.148750977172575],[118.12726334861009,9.147609464699373],[118.12396364915811,9.151787647353673],[118.12382533810975,9.154860005016717],[118.13258300595477,9.153450930596899],[118.14946074218366,9.144233954131193],[118.15578379109888,9.148684139938933],[118.16318589218676,9.151430931265605],[118.17348640678401,9.15996562322186],[118.18162424531548,9.156090719463487],[118.18693947093537,9.157330296502934],[118.18574894171594,9.16010387627677],[118.19264716721108,9.162913115355584],[118.19351222640343,9.169793502978752],[118.19626794478911,9.1700923012527],[118.20002252356221,9.16778245552958],[118.20779471590063,9.168179276700297],[118.2153127495389,9.16990494847279],[118.21754676671793,9.16853160219505],[118.21781431494752,9.165593029364624],[118.22348627520337,9.15861454181],[118.26805949358891,9.176424206277874],[118.27065913934617,9.176464312152113],[118.30597966675151,9.183010271739382],[118.3318023073047,9.17541197665935],[118.33449559944889,9.177436398567776],[118.3351778338628,9.179728378365882],[118.34278505154678,9.17834161578407],[118.34524649095515,9.17889003971529],[118.34812710175746,9.180838703165076],[118.34632559993318,9.182238886352588],[118.34913039492707,9.183264466405682],[118.3591276878331,9.189895152479442],[118.3629580399378,9.209180739806529],[118.38857110528312,9.231828515309989],[118.39894742469254,9.24284252959638],[118.41918729561966,9.245210277067022],[118.41959313232925,9.262021095353283],[118.4247878977047,9.269539159622036],[118.43421890710346,9.280700243695257],[118.44063556740373,9.280200882154793],[118.44277151756482,9.27654437431328],[118.46115188997936,9.299241174500303],[118.47471649868307,9.303963370680476],[118.4696999959645,9.306027972852998],[118.46701119423497,9.305729228205557],[118.46472807559942,9.309992119544937],[118.48055349317738,9.31055841095834],[118.48801795599098,9.302576657590034],[118.48215877092362,9.301622346106068],[118.48841043796973,9.297430793273765],[118.49727956938662,9.312498120975594],[118.50003968811782,9.32181767986557],[118.4980598555321,9.326406028727497],[118.50102077536928,9.325273446719114],[118.50766033403113,9.331324474551275],[118.49938423091744,9.337027620206328],[118.49807330870917,9.341022992030938],[118.50433381722691,9.3408981090235],[118.50638947871984,9.338739913982726],[118.50944396939772,9.341272733630227],[118.51279274366325,9.344358384041842],[118.50936815571035,9.348215504496656],[118.51609699688208,9.350757184046207],[118.52008337509173,9.343934774392473],[118.52728932665406,9.35712923946876],[118.53333583599586,9.359376668678685],[118.5293805996058,9.36831716171819],[118.53017436242617,9.375759390734224],[118.53257335385373,9.377770449248791],[118.53323776460087,9.37484522946596],[118.53533350460926,9.373690364671715],[118.54050156995538,9.393626995601354],[118.55846734859468,9.416484343041684],[118.56229773514784,9.41927126053907],[118.56112491199711,9.421295722927322],[118.56133010544615,9.425014636963223],[118.56667653308614,9.425612156454962],[118.57577306450774,9.443542146047044],[118.58289428704684,9.447617830599672],[118.58544486453374,9.457945051583588],[118.59416245717695,9.46548538033593],[118.60114094994523,9.465445292283594],[118.60448081523637,9.486117670848024],[118.6065676286123,9.494795115850831],[118.6154056156534,9.49950390717931],[118.61595849136089,9.509131089139254],[118.61857158260713,9.512341676706345],[118.61516478917282,9.511512291062205],[118.61788481669615,9.520938837102838],[118.62270511483338,9.523119304090306],[118.63448158724555,9.519302291946337],[118.64198629811126,9.519984581092706],[118.65465902045293,9.548447029999105],[118.66481688171216,9.562238964547506],[118.66224841646599,9.562974774399464],[118.66651584852225,9.5656992539817],[118.66716235725069,9.562742892383161],[118.67617422653237,9.568669030178249],[118.67632578766052,9.565908814538734],[118.68360304571588,9.575362120754184],[118.68315719275107,9.578568218802317],[118.68112832366874,9.577056551637254],[118.68139138928552,9.580093201650191],[118.69773398589092,9.596221798519926],[118.70757075997899,9.613647959077365],[118.73337558323377,9.642614293677939],[118.73605998587324,9.649485786269524],[118.72226348773306,9.647082319926715],[118.71684568298741,9.648535999899956],[118.71747437234899,9.645708942728168],[118.7161767747251,9.642337853442106],[118.71389821268627,9.642097012810478],[118.71173555514137,9.645361124096027],[118.7181745048208,9.655425259220975],[118.72130482199984,9.655719562140165],[118.72159905069267,9.660664766752117],[118.72268262971116,9.658372748062144],[118.72391335802178,9.660579973515985],[118.72581739607251,9.662666889541423],[118.72546516720217,9.658506545160487],[118.73008029140634,9.65534500607077],[118.73375457302016,9.659514262800366],[118.73440116666347,9.65510869491266],[118.74092487241005,9.664272113385449],[118.74678406806952,9.659545519317168],[118.74972710640264,9.662992372872832],[118.74727902608777,9.663964497759302],[118.74907159032861,9.665988931354628],[118.75198336339007,9.663835131187788],[118.754993287115,9.670318664478044],[118.75228660886661,9.672017585409217],[118.75316058240553,9.675807823331063],[118.75663427957213,9.677524565945225],[118.75718720340178,9.688534129122322],[118.75114505432195,9.685765034891496],[118.74537497715612,9.682170961646998],[118.73758943642679,9.683620165633087],[118.7362204756727,9.680235722429542],[118.72958083168479,9.683722749791439],[118.73305006053714,9.695735574858876],[118.72613848506359,9.694228363739679],[118.72344065911231,9.689796017436166],[118.72051555330464,9.691682196970643],[118.71976195866037,9.68613957227613],[118.72140286863375,9.684030434407893],[118.7189815796385,9.683954611289941],[118.71539201845144,9.67802400543254],[118.7123910465061,9.677698484156837],[118.71070101756709,9.673484613948183],[118.70893080124003,9.6753084241066],[118.70811032892384,9.67847883630594],[118.70240712499977,9.676432135321136],[118.70607252124911,9.691227441053595],[118.71209226307306,9.691187239289038],[118.71384473829217,9.694143657323528],[118.71099090586608,9.694968564305533],[118.7144778882087,9.69744788054131],[118.71758585634957,9.69827282350525],[118.72121113491508,9.706838696366932],[118.71932937415687,9.708756157038358],[118.71396512238557,9.708386049585831],[118.70982707858113,9.705362756833843],[118.70836890139228,9.707445175985283],[118.70633109700559,9.70583098128067],[118.70300463844374,9.704083014094708],[118.7006458043609,9.698598268547093],[118.69652112044888,9.70161262656429],[118.69392148201612,9.701893575514683],[118.69173203661472,9.708341451601713],[118.68338901864854,9.706058365995748],[118.68551156720764,9.710495147491343],[118.67930447328892,9.71280944249037],[118.68029889881265,9.715181658375638],[118.67368604052899,9.718566155365782],[118.68366551842774,9.720510289090974],[118.67827889322118,9.721946156435823],[118.69686442547841,9.732375970220096],[118.69875953077194,9.730895574447661],[118.69691799452255,9.735813950830822],[118.69781425003038,9.740232910162122],[118.69253016784847,9.74180699172321],[118.69141096765219,9.738480513739695],[118.68180609943138,9.747639527446992],[118.68210040059651,9.753119689806807],[118.67684757335373,9.748473335347029],[118.67980391168382,9.764071247783551],[118.6860823572128,9.763843882256076],[118.68547588164105,9.77494700933531],[118.68845457577514,9.78262562702379],[118.68631871743221,9.787254133530858],[118.69131290266925,9.793884861772392],[118.69934815942817,9.790420083726875],[118.70532339663211,9.791182594897583],[118.70766881502455,9.78832879045499],[118.71088831500869,9.7852564587736],[118.71001882593659,9.779441800101008],[118.71413008314713,9.77704727832013],[118.7164622043974,9.781145170841958],[118.71473653937245,9.783798353461318],[118.71892365829837,9.794986228401926],[118.72218323584289,9.794049836981788],[118.72458223393254,9.790763495919283],[118.72550075489795,9.800056224194764],[118.72822087697634,9.7962035661673],[118.72629898483281,9.786375670161053],[118.72411843400086,9.784948788775212],[118.72568812398569,9.775330544406616],[118.72211632957993,9.772614938961004],[118.72567468964722,9.771611649402715],[118.73113712310028,9.777069589902297],[118.73382592263988,9.774603666827183],[118.73431647265339,9.763585219865876],[118.73688930005046,9.758198677531745],[118.74043879075602,9.75542506470197],[118.73964063150345,9.750149953921337],[118.73646129903241,9.748245961876446],[118.7357121388028,9.743563877924288],[118.7279666960115,9.742110186632264],[118.73272898543715,9.730980273257146],[118.74926782734092,9.728987061299089],[118.76169084586795,9.725192347570676],[118.76749217414545,9.722931582987252],[118.77203154670919,9.737236417011834],[118.77174612756383,9.767049976080864],[118.76943189212625,9.76820932134006],[118.771897776005,9.771366398916639],[118.76944078659658,9.772226987249931],[118.76715329031859,9.782625634754266],[118.7692981192327,9.79267642119617],[118.76944523383155,9.80083208682036],[118.7599741201813,9.808122767067259],[118.75245161899623,9.804649121414087],[118.75382942466537,9.807052561436027],[118.74742616104697,9.812260754896217],[118.74651212516831,9.817558216408651],[118.75205924152915,9.821789918265967],[118.75177832322028,9.825968035453572],[118.75571122339672,9.827105152284417],[118.7431365074388,9.833156141172749],[118.74276198791667,9.830801714750965],[118.73840095024816,9.83592077618267],[118.740857973998,9.854684694127918],[118.74478642893,9.884538329233843],[118.74328818314699,9.894731853660623],[118.74030054544697,9.894468737335895],[118.73423168963403,9.893420850984006],[118.7323901166139,9.895895689677076],[118.73948005618246,9.896997097300085],[118.74334609565204,9.907797029183419],[118.74265496946884,9.91216251646476],[118.74947295969832,9.92533019486813],[118.74754660879032,9.927100454281685],[118.75570232815843,9.936785605803705],[118.7585560730019,9.936518116993094],[118.76099081540302,9.92980714608447],[118.76810749993952,9.932188332257724],[118.77323992510456,9.930877314761348],[118.76617674939119,9.941253680183317],[118.77868454028406,9.940629366807796],[118.79132607790953,9.946252307996316],[118.78912329524026,9.954358948478337],[118.798362522192,9.942595853296408],[118.81345661031497,9.944754068184725],[118.81941395905991,9.950252091944485],[118.82013187028787,9.944071806472923],[118.83111904312214,9.952517377589187],[118.8367731747662,9.957725588223118],[118.86216780521129,9.976476131769315],[118.88420909706639,9.980743442280014],[118.89451856507756,9.979276394206659],[118.89513392806492,9.981519366452181],[118.89101368712973,9.990883475507893],[118.89588748668648,9.991565697341446],[118.8967258263769,9.988555796880076],[118.8984604367042,9.99135608203443],[118.90254937675448,9.9866428411354],[118.90084156190315,9.984386524705847],[118.89754629822026,9.98431968799875],[118.90998269028435,9.978817161917974],[118.9460122329113,9.981635267492944],[118.9609859251291,9.983793482033327],[118.98433819279788,9.988488942993188],[118.99656059533767,9.996006968916301],[119.01400912242894,9.99822757374382],[119.0224725018676,9.998526341751331],[119.0255938130352,10.000452706412227],[119.04742114574465,10.008577164006917],[119.06442817095866,10.01152910397771],[119.09260964568205,10.020786191595153],[119.119752210213,10.024496125602452],[119.15565687834375,10.02893741957904],[119.19727370669726,10.051906214466449],[119.20094355654592,10.056592787508844],[119.2070792560174,10.072641050395827],[119.21759826718602,10.08804727688465],[119.21332645205925,10.0899780645272],[119.2183161812462,10.115854238421171],[119.21506554172817,10.11926986610981],[119.22178979010158,10.1266407870193],[119.22034060051035,10.131826736648678],[119.22013999559339,10.134074080198383],[119.22518323855165,10.143161755220175],[119.22284663163839,10.144949876466136],[119.22623553334158,10.14726414643441],[119.22887084921764,10.148155980773241],[119.23129666083756,10.152860317839238],[119.22996781223368,10.173077839607158],[119.23208589464849,10.17640884392375],[119.2284339240321,10.178696335527727],[119.23151516373966,10.180850078372856],[119.23356183935105,10.181889075737626],[119.23792733653836,10.186276785002734],[119.23687938057638,10.188519717806088],[119.23938992243548,10.188238803477216],[119.24159716386079,10.187404930489233],[119.24677862599152,10.207925732041794],[119.25857299557039,10.229168864883114],[119.2571995268574,10.232143087739166],[119.26472653999149,10.236281163959069],[119.28494856123633,10.257702693671822],[119.28519827738951,10.262866332362941],[119.29315324962147,10.282544370336483],[119.30818046593542,10.29251936819508],[119.32505367184964,10.3126209856337],[119.35198224307571,10.316830374251104],[119.36597927742662,10.345274956021354],[119.375214123882,10.348708516278817],[119.37787176863834,10.352333763577827],[119.38986224138718,10.35010421432217],[119.38901060147984,10.353127474827069],[119.38699504575061,10.3551741516632],[119.39097705480063,10.359419205484707],[119.39077189788104,10.369652862215098],[119.3880117297969,10.370731942437676],[119.38840415714088,10.377389418658774],[119.39599356565044,10.382526317975472],[119.40632527061655,10.385268675606898],[119.41271957423137,10.378615640327594],[119.40325742172507,10.380301192737496],[119.40048384871736,10.376033872345804],[119.40167440206339,10.373023996589462],[119.41500712107627,10.368729820349312],[119.41827116187072,10.365746670914678],[119.41247884299995,10.363771326897098],[119.42775120290058,10.35191904696715],[119.43718670337287,10.359949889304666],[119.44526209914847,10.370388620434827],[119.46498477623912,10.375249056545778],[119.47738991762296,10.370219208457307],[119.48479656817422,10.372850059058377],[119.49887838135818,10.36591612801034],[119.50755132710859,10.364324256146487],[119.51128362044444,10.36159081591153],[119.53259809151307,10.367998538354847],[119.53197826546322,10.375735085296876],[119.53673609633759,10.368337470411848],[119.54766097053611,10.3701657025494],[119.5518212811051,10.368489029849922],[119.55960243723497,10.372163319810332],[119.56954175071394,10.372515616393057],[119.57557486239799,10.396304941598109],[119.58315541510042,10.411443582601763],[119.62295731350736,10.443339556610864],[119.6343725781313,10.445457602944083],[119.63854636351454,10.448654755690367],[119.64005346971214,10.45165130891772],[119.6374716684192,10.451080560576996],[119.63765003317386,10.454304459586655],[119.63031929555923,10.446706161055644],[119.62750110196811,10.449056059710617],[119.64677781713067,10.469505549276233],[119.65574064095657,10.474629030622825],[119.65900469229807,10.475511906120257],[119.66166231500083,10.478695733597842],[119.6817460932603,10.494182204484394],[119.68855517507966,10.494739567264913],[119.69173007041836,10.500799522359596],[119.68778822504113,10.503452650439941],[119.68483627704633,10.500759368497876],[119.68245959262224,10.503644378375215],[119.68081414502748,10.505646558179924],[119.68363675700832,10.51549671324234],[119.67545872678332,10.514765430073684],[119.67344771815236,10.515889086140648],[119.67704173384888,10.521231087537108],[119.67524027288833,10.522818554826346],[119.67596264584944,10.528704585765974],[119.68265133777707,10.523255550165638],[119.68380622331532,10.525204158406417],[119.69328177932293,10.519536669818475],[119.69598843351596,10.527255374847241],[119.6880022395281,10.528356710619324],[119.68615618813203,10.530242921878418],[119.69493167776335,10.530706687263637],[119.69280470623515,10.535932764178268],[119.69524821915238,10.536186928164808],[119.69702741424288,10.537667378254653],[119.69169435810586,10.543432927040776],[119.68789969648529,10.536757699565845],[119.68226333866653,10.540811017401982],[119.68086320904658,10.53903183389418],[119.6796012416837,10.54168497607098],[119.67081684025884,10.538224759012445],[119.67109329781023,10.540681718435648],[119.66611697902944,10.547035945032002],[119.66852037388233,10.547031433585701],[119.66684381931822,10.550799368277948],[119.67133412575701,10.549211979041857],[119.67109329781023,10.546857576625229],[119.67394271519967,10.548734797555518],[119.67207428895873,10.556034389713576],[119.66491747660076,10.554460299786921],[119.6583268835253,10.570691485742993],[119.65941043878041,10.575863999650945],[119.66189414065364,10.576033486236911],[119.66068133992145,10.578160465739014],[119.65644074370122,10.583604967795418],[119.65581641632625,10.585821199991228],[119.65121906794361,10.591172080684515],[119.65167391093392,10.595805076682096],[119.65001068519715,10.599216330710266],[119.65067058406439,10.603523790555316],[119.63861763815814,10.60247591851458],[119.6362499036074,10.604420091982172],[119.63891193308109,10.607336359168267],[119.64006691094389,10.612968194189493],[119.6403656243044,10.619335792191256],[119.63294119913085,10.620562007304466],[119.63261576311459,10.617672525210565],[119.62492375933748,10.614881157583067],[119.62665838338015,10.619175234525759],[119.61841797861689,10.620615532939262],[119.62082589778674,10.622524019101814],[119.61866765199777,10.626407908353633],[119.62539195249843,10.624294343171014],[119.63447516003276,10.631299574955078],[119.63160796793038,10.634131040857692],[119.63499691165836,10.639053953379587],[119.62944086566202,10.642251107241128],[119.6308721915629,10.644284463323254],[119.62580663910646,10.653554932084676],[119.62767947926638,10.654852505476144],[119.6248836082087,10.657300583641327],[119.61980024206386,10.654495807227551],[119.6205404979083,10.657362987630588],[119.62329621450235,10.662553400263837],[119.62557926470559,10.66238838526725],[119.62796486478979,10.66416314489144],[119.6310372109697,10.667672468721383],[119.63284763635268,10.659846741751762],[119.63824313637313,10.657764285700997],[119.64205115878673,10.659217982820193],[119.65073751990242,10.653768980438041],[119.64794166168012,10.652484706359328],[119.65316328159336,10.651873873954601],[119.65675286214537,10.659632704068633],[119.6665405644282,10.659231384242432],[119.66331665060288,10.663668196096],[119.65119678555116,10.662615794860349],[119.64883350569062,10.668394771603193],[119.65193254475803,10.674512723950476],[119.64145365011719,10.68014011976797],[119.63843927462156,10.684202336996163],[119.63531792060252,10.681584798750212],[119.6291554831081,10.689062738075062],[119.62457150796789,10.687087380884327],[119.62334521003855,10.681745362656624],[119.62113349577389,10.682846726178932],[119.62274328897576,10.679417711394963],[119.63150096222957,10.67845452997244],[119.62628827189266,10.669099384371078],[119.61763764697434,10.673727864688882],[119.61744590212682,10.66499248560683],[119.61362439456721,10.664519844820797],[119.61351737530995,10.661969230206454],[119.6084652671233,10.663672629631623],[119.60082237413616,10.668287788846948],[119.59812460238037,10.66732462161004],[119.60292702341553,10.662022784307831],[119.60506737575999,10.660720703078855],[119.60868815803448,10.65496843226822],[119.60507188675868,10.65269433970172],[119.60278877242378,10.651922859069673],[119.59274686264621,10.66036400390792],[119.58944714134779,10.668787222081894],[119.58378855456397,10.66523774498258],[119.58501032797145,10.66292797054001],[119.57324279365452,10.657184652792347],[119.56875690460441,10.663182111604131],[119.57534749621792,10.678686400008056],[119.56503362654375,10.677518095127025],[119.56290214047372,10.68257474942541],[119.56784730583492,10.689401621137215],[119.57047814584378,10.682244754544179],[119.57883005172465,10.684964857570906],[119.58638822741125,10.686971400278138],[119.58596015645688,10.700165935985066],[119.58899236437544,10.697258606439334],[119.58984406377125,10.701111264713107],[119.58878722330563,10.703171320951332],[119.5947312408418,10.710167662718176],[119.59188182326625,10.718706866569272],[119.60177660832069,10.723464674626735],[119.5992482452561,10.730871285817585],[119.58907702147086,10.736850951931103],[119.58637486956457,10.746638639620338],[119.58994658935244,10.749764472214808],[119.59265769633869,10.75832152279222],[119.59485605414842,10.770980856960497],[119.58136284642448,10.767654372590997],[119.57990917107821,10.781513252065654],[119.57441104453581,10.778927012063766],[119.57095085318599,10.783992529093],[119.57392507810161,10.787657923242948],[119.58010981312783,10.78613739616518],[119.58499254682467,10.785218800710686],[119.58797567915511,10.781584621702503],[119.59222964421059,10.79269228249157],[119.59446807989715,10.798448973125735],[119.59213154322146,10.799742125250223],[119.59070460406623,10.806444096633582],[119.58281650696179,10.80458915156141],[119.58316877324864,10.809525342452973],[119.57523602472887,10.80844179269608],[119.57569526901054,10.813988915394477],[119.58140292136882,10.816842772563515],[119.59594407479757,10.811424967121134],[119.59772328024968,10.809734942982109],[119.59547587310924,10.821315206205437],[119.59741554316156,10.82339763032449],[119.59134673287711,10.823299530412221],[119.58812279067321,10.824111081095374],[119.58836358262002,10.827196789710984],[119.59187288889204,10.826804364103175],[119.58842161324145,10.834286755086788],[119.58310189403052,10.834674711607295],[119.5824151417271,10.828619214121971],[119.57662277694153,10.833310218283085],[119.57583354628093,10.837836165433345],[119.56506928228147,10.831892232460936],[119.56276393916782,10.827954850024895],[119.554362960185,10.82830263829373],[119.55428713076057,10.82362947823031],[119.54403120729522,10.819357712232213],[119.53637053018532,10.808151944480034],[119.53151454462424,10.808357054563453],[119.53114445184195,10.821243841364046],[119.51842257444208,10.828177814549512],[119.51322779468127,10.826844479873495],[119.51074406893792,10.829676050271102],[119.5082246304895,10.845951776248615],[119.51059245247644,10.846941645324895],[119.50654804878049,10.85317106840388],[119.50978975881262,10.859801764219865],[119.4945797760684,10.86686942588713],[119.48196054708228,10.87469512065113],[119.48240645657167,10.881339172983587],[119.48024824893862,10.878926800693582],[119.48040875008648,10.882699194720264],[119.48649987147213,10.887060220870548],[119.48411872914005,10.888152727892772],[119.48959003958575,10.900696118556723],[119.48776629247102,10.903483066201689],[119.49672458031614,10.930148496062667],[119.49122654132498,10.941073280919756],[119.4922922447927,10.945171252207759],[119.4916323221926,10.95198024596967],[119.48890779691772,10.9545442632711],[119.48717318462043,10.96445236741232],[119.48985312750197,10.968666220312814],[119.48885875534572,10.971078615936825],[119.4846582917482,10.96636981420912],[119.48280332105662,10.96814002678769],[119.48493918219835,10.977954511614849],[119.48759234392851,10.978083820177009],[119.49023660472295,10.975377182128856],[119.49254647573896,10.975225521490415],[119.49255090176119,10.988607304339421],[119.48851094920637,10.98891949245094],[119.4934694754825,10.995880097668698],[119.49035256831725,10.998662615671945],[119.49186415852434,11.002024739588922],[119.49664880898851,10.99867593687312],[119.50232074930918,11.001208724097754],[119.49852608501584,11.005725792906107],[119.50021161163266,11.007924115082998],[119.49690745814614,11.008918510585795],[119.50053265787238,11.012802399292314],[119.50696715178152,11.009252923704702],[119.51677275169138,11.026161839462196],[119.52043364923742,11.029501766307378],[119.52079040564107,11.034678749470373],[119.52700194940243,11.03827722508018],[119.53520223434073,11.018104298059518],[119.54193099953159,11.00869557078784],[119.54840115841056,11.00104372812078],[119.56019099930737,11.003358012118557],[119.56834222878969,11.005877435876503],[119.56483738711351,11.023134113961644],[119.55005097165838,11.06291375034647],[119.54707235695938,11.06672182137706],[119.54948024195204,11.069254595648527],[119.55329727436852,11.06821120175592],[119.56110064677945,11.083675386853685],[119.55390364738527,11.079448105995557],[119.54923053592988,11.073718206078453],[119.5447223913834,11.072041574133632],[119.53335614469202,11.061326360596246],[119.5333294190935,11.05880249480268],[119.52984239378168,11.062525817814132],[119.53376640855355,11.06778759383798],[119.53301720709717,11.070342630523315],[119.5312202050094,11.068732909654713],[119.53093037813048,11.07186317709801],[119.5284333294097,11.07543043640668],[119.52822367658302,11.084830270270588],[119.5248437015792,11.091019518905668],[119.51588539217377,11.094221143590953],[119.51033825335729,11.093717226833848],[119.50499625066446,11.10366996503843],[119.5079392713234,11.116489879881403],[119.49928414070196,11.127008899400053],[119.4961761224712,11.130005418637943],[119.498575123302,11.135441048144557],[119.49561429623814,11.136292768433407],[119.49767888845378,11.140760766226066],[119.49876242461691,11.138058558283557],[119.50381017421368,11.141915634161338],[119.50009123017296,11.143222171397522],[119.5016876040785,11.14645506693636],[119.5072793318306,11.149005614987903],[119.5070117616173,11.151284264127465],[119.51661662779239,11.149959881370936],[119.52313589543473,11.163056287481833],[119.5276039201527,11.160813338523642],[119.52887918358054,11.165366077780126],[119.5349614413852,11.173882936274518],[119.53622779011079,11.181240504142165],[119.53157250981101,11.181057682547507],[119.5302258530095,11.174270933438807],[119.5252361126854,11.181891500181115],[119.51894430780939,11.183907035663433],[119.52242239338251,11.187483254505633],[119.5192965542034,11.193262236594348],[119.52770649033627,11.199273118261338],[119.53302172037066,11.196575336463438],[119.53736041497925,11.199317702742896],[119.53629911591905,11.20321492192065],[119.54356301246771,11.202791332763303],[119.54679583516447,11.213502085537366],[119.55097404472104,11.229920460987962],[119.54882474059421,11.236029491507521],[119.55644980203719,11.242695852604681],[119.56450294778855,11.26822863604295],[119.560962443733,11.282961523594054],[119.56877035257315,11.292499471902127],[119.56151091969743,11.301582726168869],[119.56049863970372,11.312146352174409],[119.55800157508149,11.315169622142223],[119.55584335132272,11.313457308844539],[119.55261949264741,11.31449183321645],[119.55108995934211,11.31909806040897],[119.54679141081144,11.320783561634782],[119.5509874058768,11.322955204964783],[119.55356033421675,11.320658763983841],[119.55331505945927,11.33375956248224],[119.5522939616178,11.337589931393351],[119.5464034830046,11.340457149803466],[119.54038816699246,11.323418891297104],[119.52783578707253,11.323525972326212],[119.51941700811155,11.327463327317686],[119.51775816926173,11.325737676174692],[119.50969168985664,11.333817556851441],[119.5078723569954,11.346735527101751],[119.51052111391103,11.348180338409026],[119.50674419090701,11.36163790032409],[119.50886226102449,11.366565216330306],[119.50595050404033,11.383402708946383],[119.50809089057849,11.40141748187442],[119.50246794875952,11.407776204641394],[119.50341327898842,11.415994282043787],[119.49709024722662,11.416850481845225],[119.4927248443284,11.413671133939125],[119.48776629247102,11.421033084609206],[119.47941882786641,11.420582741808552],[119.47761735033485,11.424988339829808],[119.47454950168805,11.421220345764546],[119.47726066415119,11.411593218875668],[119.47881683285969,11.406220007157572],[119.47029107508361,11.403508809645466],[119.47656056868121,11.37143899642916],[119.46161810529347,11.350699712106486],[119.45335094722655,11.346659731799194],[119.45433192769147,11.33134276472996],[119.45619585197934,11.333170989840328],[119.46030718524547,11.323731043427339],[119.46629574248861,11.321657546196462],[119.45815785631592,11.31950826615041],[119.45480457391182,11.323601720543914],[119.44874913145794,11.32008348648838],[119.44762988999366,11.308061755807602],[119.44979256841452,11.297377806138844],[119.46964893597297,11.284651533379886],[119.46977828478074,11.274096822187433],[119.48311989118699,11.265945571892253],[119.4853985382686,11.268995553618478],[119.47991378982393,11.273815879943411],[119.48179553277909,11.279082091335829],[119.47711352752421,11.276428891331014],[119.48129163600451,11.282216829969386],[119.47359973291074,11.28719320137236],[119.48108651799838,11.291415967224488],[119.47390738147777,11.296182735792007],[119.47414376137107,11.299531515146198],[119.48229500145999,11.304833414998134],[119.46788762044304,11.306559049905601],[119.4672633549288,11.309631408459685],[119.48444423745508,11.321720029483922],[119.48889885612694,11.317091479001208],[119.48810967424592,11.308342733591587],[119.4951995861686,11.303339604593416],[119.49474920171589,11.294943102655365],[119.50307435934134,11.294327743207981],[119.50875525187728,11.287541004114829],[119.51643386348906,11.285859945432241],[119.51619303908157,11.289066019549013],[119.53031948310164,11.29201790111385],[119.51893094367041,11.296254049000083],[119.529525749318,11.303910358683687],[119.53838153071267,11.290461720285013],[119.54414712753234,11.293707954872183],[119.54891835854728,11.286667017330803],[119.54296995759206,11.284548941936903],[119.53037744877075,11.286372680855743],[119.53499710460842,11.280723048928838],[119.53358800232469,11.276495775422774],[119.53787765494305,11.272032225411296],[119.53699033726892,11.266708038245236],[119.5315948109148,11.272638681140373],[119.52371106649058,11.271077969284352],[119.5170046360812,11.274631857284014],[119.52320280266464,11.260086284243824],[119.52982009240574,11.261357129102208],[119.53662910793771,11.249518244759656],[119.53481427518668,11.243913128032942],[119.52111591964243,11.251988539675546],[119.52161082695679,11.247890649498961],[119.52631970693649,11.244960995721204],[119.5170803967016,11.230772201612503],[119.51149763490116,11.225443537109026],[119.50504528674934,11.21277528153899],[119.50173221554888,11.221296574087958],[119.49250628745065,11.218380330872396],[119.48291034945854,11.227427844551864],[119.47589172114536,11.212690525600003],[119.46754870595811,11.214117445943222],[119.46258132204805,11.223057914134444],[119.44158335751447,11.230620582786841],[119.43940284621804,11.23765256951323],[119.43651785125627,11.239792930181636],[119.43562158636524,11.235868956413],[119.44506596216121,11.223374498196263],[119.45465750300687,11.222326648205607],[119.46382537531596,11.20979211004311],[119.46460574745113,11.201832598559394],[119.47553051563044,11.189480937846204],[119.47436668407755,11.186194521643403],[119.48056482466657,11.175354460102135],[119.46790098931058,11.17996515208806],[119.46338392400231,11.176134775316006],[119.46167158307144,11.16405066929884],[119.45619142484442,11.156875961923319],[119.47112488665164,11.142432894482916],[119.47646247713821,11.147311198669005],[119.47463422628438,11.149612103485124],[119.47939651868442,11.153241789587204],[119.48650881241146,11.154909454954073],[119.48999582505411,11.151716738349275],[119.48482330278163,11.151145986056655],[119.48023036628453,11.119856473931007],[119.48387351298182,11.118108490687485],[119.4800921740166,11.111335137971256],[119.48583106993742,11.110577099736576],[119.47801422797049,11.094997018394455],[119.48246886785554,11.087987315881097],[119.50074668830165,11.08607433212125],[119.50174106702949,11.074690288812926],[119.50627605160797,11.074418231493302],[119.50550457879905,11.063337405352957],[119.50021612593547,11.067627047400464],[119.49579708695748,11.065558028649612],[119.49766100795865,11.057683243066924],[119.50339539920456,11.058682113663917],[119.50367634169076,11.049509755125872],[119.49872675240982,11.052613229681311],[119.4919266542415,11.051440495819856],[119.4918776136952,11.054303223908029],[119.48320018445149,11.034830365994665],[119.47761292385498,11.029573087763483],[119.46555548671695,11.013957297874121],[119.45961152334232,10.996236845835325],[119.45314136240012,10.992544672819323],[119.45379685630999,10.988629641304309],[119.4318491724551,10.9883308890454],[119.44041066376333,10.971582434343693],[119.43985774197259,10.95652411932658],[119.44920399793087,10.921983913761064],[119.47198109227737,10.876728489232523],[119.48802495754983,10.862619834745837],[119.50662381490432,10.82858799124791],[119.50822020494842,10.825850164109777],[119.52170897629149,10.80097283602963],[119.52207457976102,10.762802890448205],[119.51762443820903,10.755048557288696],[119.52217272877915,10.743575262940245],[119.52066995288334,10.72677778722011],[119.57538766132042,10.611398540400439],[119.54014738273993,10.598743671303467],[119.52877661423426,10.551668916326403],[119.42568224854574,10.595916573944887],[119.36722787664112,10.584621679832454],[119.35445698629873,10.602150371302749],[119.32221321567096,10.600857286056787],[119.31318801686493,10.583136780877075],[119.3092907584714,10.583863669156491],[119.29914634362514,10.563971598264352],[119.27764898695698,10.544846465601491],[119.27505380745745,10.543415131559488],[119.27726548409305,10.541466480573941],[119.26307216715344,10.534586077191056],[119.25725751230124,10.533538218637002],[119.25809581615395,10.536655096702148],[119.24270751134355,10.551628759178111],[119.24038873603773,10.545029294676901],[119.23241143021018,10.549220904397082],[119.23002580827547,10.547771695685855],[119.23403900868925,10.53838082766706],[119.23872549132143,10.534260582082362],[119.24299285565505,10.531219516916902],[119.2507472194572,10.532427914735306],[119.25839460760658,10.522015888014915],[119.26910982968178,10.512045354696687],[119.26379899410146,10.50370234644453],[119.26098085749537,10.502110513074786],[119.25826524960031,10.487868119854417],[119.25321753965824,10.481469303630742],[119.24361266630753,10.479721301298865],[119.23896624042561,10.485540434970815],[119.22621770841995,10.486467945927332],[119.22479082097497,10.489134478674398],[119.22108084983468,10.480715675726183],[119.21620703836676,10.481393499361648],[119.21209127726245,10.471895616027552],[119.21645225812998,10.470584650874702],[119.21252381575908,10.45974009294423],[119.20730666356376,10.458643126227521],[119.19519575574536,10.4545586156685],[119.1908526060242,10.449778428372184],[119.18704005003073,10.431857333884865],[119.18841788936882,10.428914303662749],[119.18610368331714,10.428789487509077],[119.18186751785929,10.426078342677508],[119.1768955593583,10.426087256839285],[119.17827792723321,10.414712064539716],[119.17148670000638,10.410012232500673],[119.16359408802639,10.412830336058],[119.15303047954657,10.405392595555899],[119.15433250547818,10.400946853356164],[119.14780442918094,10.398494326895527],[119.15239734042103,10.395319490303955],[119.15161247844861,10.391796805750367],[119.14839304653877,10.393665129131476],[119.14272992709077,10.386989837809542],[119.14533405677045,10.378727171707187],[119.14936957488378,10.381295571301957],[119.15030599272993,10.37333160948679],[119.1385651250809,10.371984990672173],[119.13251865080026,10.379351436622661],[119.13048976539727,10.38051079764154],[119.12820670435282,10.380742661240472],[119.12269972494309,10.384318835789239],[119.12071534584717,10.38276712916351],[119.11449492408369,10.388755692681897],[119.11984139791271,10.394971672106696],[119.11587280506514,10.397143202645118],[119.11293420980864,10.399519975782765],[119.11692959206286,10.402458496843526],[119.1114984378835,10.42292575436977],[119.11860172855079,10.443165645466275],[119.11066898896235,10.449114078379454],[119.109857462965,10.452699182925041],[119.11281386747433,10.4535241117611],[119.11404453195713,10.459677663059677],[119.1045823494037,10.457702259024751],[119.10185787762568,10.46130526214891],[119.10585763425775,10.464578208616759],[119.10344976960567,10.464934970987112],[119.10201390791866,10.467409720037185],[119.10945613583972,10.473068375274746],[119.1117614892152,10.472952429141412],[119.11298772484255,10.475574385297108],[119.12041663512815,10.471806419939014],[119.12116571814364,10.478450494854803],[119.11613584880588,10.48067560656681],[119.11495418955377,10.484082339133092],[119.11070919240115,10.480532913515423],[119.10628124762928,10.477728142391314],[119.1017374377506,10.479181745306361],[119.10201390791866,10.4832216842744],[119.0987944859002,10.484269610732786],[119.09632411257961,10.484447967259593],[119.0936308246903,10.472417351346289],[119.08906915029941,10.47233703803877],[119.08279071060447,10.480073579178166],[119.08409280778694,10.46818563230199],[119.07698053542133,10.463490197162978],[119.08952840392733,10.461795723609411],[119.08517191826546,10.458687754207281],[119.08635354300657,10.456484937019212],[119.07518792372188,10.451767203326288],[119.07727036592523,10.447927942973783],[119.09114705331658,10.451740473331723],[119.09273896877463,10.447432942915746],[119.08738364032082,10.445337157369654],[119.08818623263531,10.44224704765494],[119.10136733083064,10.437123530296946],[119.10340965299677,10.43220069240598],[119.0968592318846,10.427581061132614],[119.09466974857442,10.419300498842691],[119.08823975639153,10.419487818478508],[119.08654971028822,10.421423011218405],[119.07944642946569,10.416402085143089],[119.07234752218919,10.420959305340624],[119.06684499800454,10.422025054323788],[119.06287191435729,10.421775321009756],[119.07507199000179,10.407956547731727],[119.07374318442544,10.399270210877546],[119.06482943933972,10.39303643786394],[119.06339809598917,10.388497039972812],[119.05268288004828,10.387181614110997],[119.04758611039908,10.40104937823089],[119.04817023300595,10.403555401664228],[119.0348241751584,10.398565682688423],[119.03658556166135,10.411675448533018],[119.02819346599877,10.412830376748673],[119.02480456686735,10.416540287899796],[119.02271768027188,10.41790032159469],[119.02311461803862,10.414836936208138],[119.01909244543063,10.406592088695168],[119.00995580618952,10.404487355090637],[119.00890342909659,10.40669907052095],[119.00609865354635,10.406935412052787],[119.00327162390663,10.40291776503932],[118.99582937458476,10.41382475274858],[118.98638047883705,10.40588755584142],[118.99162441040966,10.391003038144529],[118.97979440240198,10.384662217842347],[118.9827775706603,10.375842127518046],[118.97467984677056,10.37101738888561],[118.96549855519014,10.37101735206737],[118.96787527726768,10.366263928471126],[118.96517751058087,10.364435759493057],[118.97515250102983,10.356743783224141],[118.97198655152337,10.35200377876034],[118.97687371067572,10.348262532244105],[118.98336611447728,10.353158645693936],[118.98870367622284,10.351281413103836],[118.995383428583,10.355794008027384],[119.0011624192057,10.360315552532843],[119.00672733908289,10.372096478462844],[119.01598450031578,10.380042616884067],[119.02400643666266,10.375672648338742],[119.02148254900617,10.372337221771627],[119.01606025045456,10.365278502121887],[119.02003330617472,10.359066945017021],[119.01540034382889,10.354139639393948],[119.03252778049062,10.334720296190069],[119.02888466293608,10.333427157815189],[119.01539590359168,10.339888369857274],[119.00782431325642,10.344222642989939],[119.00429268920468,10.33778816817132],[119.0040117792483,10.331826287287852],[118.9972562865341,10.322653924529295],[119.00174654098193,10.316299709032041],[119.00097964201079,10.314096954430049],[119.00316904630151,10.312371288438563],[119.00664270336364,10.312032334478925],[119.00220587921882,10.309700243012264],[119.00441755764531,10.306088429504317],[119.00575975376466,10.303114149327687],[119.00237533311774,10.304246775018406],[118.99570893998221,10.301772004333053],[118.99441577194368,10.303876709105678],[118.98440516507355,10.301526764773596],[118.97488939240996,10.308665770155438],[118.97451036242522,10.303725057590796],[118.97758272586259,10.298668440103254],[118.97016721822641,10.288002273090516],[118.967496230077,10.289197331250868],[118.96149424442123,10.282932267448123],[118.95217917498839,10.289108135513876],[118.9518759598575,10.293812523538197],[118.9461415907143,10.293094601452264],[118.9415175153134,10.298240397267556],[118.93902932793637,10.296554823762506],[118.93966246234926,10.289161667418643],[118.9320998646167,10.28894317172042],[118.9338076919524,10.285023592735099],[118.94949481648283,10.281732770958396],[118.95274100538217,10.274428742239428],[118.96021447056992,10.273585988261294],[118.96040626853318,10.266977646698232],[118.95819005033775,10.266331078653954],[118.98507843912061,10.227095438579887],[119.02930378391899,10.201848012526282],[119.02662831609472,10.187743888771848],[118.99473240372062,10.123943045094133],[118.95849778381917,10.108006220408878],[118.89649395698187,10.111742935398219],[118.89672138273517,10.11619756981056],[118.85575559400586,10.107248150531516],[118.85358402511423,10.118886442488655],[118.85634417396477,10.122400166549939],[118.84675709540876,10.138970229010793],[118.84173169749204,10.143843975265096],[118.8282652721433,10.147103599598863],[118.82173715563172,10.161274610183456],[118.82369016852708,10.176832416532449],[118.84749737387857,10.1757488504528],[118.8803921008539,10.20864364716408],[118.85946109519625,10.208135311403758],[118.84638255424694,10.197072290204385],[118.84242292482253,10.188296798072738],[118.831248407158,10.186160848036634],[118.82260665614238,10.19261318235629],[118.81759017954478,10.197139175232053],[118.8058448761884,10.19067797568925],[118.80726730240286,10.177862456973346],[118.8062908307709,10.168534039982479],[118.81257363239423,10.162277899861117],[118.80966635046663,10.147415700405329],[118.81062501692334,10.140191974626532],[118.81127609938595,10.137864375251986],[118.81312209297668,10.131692966163438],[118.81225707515992,10.129606103321947],[118.81083460494698,10.12782243527407],[118.80506901003275,10.121481575344047],[118.80990715138154,10.109829969041382],[118.81610080176851,10.111800913012042],[118.82501454024359,10.110824356140052],[118.82773011208926,10.116469601255593],[118.82949153667401,10.112068454822632],[118.83231852372629,10.112746225302569],[118.83147574974574,10.115158569082093],[118.8338926558946,10.115047135358704],[118.84102268623812,10.108032985417761],[118.842516540329,10.115310243923561],[118.84479956790621,10.116545350021326],[118.8480145977174,10.112487568640363],[118.84659662867801,10.110481037651287],[118.84723422737387,10.102610708216906],[118.82737784259193,10.099926323221508],[118.82994631550322,10.095667896981112],[118.8279442118937,10.093924332905042],[118.82964757530587,10.087766345901361],[118.82126003530664,10.085568023648051],[118.82485849702438,10.084720783055099],[118.82603126250812,10.082491246034207],[118.82133579136963,10.081710881415733],[118.81977958381412,10.076810325617933],[118.80998735899028,10.069613366405205],[118.81305077898149,10.065288008705135],[118.81161942381573,10.06193477861679],[118.80930959452213,10.055067733350306],[118.81014341691504,10.047429313066495],[118.81321581481176,10.040152085540104],[118.81059380544588,10.03501967318258],[118.81431272961038,10.03450684161782],[118.81067854770508,10.025151630620753],[118.81322470682353,10.023666758633258],[118.80181833398801,10.016344888712252],[118.80062769214007,10.020099511301915],[118.7972299250567,10.019296833481269],[118.79644957016254,10.022578775575242],[118.79013099940991,10.018574443557336],[118.79039859888405,10.010088796046718],[118.78963155032876,10.007885976389323],[118.78129756192358,10.009741021689397],[118.78450810434637,10.017343780088279],[118.7811280458962,10.020683629165514],[118.778488339577,10.02255202592146],[118.7738775531305,10.013803235389535],[118.77151425192535,10.039135421329604],[118.76237308352142,10.039559004484584],[118.76631941955758,10.046198608735136],[118.7759822677747,10.046336838067367],[118.77516623166593,10.059709665473141],[118.76376877075454,10.061613736781585],[118.76051368995071,10.065109674862262],[118.75792736757391,10.062719602611342],[118.75705342020605,10.065832051090561],[118.7500570428389,10.065377182036327],[118.74008205712089,10.07437123513392],[118.74812180333126,10.079561627657522],[118.7541951118042,10.075931883149417],[118.76936500569354,10.071673468387434],[118.77395786793113,10.070487356481536],[118.7729322724463,10.086321567555716],[118.76120482758498,10.094762643196585],[118.75959065628011,10.098927438322962],[118.76391597941962,10.099681034057355],[118.76349676791992,10.09621186512995],[118.76668063067183,10.096095957872114],[118.77084539509922,10.094767146851822],[118.76850882128977,10.107867989546266],[118.76256040928023,10.116674707458026],[118.7713002536249,10.115145245403864],[118.7643038802704,10.129922672740388],[118.76031301931059,10.130796685545686],[118.75872107663236,10.119305574627697],[118.75559078182803,10.113236728296444],[118.74723001072357,10.108104340485156],[118.74735935431995,10.098129313508053],[118.74558901032829,10.092060461359726],[118.743725150715,10.0887607151815],[118.74522339239151,10.087008282368437],[118.74542408204896,10.084551298448817],[118.74314104436823,10.083730857216112],[118.74006426489875,10.083115470691773],[118.73191744278014,10.075396805120844],[118.73146264969631,10.073055758413012],[118.7267047709474,10.071098244020416],[118.72560778484532,10.041529916097488],[118.71940517884794,10.03553687795],[118.70939010730024,10.033650667854433],[118.70669680391863,10.038288172198603],[118.69537507431389,10.030640827399358],[118.69258818771438,10.026948650136529],[118.69273083462686,10.01927901613472],[118.67639716284584,10.010467813983837],[118.66882561007765,10.01002640326843],[118.65903346059187,9.998187448517443],[118.64875524756327,10.002312156267559],[118.6445324760981,10.002682201970785],[118.64628488624,9.994927820936814],[118.65221100186727,9.99237276549451],[118.65282632559618,9.982558339051108],[118.66217712401668,9.980373363685533],[118.66209239187617,9.973212062013204],[118.65684843602067,9.968480901990938],[118.65166252241136,9.965207975199618],[118.6444566361081,9.960557094172511],[118.64789459088911,9.954448152649201],[118.64226723063844,9.948727124294976],[118.6455045066227,9.946604620089108],[118.64383682978603,9.933931844280155],[118.63643021416183,9.933655375587135],[118.63228332277367,9.926810638585959],[118.62429261960983,9.923765086975992],[118.62489905800035,9.919662660161961],[118.61216382088705,9.915738692985945],[118.60492670712671,9.912626217580593],[118.60721419876907,9.910316408030326],[118.60420435808886,9.90549164382281],[118.61233324837791,9.90227217686644],[118.61172240045661,9.895668235230174],[118.61341239852119,9.887048817654536],[118.60590770059515,9.877747112891399],[118.60615744431122,9.871981529215477],[118.59776985218743,9.867138961396174],[118.59427393733297,9.866273852555478],[118.58524869508081,9.853123997220493],[118.56861181255042,9.845347294104187],[118.56596309838982,9.8290091382448],[118.55521221993709,9.819738707486767],[118.5448090722869,9.810561874964101],[118.54054619448144,9.804577792146453],[118.53839244603174,9.79834397066948],[118.52403411389403,9.778830930533934],[118.51564658682184,9.775111994767592],[118.51590965281561,9.767134719300449],[118.50823112439272,9.759688011037534],[118.50614866991147,9.761507303325528],[118.50351338073008,9.75990199461915],[118.49109924858905,9.74915557204547],[118.48936468652211,9.74134321146716],[118.4807095130286,9.737548537631884],[118.4702662837376,9.730351525886256],[118.46232462286785,9.732755020942502],[118.45513214663232,9.72667280658394],[118.4482160790001,9.72668168750142],[118.44073369372938,9.720055462722213],[118.43266717813192,9.714552965141515],[118.42771759206455,9.70292361378417],[118.40893587036597,9.685082788382429],[118.40936392819273,9.671009834297049],[118.40780323227347,9.664214147201083],[118.39756510552967,9.661627912620267],[118.39001590484969,9.661766098882966],[118.38863796966206,9.656816501984457],[118.38863796966206,9.65319571283712],[118.38460252294412,9.652642813765342],[118.37571999043435,9.645396764516818],[118.36799237236022,9.650341909764828],[118.36114769069312,9.652326222670933],[118.35510553269424,9.657115296615904],[118.34088994526934,9.64919591505433],[118.33065184825263,9.632309283300591],[118.34141163445048,9.61422321496398],[118.33603842628895,9.605973877267369],[118.33675632646428,9.603026427740222],[118.32869435541345,9.579919333766794],[118.31625341508585,9.574965291292013],[118.30299647511247,9.566711443156645],[118.28771514820929,9.549936304378754],[118.28453136572914,9.545588686336577],[118.28532067100726,9.535742992623021],[118.27323644219351,9.523542918042278],[118.24414971363842,9.506879254837651],[118.23510670355773,9.491432928921421],[118.22690642376159,9.496106080068852],[118.21643641034771,9.487928089799649],[118.20793296000701,9.479937378403966],[118.20421407459877,9.472691334119206],[118.20191758777266,9.472856344138803],[118.1975878179078,9.468272333376376],[118.19902808178618,9.460709741932178],[118.19431926595735,9.446971208127616],[118.18944992725704,9.437839009520339],[118.19291912757883,9.431119144576906],[118.18830841766558,9.428666595652453],[118.18578009301979,9.41210106010385],[118.17857863706455,9.404761412230483],[118.15321972812816,9.398402728480558],[118.15101693026443,9.39731471237646],[118.14743181126161,9.396124090008163],[118.12685753046206,9.396520960299465],[118.12805257068393,9.386889273334564],[118.13131219234496,9.385636302979327],[118.12800801575982,9.384004252892105],[118.11593276569613,9.372807456622205],[118.12483762244152,9.354467153573522],[118.1273212970431,9.357740195079694],[118.12481083542184,9.360330917872632],[118.12852526290564,9.361789025895268],[118.13513808738485,9.35410598595634],[118.12941260649964,9.353954372149625],[118.1258453471357,9.351782813681785],[118.12736594143138,9.344434193346814],[118.11812216655635,9.33959608345335],[118.12099828627548,9.334811442029373],[118.11857702701533,9.330842877199968],[118.11452815581639,9.330758116781208],[118.116565952638,9.32825661835321],[118.11128634814385,9.31833951151707],[118.10850838619851,9.313064391479873],[118.10253314950518,9.314040934775129],[118.10173497132183,9.319610386264952],[118.09869832464209,9.319182302597122],[118.10205154612045,9.33290743823227],[118.09954107885147,9.333041227283617],[118.1023190937975,9.335458053224452],[118.10004947995516,9.336082321100768],[118.09680767205009,9.333808132134457],[118.09111790910333,9.32677168134937],[118.08685941905885,9.315851349254812],[118.0744988265763,9.312596212458924],[118.0711188194848,9.302268946585075],[118.05692543976183,9.298572334690803],[118.04977307188047,9.297792033763168],[118.04779327882613,9.290715430833444],[118.05085215381631,9.284196181350248],[118.04420810235547,9.276638059469635],[118.03721182312826,9.276945711513605],[118.03795642542585,9.27476517873934],[118.04765499709414,9.26944106974072],[118.04931383476129,9.26583806731477],[118.05265808272618,9.261757981095334],[118.03993632868014,9.255216537228467],[118.0370735331183,9.255506372624543],[118.03877695834085,9.257298878767935],[118.03607914614916,9.257856278030802],[118.03718055601661,9.263162654308191],[118.03444716376079,9.264915037874825]],[[119.6356479488747,10.614007143044315],[119.63538035366255,10.618408277492579],[119.63261576311459,10.617672525210565],[119.6356479488747,10.614007143044315]],[[119.57132535519744,10.43861735415523],[119.57305550104931,10.440298386497767],[119.56864100429516,10.441132235446869],[119.57132535519744,10.43861735415523]],[[119.54153412105194,11.279679597260944],[119.54370123230558,11.28146769396044],[119.54296995759206,11.284548941936903],[119.54153412105194,11.279679597260944]],[[119.27669031658957,10.298276049430559],[119.28012825674364,10.299805548438048],[119.27689093399144,10.30070176181257],[119.27669031658957,10.298276049430559]],[[119.21840983352413,10.145832786594557],[119.22284663163839,10.144949876466136],[119.2213662355004,10.14685391343558],[119.21840983352413,10.145832786594557]],[[119.25426546935797,10.53562950619051],[119.25439030895548,10.533110139944668],[119.25725751230124,10.533538218637002],[119.25426546935797,10.53562950619051]],[[118.76580219512172,9.793626228381521],[118.76203418878168,9.788578471001118],[118.7692981192327,9.79267642119617],[118.76580219512172,9.793626228381521]],[[118.69304300222528,9.73636687567453],[118.69457250790116,9.734306755123386],[118.69691799452255,9.735813950830822],[118.69304300222528,9.73636687567453]],[[118.69069754798416,9.736019049170837],[118.69217795477708,9.734150730424895],[118.69304300222528,9.73636687567453],[118.69069754798416,9.736019049170837]],[[118.52287037061139,9.362319671577174],[118.52167526254287,9.359791379567461],[118.52452467589895,9.359550566603831],[118.52287037061139,9.362319671577174]],[[118.5191737563847,9.359198246241299],[118.52145683547282,9.357080214353024],[118.52167526254287,9.359791379567461],[118.5191737563847,9.359198246241299]],[[118.43838372613305,9.2993081243188],[118.43698355142237,9.296195624485344],[118.44109937197953,9.30014192602904],[118.43838372613305,9.2993081243188]],[[118.14743181126161,9.396124090008163],[118.14739172521905,9.393818761753062],[118.14944735056726,9.394844338730493],[118.14743181126161,9.396124090008163]],[[118.12457894894955,9.364928203244009],[118.12504272158604,9.362645164861311],[118.12852526290564,9.361789025895268],[118.12457894894955,9.364928203244009]],[[118.1237406906226,9.370640317225458],[118.12459234247773,9.373289034753032],[118.12229587312335,9.372838684533376],[118.1237406906226,9.370640317225458]],[[118.01289631438922,8.907972924150476],[118.0106088415224,8.908690825774995],[118.01035017886274,8.90645241182246],[118.01289631438922,8.907972924150476]],[[118.03444716376079,9.264915037874825],[118.03222652506254,9.262235118795576],[118.0339521523334,9.260665545215307],[118.03444716376079,9.264915037874825]],[[117.98226226930004,8.893066156398994],[117.98023337767475,8.890907934651056],[117.98466573967399,8.89281198708913],[117.98226226930004,8.893066156398994]],[[117.96726192072919,8.881057786906018],[117.96472022740714,8.878863943907634],[117.96744021326168,8.878658817016602],[117.96726192072919,8.881057786906018]],[[117.86725762032447,9.112476190280965],[117.86797994822636,9.118380088619288],[117.86387762768423,9.119436847901204],[117.86725762032447,9.112476190280965]],[[117.82519939003103,9.132163184110219],[117.82259970967546,9.132640255030145],[117.82336219458227,9.129719597551297],[117.82519939003103,9.132163184110219]],[[117.8075859364418,9.182720419355249],[117.80958805264879,9.186238645038522],[117.80623033849591,9.184954414949718],[117.8075859364418,9.182720419355249]],[[117.78525472961358,9.143591824147554],[117.78432282836233,9.147426674841872],[117.78349344391167,9.145041046941063],[117.78525472961358,9.143591824147554]],[[117.70537883356648,9.058917951326581],[117.7038628207239,9.061044937301391],[117.70264545501398,9.059105214359954],[117.70537883356648,9.058917951326581]],[[117.66408311537398,9.062391607319023],[117.66532275316384,9.065374735073771],[117.66228165141561,9.064161844024172],[117.66408311537398,9.062391607319023]],[[117.63417151195749,9.035061737432379],[117.63443008014465,9.037607922682685],[117.63148714497909,9.037202103942349],[117.63417151195749,9.035061737432379]],[[117.51801632916005,8.90740217242297],[117.52052679758664,8.906180381800034],[117.52131613304498,8.908650677445667],[117.51801632916005,8.90740217242297]],[[117.43900559731549,8.513922138124784],[117.43519299180518,8.514345815865648],[117.43687855980708,8.512058293916557],[117.43900559731549,8.513922138124784]],[[117.3805600732609,8.524182545448589],[117.3788745588273,8.527018575882947],[117.37953895858496,8.522131350052737],[117.3805600732609,8.524182545448589]],[[117.36629545581955,8.733631003400145],[117.36365568607887,8.734068024066863],[117.36202812578398,8.731700183831776],[117.36629545581955,8.733631003400145]],[[117.27892825155075,8.434229084436007],[117.2774790322577,8.428793464089626],[117.2830083794897,8.431353027524981],[117.27892825155075,8.434229084436007]],[[117.27884806354403,8.580888977090547],[117.27354616589723,8.588166172971729],[117.27111595931142,8.58102274645477],[117.27884806354403,8.580888977090547]],[[119.22352443586584,10.15491591155817],[119.2204699027412,10.15267299899996],[119.2213662355004,10.14685391343558],[119.22398815754127,10.14815592999602],[119.22352443586584,10.15491591155817]],[[118.44109937197953,9.30014192602904],[118.44408688773918,9.301136336229458],[118.44216948648489,9.303686953687423],[118.4398239954124,9.302433954076369],[118.44109937197953,9.30014192602904]],[[118.11396630870429,9.14957595754227],[118.11000662837914,9.14952244665641],[118.11040793150262,9.144617410294265],[118.11470647849718,9.146057680917394],[118.11396630870429,9.14957595754227]],[[118.73054407403518,9.911854810235559],[118.72558999101034,9.916697375400405],[118.72263805533524,9.912688695686626],[118.72868012766277,9.910111309355363],[118.72904133514044,9.907636482733208],[118.73054407403518,9.911854810235559]],[[117.76996896772275,9.104298253293898],[117.77762967608976,9.100075455189975],[117.78119698403364,9.105132045600204],[117.77235458585672,9.1124538940664],[117.76377972622863,9.108525460709075],[117.76996896772275,9.104298253293898]],[[118.8157752708199,9.96823123841308],[118.82264231098482,9.966197861950214],[118.82617387873158,9.968743994241096],[118.81973494776358,9.971967951862187],[118.80694184217046,9.969096253395637],[118.8108524781597,9.961792274015176],[118.8157752708199,9.96823123841308]],[[118.73233211116698,9.901759419161785],[118.72835904377847,9.903618858157364],[118.72410064000009,9.899458483819359],[118.73004461576372,9.895333818096173],[118.73070901769556,9.897554460108864],[118.7323901166139,9.895895689677076],[118.73233211116698,9.901759419161785]],[[118.4376167954849,9.303704777298073],[118.43760342652884,9.306166218956275],[118.43163711089409,9.301649126828162],[118.43340739297872,9.296186755335807],[118.43698355142237,9.296195624485344],[118.43612739805745,9.29984764557794],[118.4376167954849,9.303704777298073]],[[118.05692543976183,9.284633164952485],[118.05340726490613,9.283839507772079],[118.05952065838842,9.280463968994885],[118.06450598993615,9.287286379589043],[118.05507944735345,9.288985292367682],[118.0534563050977,9.290666362489679],[118.05426783342902,9.28601109216026],[118.05692543976183,9.284633164952485]],[[117.81744943225053,9.18337589669054],[117.82087849452982,9.176317163405745],[117.82372344585283,9.179590157146455],[117.82053065398027,9.18343389524387],[117.82380814615895,9.182751649018856],[117.82272009753298,9.185355804503187],[117.82089638294339,9.186974403869925],[117.81744943225053,9.18337589669054]],[[117.80264974067161,9.133300257621412],[117.80195407918504,9.124538124221466],[117.80229739297539,9.121769016697328],[117.79858745898333,9.120569469791517],[117.79888175893824,9.118215096567717],[117.80216813603484,9.11574471239392],[117.8056774520239,9.124016367994782],[117.80681005798554,9.13012537978959],[117.79916272997501,9.147524786043443],[117.79391876099511,9.14839876133315],[117.80264974067161,9.133300257621412]],[[119.27782291927443,10.29516806099772],[119.28020848414724,10.294035478262408],[119.28473891280984,10.296666351012677],[119.28804760020802,10.292015468434883],[119.28275464003626,10.288029051574405],[119.28225519907572,10.283681413240513],[119.28753479174146,10.282624566082763],[119.29289468273375,10.286330133988091],[119.290339570854,10.286628908623342],[119.29382656737856,10.291382287327709],[119.29191811664403,10.303809790470428],[119.2892917184706,10.305731694872037],[119.28756599465825,10.302258008812428],[119.2849396079692,10.30403273944034],[119.28567536970074,10.30073298065094],[119.28356620584674,10.301696164331581],[119.28012825674364,10.299805548438048],[119.27782291927443,10.29516806099772]],[[118.63935542498966,9.812572889317074],[118.643609397745,9.78386970064592],[118.66183374496183,9.77807730742474],[118.66180250437388,9.772904797330915],[118.66572212734935,9.772904720639636],[118.67506390119678,9.785519554201224],[118.6817391763214,9.792016470142293],[118.68012945355201,9.798330528710558],[118.68446368972869,9.805701462330825],[118.68121304579523,9.809335578904065],[118.68570779318638,9.811145983141508],[118.69042550973852,9.833990011417036],[118.68135570280451,9.846479928728652],[118.6770883079532,9.851518750394026],[118.67682523530058,9.859754709690643],[118.66986460037552,9.867656174769971],[118.6142774228617,9.873105221240607],[118.58904337005598,9.838689901808136],[118.6035666796168,9.792310803047783],[118.63935542498966,9.812572889317074]],[[119.57567297477401,10.423746268368108],[119.57937854757877,10.426006995379579],[119.58035061860156,10.421070796890804],[119.58450201630379,10.416063236056118],[119.5924437146648,10.433743540699792],[119.58802919839604,10.432454868252504],[119.58631683811014,10.435326489869436],[119.59194869836624,10.442563603101165],[119.59558732878011,10.442019630769233],[119.60244991097952,10.443825583810009],[119.59573452089758,10.4453995885103],[119.59636327012898,10.447678203122345],[119.59083393234978,10.448801912901189],[119.58303050308456,10.451691391929991],[119.58633470755441,10.45534785385993],[119.58398476795614,10.456181707847161],[119.58032381330992,10.453145069315015],[119.57751904962711,10.450295736654025],[119.57687252361217,10.447562259111978],[119.5829948518305,10.448583417344983],[119.58592450593507,10.444124282765811],[119.58035955369763,10.439049877428872],[119.56975134308959,10.435625283126479],[119.57567297477401,10.423746268368108]],[[119.2267750687692,10.243112540906198],[119.23907779181248,10.246394434364067],[119.23450269770657,10.23944709832195],[119.23652272981246,10.233610187417893],[119.23820825629596,10.236579958537927],[119.24313109404827,10.237498485839629],[119.24536062486443,10.23477396420686],[119.2571995268574,10.232143087739166],[119.25541588711033,10.235933389447071],[119.25558984545982,10.238559760729608],[119.25948257580242,10.245738895433893],[119.26152487745662,10.244361078812705],[119.26060183328515,10.249105552870752],[119.26112803388733,10.253355042466017],[119.26660821155328,10.261024750360185],[119.26589478564256,10.26637566565692],[119.26352255558109,10.266446947997576],[119.26115480933575,10.266090258894241],[119.26276451915552,10.2632319435078],[119.2604279694586,10.261528582632279],[119.2569944497164,10.261818458563756],[119.25672243169755,10.256628025584188],[119.25369021281394,10.251317287046138],[119.25517959779305,10.24892714110827],[119.25277616389482,10.24911446787789],[119.25463998783627,10.246670850903122],[119.24992226293917,10.238149561293195],[119.24567726448072,10.24252837943977],[119.24393374317265,10.248084432375922],[119.24289026299937,10.25569167027792],[119.23492630372088,10.249885849225004],[119.22445187777733,10.244115840040065],[119.2267750687692,10.243112540906198]]]]},"properties":{"rank":1,"site_id":"317297","name":"Palawan Game Refuge and Bird Sanctuary (Proc 219)","desig":"Game Refuge and Bird Sanctuary","iucn_cat":"Not Assigned","status_yr":"1967","loss_ha":101355.0,"forest2000_ha":864498.5,"area_ha":1083022.5,"rep_area_ha":1088181.0,"pct_of_forest2000":11.72,"pct_of_pa":9.359,"lon":118.7896,"lat":10.0136}},{"type":"Feature","geometry":{"type":"MultiPolygon","coordinates":[[[[117.42709082333934,8.793895769099173],[117.43442607012466,8.798279040617702],[117.44144467572887,8.79471621243741],[117.44016495876753,8.796883373373483],[117.44411566235449,8.798359320924863],[117.44420483501726,8.802996750366935],[117.44238552537742,8.80067802983854],[117.43670908053308,8.799652445826059],[117.43030138332433,8.799902154439149],[117.42709082333934,8.793895769099173]]],[[[117.41879247215394,8.783621958185856],[117.42458927287743,8.781597578451018],[117.4242236727635,8.778404841424834],[117.42788457267969,8.772010489821836],[117.4299357042718,8.769772011178329],[117.4286470386624,8.763694292695332],[117.43727541498194,8.76786348730217],[117.45020682313381,8.78168227568194],[117.44144019462806,8.786600681331107],[117.42709082333934,8.793895769099173],[117.41879247215394,8.783621958185856]]],[[[117.44420483501726,8.802996750366935],[117.44680005529358,8.8032598339549],[117.4480976524623,8.805899653967796],[117.46155078474601,8.791554681697923],[117.4656442522432,8.792040734336249],[117.46425742953234,8.796111923049924],[117.46999633435291,8.798805225057185],[117.47968146557746,8.807237374167535],[117.47964580303191,8.800678073459766],[117.47487457909436,8.795416284083311],[117.4856744719979,8.795697240789147],[117.48877358741487,8.791661768507423],[117.48554517684144,8.747177751583038],[117.46457850729227,8.730237625565996],[117.45862114247457,8.715478029749052],[117.48215623306642,8.684184035679777],[117.48831429641224,8.683038029003495],[117.49106106614991,8.676973624442043],[117.49819123149814,8.681450601046187],[117.50473268912626,8.677419545670276],[117.51157745457681,8.6793637568787],[117.51430642341981,8.673308252284885],[117.55301139272058,8.68659636817568],[117.55632895608552,8.691546018695314],[117.56124289975845,8.69126058283223],[117.5741564127096,8.699737408923843],[117.5769389420124,8.708173991525161],[117.60070597170808,8.703322446278294],[117.60644482546859,8.703630194104989],[117.61402977117153,8.701949076280926],[117.62000048486176,8.706488430986363],[117.63403775112882,8.707415945094183],[117.63851913491096,8.702118558724603],[117.64141307778688,8.704597799426946],[117.64605050977748,8.699888957736821],[117.66045340385446,8.70272941372723],[117.67153872213775,8.696517928962235],[117.69368707463659,8.708552986659555],[117.70288620801577,8.718915942139999],[117.7126962257214,8.738174802024986],[117.72504793493778,8.737434649661743],[117.72708575702957,8.732467184148415],[117.73350244183335,8.735833820603464],[117.73121046176192,8.749558872639614],[117.73456810941846,8.756688973911405],[117.781754327726,8.781588616336647],[117.78335513825641,8.787216042994164],[117.79780268661641,8.792558005563604],[117.79950157635881,8.804031320976424],[117.79312949591217,8.813453338659196],[117.79586744313596,8.832029979367542],[117.80315800036122,8.830866158075773],[117.80065202136252,8.845750662158514],[117.81243747275217,8.850111618294543],[117.82274684044154,8.86442532591645],[117.82790609151957,8.865785381505784],[117.83305634284739,8.875198554457032],[117.83394363640166,8.907683057688292],[117.84296890459298,8.904931803698933],[117.849884939905,8.91317225224878],[117.85643979518252,8.931485765480558],[117.86101488151773,8.929505941925397],[117.86046636369167,8.925778133950974],[117.87014262263983,8.918331401314964],[117.87654590499024,8.922826206325011],[117.88931683281014,8.917261246437581],[117.8980655068159,8.920725935512175],[117.89907326737413,8.926834944451372],[117.89515823990826,8.928444668739733],[117.90080339819734,8.938553480196978],[117.89911340960084,8.94509939125402],[117.88376519798494,8.949464893519986],[117.87259963131083,8.948978841596938],[117.86851950150981,8.954378791414436],[117.88411300719773,8.957321765305812],[117.88374740515638,8.963176569457973],[117.89657620666542,8.955921613966474],[117.89895740022884,8.959640557445255],[117.90475862317115,8.955596158577183],[117.91728869657688,8.958088801370671],[117.92891802386771,8.977369949578849],[117.92751792102449,8.987465308224525],[117.93853189415898,8.995513969913818],[117.9337918843247,9.003134630345809],[117.93153557821846,9.011896724334159],[117.92612665692143,9.015927794013125],[117.92769178358644,9.022036741957201],[117.93134831122667,9.022710045328036],[117.92982773178957,9.033095332067175],[117.9424380244953,9.042793830664206],[117.94016841946042,9.0476096888937],[117.91851053799272,9.056135475704611],[117.92922578937959,9.073044413421151],[117.93553982722104,9.067394689665775],[117.94397199381845,9.065771593010572],[117.94153284952401,9.072973065633107],[117.94461410830539,9.07871190574537],[117.95326026352924,9.077860224708155],[117.95532932275025,9.090929873957057],[117.95149452827036,9.098746678361096],[117.95788884554297,9.102808916758367],[117.954816484294,9.109234456488782],[117.96031462949615,9.110032624333726],[117.96262884430114,9.11754178770245],[117.97202419174944,9.111303453513697],[117.97791018622718,9.115058057650852],[117.98244063622383,9.109947902029583],[117.97812868207562,9.100793345577953],[117.98240051261774,9.095500419927648],[117.9794842440038,9.091134944461437],[117.98574039214716,9.084232246432837],[117.98493775443278,9.082114228130736],[117.98401474340423,9.069575213800196],[117.98860758973034,9.071657607817018],[117.98972680833677,9.06930319625735],[117.99536756310964,9.068777001960576],[117.99825265531527,9.079287097197593],[117.99296414767807,9.08071853080274],[117.98874136018028,9.085271250556264],[117.9933520454147,9.086118465275304],[117.99302651876022,9.095027787558335],[117.9887948862039,9.097021008409781],[117.99152826639802,9.102572559275535],[117.98764000729443,9.102282750391634],[117.98743036969847,9.110679237529538],[117.99271439506016,9.108387195409938],[117.99819019670953,9.120266250656716],[117.99107790359008,9.118986507663386],[117.98648503154364,9.123409955397344],[117.9750564003598,9.124457822235241],[117.97284913989468,9.129492154167675],[117.9773662242357,9.138807185162499],[117.96065353236769,9.155359400837217],[117.95404507882583,9.15543072259058],[117.95658236557455,9.160670153667681],[117.95089694861083,9.163390260242158],[117.93611949156738,9.157892163920467],[117.93441168867518,9.142485984764937],[117.92891364381448,9.142218394497096],[117.92354040032211,9.136626690719003],[117.91398902185786,9.134357031543717],[117.91197348279002,9.123516987438423],[117.91586624389855,9.11801889490887],[117.9094050816079,9.114460533619688],[117.90725127963135,9.09170576822062],[117.90209213463437,9.079889136364233],[117.88538836153965,9.077512385093284],[117.87314364169053,9.089498478476377],[117.87497631160258,9.09389515755639],[117.86334700274482,9.109515394224337],[117.85673418088629,9.110451774436214],[117.84949253000165,9.105172247930762],[117.82465094337259,9.126999490057115],[117.81750300904736,9.114317831637571],[117.81637485191746,9.101341831050133],[117.80488367552236,9.106514370969105],[117.79889956004502,9.099633976059994],[117.8120361272399,9.085819742632225],[117.82029881954159,9.082863335343696],[117.81938471638625,9.060055033123604],[117.81653978708098,9.057401864166403],[117.81332030456173,9.06724311846039],[117.81561233791076,9.069414673165433],[117.80105330232695,9.090194086784313],[117.79319640869035,9.096227286076328],[117.7921307214026,9.10115012757634],[117.78488910855602,9.10184575456346],[117.78398833755296,9.093444777452417],[117.79872566373211,9.073789059997356],[117.79003493223287,9.066618837864349],[117.79051647921112,9.047930752426181],[117.78583442581377,9.043382449963737],[117.76748973519264,9.047212835472694],[117.74413289323614,9.027360872817217],[117.74047198846587,9.030116609922649],[117.73698049192285,9.017336865427643],[117.74434692771614,9.001966330484917],[117.74007961335545,8.98495934073458],[117.7323965893656,8.991853064434052],[117.72743359488459,8.98486569178012],[117.71406969259594,8.981097701272493],[117.70257859901373,8.99042614768947],[117.66448442304431,8.965771816780533],[117.67193562767717,8.989222217768189],[117.6216280227779,8.953656425542874],[117.61108222035999,8.950780266418786],[117.58942888006018,8.92938109906846],[117.60710477177021,8.913230217288325],[117.61082362023855,8.897485138195407],[117.62314854975261,8.885012989655023],[117.61031528372149,8.877071349575951],[117.61042676507196,8.871582209166506],[117.60472805887329,8.868875562299891],[117.59416886841136,8.872077188864639],[117.57796447951316,8.867680489763638],[117.57889651286605,8.86005990606506],[117.55660984328023,8.856104667716771],[117.55580721777429,8.845255704373418],[117.54893581378812,8.836101149025723],[117.54424925203438,8.835240556787097],[117.52180661054501,8.80413829102763],[117.52193588139284,8.795023867023572],[117.52657335956484,8.784139222015844],[117.519033044601,8.779234186105413],[117.50414406378408,8.784669905302913],[117.50382305167216,8.790216969769594],[117.50756424756283,8.792366293897526],[117.50002838462204,8.795639256168375],[117.49294281743161,8.813377549599776],[117.48762311784529,8.809850416377818],[117.48439029756067,8.826295558810743],[117.47841060251972,8.824364762205828],[117.4754319313515,8.832235067843966],[117.47707736564773,8.843092971666474],[117.48016308850818,8.844689344554993],[117.4798687386361,8.848889869921202],[117.47420127392442,8.850022411891345],[117.47186018959546,8.856296396560168],[117.46451156759657,8.848952278132163],[117.46555060886598,8.83979329723712],[117.45474170910661,8.820137584756385],[117.45602590063429,8.81075112292672],[117.44970290055974,8.810898302914026],[117.44420483501726,8.802996750366935]]]]},"properties":{"rank":2,"site_id":"555715015","name":"Mt. Mantalingahan Protected Landscape","desig":"Protected Landscape","iucn_cat":"V","status_yr":"2009","loss_ha":13110.6,"forest2000_ha":114540.5,"area_ha":120963.7,"rep_area_ha":121887.0,"pct_of_forest2000":11.45,"pct_of_pa":10.838,"lon":117.7176,"lat":8.8895}},{"type":"Feature","geometry":{"type":"MultiPolygon","coordinates":[[[[124.69210796397431,12.222650170299497],[124.71654833633619,12.259134509456514],[124.73823295869506,12.262032895445774],[124.73175834379477,12.249859586958996],[124.73865204631642,12.24342064490535],[124.71805995239055,12.238569181424175],[124.72018689855433,12.226333376214885],[124.8012221611999,12.217116430523449],[124.81051051255945,12.196773984123098],[124.80900330301304,12.180119267485283],[124.78842006381986,12.17665453125973],[124.76966063416914,12.192907972996768],[124.76402884440854,12.182112477144074],[124.77971146186171,12.163107819109458],[124.78265895542715,12.148923392902425],[124.79577319689517,12.156325446043795],[124.81458613911569,12.14702376509781],[124.81244577484146,12.1575918572767],[124.8337825714767,12.151322383461888],[124.85277831111355,12.166184529467731],[124.86273551366988,12.199168513711433],[124.88381368137802,12.231505954615523],[124.905948630843,12.221062681683923],[124.92109175774972,12.204283126390557],[124.93393839066431,12.176418221387648],[124.91094286587413,12.146872167376651],[124.92743702791823,12.125085008482658],[124.90678246844824,12.11327732295555],[124.93260516143908,12.075053896947946],[124.9283154990646,12.017321958329065],[124.95339347746224,11.956869917461951],[124.9439669303442,11.920554989965005],[124.96588788429604,11.917620852747776],[124.94458672949223,11.890554153404816],[124.97471688522316,11.871718920095113],[124.97787836307963,11.8872499589714],[124.98876751527804,11.894946371364005],[124.98219477451434,11.908047225208374],[124.99531351450149,11.917121438079644],[125.00636760978385,11.947590470629478],[125.01980734104278,11.962769308335776],[124.99332028414817,11.948518011820793],[124.98416573399388,11.949971678795658],[124.96703834976145,11.962310020827342],[124.969896616805,11.9736762790434],[124.98334972653139,11.991080147540526],[124.97938106837618,12.017214899701088],[125.00496743393049,12.022592596976692],[124.999777073286,12.033459391950066],[124.98448675362431,12.031626729512501],[125.00351377175163,12.050091843462898],[124.97759742796669,12.038061235174926],[124.97548832464958,12.053904412751866],[124.9895032624608,12.07158030108394],[124.99371710123373,12.115426580676791],[124.99909034204396,12.129276542246348],[125.01603488783289,12.129990017721536],[125.01130826178264,12.096502189324728],[125.0269061714982,12.102499709066354],[125.0449343637695,12.099039449691054],[125.0439890483555,12.084605330846749],[125.03642639437415,12.075771843694064],[125.03627035311938,12.054666900005559],[125.04402467326928,12.052107352885017],[125.04558534894979,12.037936359470448],[125.07335220876658,12.03745029841586],[125.06598128104712,12.016398885222221],[125.05173005438134,12.00428353062762],[125.05830274568632,11.991740053361454],[125.04089886570652,11.964923043252671],[125.0679790063817,11.985287734578877],[125.09808687246098,11.963964317240901],[125.11367143332079,11.968575020981671],[125.11045637571216,11.946382056273025],[125.09298564629016,11.949008490535117],[125.09598658303308,11.941766959071478],[125.10404419309813,11.942266334242904],[125.11582962333178,11.921081175732354],[125.09929968100246,11.901483431713936],[125.09863080801405,11.885381578936487],[125.08930683711722,11.901001849222867],[125.07955484713096,11.896903887622166],[125.08908388142541,11.871286384799633],[125.09438578333383,11.875134566436955],[125.1323907093075,11.833754135361202],[125.15599268768325,11.833312697217591],[125.16568684563164,11.808894625739939],[125.15897139167662,11.785252509912688],[125.10950214404477,11.741446239661922],[125.11380516750165,11.722254296694782],[125.1380894411234,11.701256354346711],[125.13181996700098,11.678804783285512],[125.12910880381985,11.648835163287663],[125.05058847390717,11.658279587863897],[125.04025675085252,11.652241961009276],[125.0416034050842,11.644737247788944],[125.05900730712224,11.632394513968645],[125.08728686207168,11.625808379742592],[125.0964726779734,11.629076935450279],[125.11003719011727,11.623150814741056],[125.12760608937297,11.633585068397437],[125.16645376184441,11.629424702386284],[125.17244236175416,11.612725403684564],[125.14602659654332,11.567920332540284],[125.16084422874071,11.542271593558548],[125.1545836816402,11.520934821863134],[125.15453459423267,11.474841100102063],[125.16054099997062,11.422593790525843],[125.17844428803637,11.402750760412923],[125.18826768444312,11.378247992284905],[125.16883937059784,11.379492149888051],[125.16497781310113,11.347324189990667],[125.16935222350527,11.333674852414608],[125.19222293642007,11.348795637767179],[125.19424733326437,11.361281140568064],[125.20589456132203,11.359252233835695],[125.1976362864279,11.329318278714291],[125.20947515047655,11.31507597465066],[125.20135065776999,11.304302761153032],[125.21326990822838,11.30088265176038],[125.23364794391074,11.317412531284061],[125.24720361162176,11.310652505649156],[125.25950629270719,11.323066621316476],[125.25185890215754,11.340613196115482],[125.26464315450092,11.342472637600261],[125.2781364332454,11.326272728290482],[125.26988712036378,11.298010960019168],[125.25510512141587,11.288107293405712],[125.27103751379634,11.26273503947478],[125.25382543916685,11.263131876750714],[125.23548514741222,11.219098246563004],[125.24887581830878,11.188745119975625],[125.27971937117852,11.190756216059635],[125.28869109706899,11.20346909966241],[125.30573827245806,11.208387516169674],[125.30873479658634,11.20031202725298],[125.32515314607679,11.206314033420888],[125.31158858356393,11.21195924885205],[125.31749693317049,11.22358413761134],[125.33251517372295,11.226812515638192],[125.3554884440707,11.216663588386332],[125.39245442459031,11.181713124635683],[125.40963532857582,11.177151496278432],[125.42050214318797,11.137349518759148],[125.43807987495049,11.155587311405531],[125.43403999625072,11.173383539566045],[125.44855436238053,11.184388634134269],[125.47138046364807,11.19423873118688],[125.47182197329862,11.2187503989287],[125.45935872818605,11.2231961364722],[125.44260144181473,11.207754288705134],[125.44411757768532,11.22773550678297],[125.40144840026987,11.198858412530107],[125.39801042400764,11.223312079603938],[125.38067787591199,11.205101171217068],[125.37386882537587,11.223749081548899],[125.38511919476235,11.244497322242365],[125.3983671623855,11.233300484349632],[125.4172693091976,11.236230130874102],[125.40924735368898,11.24044845678878],[125.4221074301121,11.292833953383651],[125.43694285873752,11.310224449176106],[125.4348069279595,11.282475431863578],[125.45262554343019,11.290131752462129],[125.46527155308145,11.272277473163115],[125.44906271721482,11.256278253066455],[125.45984034730768,11.248430224783137],[125.47598669063855,11.254985137558535],[125.47523761559539,11.273905054776325],[125.45834649110625,11.30427598033353],[125.44364489617048,11.306594733420425],[125.45506465974063,11.31179404161092],[125.4482734280853,11.33238615091707],[125.45427985983947,11.358721603398065],[125.43099444270581,11.364433758999624],[125.43020514593427,11.370547156508252],[125.43602425312645,11.368839360739436],[125.44027826760913,11.381583426626582],[125.42019443101326,11.368112527860685],[125.43204231060317,11.39524163756989],[125.39504066722756,11.384098348071696],[125.39035858022888,11.389128255921424],[125.40184971396658,11.404043946789626],[125.4135281087488,11.406741706539613],[125.41088832932795,11.42563933820653],[125.40123439895696,11.43459320767376],[125.39481769685783,11.4301920702661],[125.39081793192271,11.413564136110484],[125.38748694618484,11.41386289145955],[125.38949358638035,11.423289412324932],[125.38088306084416,11.422232617848444],[125.37691885055611,11.411432684418875],[125.36202549073899,11.425416362721393],[125.3632606392462,11.44317700605492],[125.35092229710304,11.46547253430958],[125.33133348550422,11.442833619281176],[125.31553936668543,11.480900975171803],[125.33535113939898,11.494924875211371],[125.31614577760577,11.526437316323891],[125.32129602858178,11.548612466461295],[125.3290058123043,11.539952874303735],[125.32365490338087,11.529438333445501],[125.33632320396157,11.515186998284712],[125.3547125652297,11.523944664542002],[125.35399912522941,11.50149758733268],[125.40305364324044,11.488387792397853],[125.40585395883765,11.49197740451142],[125.39762691178362,11.505921027826037],[125.39906281447995,11.512574002222037],[125.42134046270034,11.522700602759432],[125.42062250107298,11.538806888388285],[125.40757522610257,11.538619588947519],[125.40723634610966,11.529737079802942],[125.37723099346668,11.52744958766933],[125.35775367701314,11.560067905894359],[125.3419863189132,11.567960444760594],[125.34220474469164,11.594612553798852],[125.34820674729225,11.617889041933367],[125.37494797117186,11.629919684989455],[125.36205671075487,11.651390265226519],[125.37802473489445,11.671549838654496],[125.37956759224939,11.693194309850524],[125.40840456015408,11.687990532896972],[125.40827975068541,11.708261636311132],[125.37154570556544,11.734619383385413],[125.39245885903183,11.785279220337767],[125.36638646867524,11.788801930561538],[125.36822808025033,11.814330265465133],[125.39094276803952,11.846105798808793],[125.36526728695407,11.86599786608482],[125.34635171035947,11.820871771372369],[125.32339631726141,11.847131448551405],[125.31737650753671,11.882166609251284],[125.3442292368587,11.909188759048394],[125.289382233369,11.889310079553535],[125.26717149484027,11.890023545228924],[125.2561887585264,11.906210046047265],[125.25098499176327,11.951786495512673],[125.29841640186905,11.982826326520836],[125.26615034694275,12.048312689305346],[125.26152628114767,12.098878881439479],[125.26802763709661,12.114374232387211],[125.2612185595775,12.130244207402122],[125.22449786923927,12.123577826811815],[125.21190983602337,12.148102926433399],[125.24995040133908,12.14779520072203],[125.24847451190188,12.172240015468523],[125.25612179636641,12.192457594830941],[125.23440157447847,12.220661371448655],[125.23866000321658,12.233129032994356],[125.22746766311823,12.257368688013068],[125.24356497225139,12.25641447001354],[125.23479397940402,12.27091990971824],[125.22092614517514,12.273515124576342],[125.20469504325018,12.256418902391072],[125.18834350841924,12.260699693996532],[125.18671596177502,12.265988144042394],[125.19620936680393,12.272583159042165],[125.175862487679,12.298561908899087],[125.14546920675517,12.28212566532521],[125.1339647627924,12.265265778781549],[125.0964547926853,12.297768197640702],[125.0861319928898,12.291173151849971],[125.08475859152144,12.256748866474112],[125.09637006842834,12.249721370844455],[125.08490572474926,12.238698471560065],[125.06208405517405,12.232473576458718],[125.05831165039857,12.247777176010047],[125.05951117371043,12.26106532098736],[125.0554310947343,12.270567657119539],[125.00345131406867,12.264547847533036],[125.02426195485675,12.261899161199567],[125.01990542173156,12.236379757565391],[125.01294477102302,12.23365072006825],[124.99400252253848,12.262117629555478],[124.96739055053271,12.26897578400204],[124.963154456857,12.259562628546224],[124.97746818572874,12.242796348098548],[124.92878371600841,12.23148365773047],[124.90068242235303,12.260026350500135],[124.90363432672547,12.283334057015141],[124.93560163770603,12.286986080182865],[124.94987073680329,12.300488199910019],[124.94368150828285,12.325807000550526],[124.91753780197384,12.320995619984451],[124.90541354987678,12.297197374444298],[124.88445572242065,12.315965767296383],[124.88785356841561,12.32483044251637],[124.8719658206463,12.317441700108768],[124.86449681574688,12.284167911019413],[124.85200685053127,12.285095434916524],[124.83351497312437,12.300229570376572],[124.83099561609785,12.297473833521972],[124.83527637312885,12.276886163306457],[124.82964451606358,12.266652569469771],[124.81954461946458,12.28950102092825],[124.79260722021517,12.290263499103633],[124.78109824272481,12.311457602460152],[124.79953218934155,12.325490367604493],[124.79290149159704,12.329985177124618],[124.79715103857967,12.340785081343402],[124.79190263334168,12.344156223071092],[124.75124455059473,12.330841365929325],[124.74427942801732,12.29006733492794],[124.734982219818,12.272355738390397],[124.68348850265718,12.257992963246183],[124.68936120992778,12.226560768747467],[124.69210796397431,12.222650170299497]],[[125.12308452098237,11.926021855241201],[125.13196265294347,11.92540203532153],[125.14093878697217,11.937833975109232],[125.13713963754864,11.949525760551374],[125.12766853863795,11.945704316126413],[125.13502606129316,11.964530644840783],[125.11045637571216,11.946382056273025],[125.12308452098237,11.926021855241201]],[[125.29783674902575,11.490742200199108],[125.29139336516755,11.48781261920857],[125.28894970838442,11.495883557435493],[125.28473592678843,11.488691017099468],[125.31259635528177,11.461570753987983],[125.31320278788175,11.46934296556212],[125.30906026428714,11.47242425579133],[125.31553936668543,11.480900975171803],[125.29783674902575,11.490742200199108]]]]},"properties":{"rank":3,"site_id":"555583093","name":"Sohoton Natural Bridge National Park, Jicontol Watershed Forest Reserve, Taft Forest Philippine Eagle Wildlife Sanctuary & Calbiga Caves Protected Landscape","desig":"Natural Park","iucn_cat":"II","status_yr":"2018","loss_ha":8135.2,"forest2000_ha":330867.8,"area_ha":334895.9,"rep_area_ha":335106.0,"pct_of_forest2000":2.46,"pct_of_pa":2.429,"lon":125.1784,"lat":11.809}},{"type":"Feature","geometry":{"type":"MultiPolygon","coordinates":[[[[121.46228302180509,16.38172059148226],[121.4901746478225,16.3784654340757],[121.49715758746687,16.384222137248873],[121.50721738836151,16.384012582168836],[121.51449013742243,16.39549477140179],[121.52652524272456,16.395062203340533],[121.53403886461456,16.409375960786523],[121.5275731457298,16.41523072688836],[121.5183472973819,16.412787125539378],[121.51328170414814,16.41156088487539],[121.48759733329324,16.41049961000165],[121.47003732456308,16.40036857844418],[121.46675097529979,16.39554827183778],[121.46511003192715,16.39754150372247],[121.46228302180509,16.38172059148226]]],[[[121.39359945830036,16.434890885589336],[121.415208292614,16.426222449604445],[121.44561043871704,16.424911478418636],[121.43856944662363,16.384489736137446],[121.45181304049513,16.402513404304493],[121.45845710753777,16.406531020556805],[121.45361449273965,16.411311171333438],[121.46264861666744,16.410446105948246],[121.47304282866838,16.412492837156325],[121.47869250392215,16.42028734504001],[121.46853467386532,16.44194071890484],[121.45980820875393,16.44800513574337],[121.45803344133917,16.470233743015978],[121.46291614350409,16.473801034269016],[121.46993037281167,16.458863057494586],[121.4774395043203,16.450453164758045],[121.50118421036217,16.42535293442561],[121.50845699307963,16.426333899938786],[121.50077394693332,16.43304930716655],[121.50213396283516,16.445610561550307],[121.4968187685176,16.449253655014783],[121.49481215207547,16.446578217840486],[121.49485223943147,16.451608057928233],[121.49768821009509,16.454573402784796],[121.49100849558023,16.455112956341374],[121.4898268318215,16.46324184829671],[121.50101471980717,16.46783473819587],[121.50171481439541,16.471361939329658],[121.49429484963613,16.473636081583038],[121.49576195721498,16.476650399823082],[121.50216960345313,16.47392140027259],[121.50569230590706,16.486152752545355],[121.50403353136211,16.50078306103248],[121.50760976574394,16.508238695211528],[121.50683834164866,16.51985910726419],[121.49876286809277,16.52211537955317],[121.49236409532928,16.518075455070683],[121.49488796945438,16.51402654441012],[121.48763742316437,16.49775082941879],[121.47921867950346,16.495177928689014],[121.47176300829392,16.50279853256004],[121.47082660275639,16.507364674372944],[121.47349764392699,16.507935434969074],[121.46178353052773,16.51397753468961],[121.46218042141732,16.521223595615886],[121.4572754585287,16.523956988215932],[121.45367691189348,16.520576979901755],[121.45007398124538,16.522614783362997],[121.44535621089962,16.517553767762454],[121.44921778048278,16.512688828444112],[121.44315793647704,16.505184156327683],[121.44053597703345,16.505621152171514],[121.44063406291045,16.516786796683316],[121.43596534444349,16.517865865366208],[121.43156421133894,16.512996536813137],[121.43685277032246,16.50694549831478],[121.437512711523,16.499133190008816],[121.44202085752232,16.49906180973212],[121.44454025439681,16.49015699661979],[121.44928473541943,16.486781435358843],[121.44883435810598,16.473176760471567],[121.43967089958826,16.462800403733045],[121.4353633766973,16.46230547310176],[121.43397214261257,16.469368726879246],[121.42957102087405,16.475691689933672],[121.43125214270718,16.483276631557395],[121.41767856661582,16.494040897954463],[121.41927047756471,16.49891022135049],[121.43042719276822,16.50262908778787],[121.42454564636398,16.51040132346365],[121.41392852922601,16.507618821274196],[121.40064484123074,16.5196227611589],[121.40096144037634,16.544259305128406],[121.40950510467209,16.54221701508531],[121.41709891549348,16.533865101047194],[121.42175871569651,16.53452502601656],[121.42569161697847,16.528451784759],[121.44034425159889,16.523497667998885],[121.44057608326877,16.527947931146816],[121.44531610632318,16.527444055806292],[121.43858287372366,16.54500394480894],[121.43046285556028,16.549253461899138],[121.43242036848496,16.55330677762246],[121.4261375501265,16.561016591964435],[121.4050414800673,16.562483633472354],[121.3912316838596,16.573305892995037],[121.37257031808315,16.450007284105702],[121.39359945830036,16.434890885589336]]],[[[121.2983129468919,16.146395997024108],[121.3022324709224,16.10706674762321],[121.35336499311319,16.066752028124924],[121.35774378804969,16.06904400458749],[121.37759131360698,16.06252029775975],[121.39421481357141,16.046476480815755],[121.43746807035564,16.054806089090413],[121.44126721614212,16.059211692470804],[121.45216977630167,16.059648678909152],[121.46095417845322,16.04929903864744],[121.46393734238988,16.04450995968371],[121.4827903693443,16.04092933760488],[121.49796471850156,16.044835535021008],[121.50881372768045,16.051773854832973],[121.52216424980736,16.039881420259462],[121.53612572493049,16.018379631973062],[121.53002114849835,16.011307544013505],[121.53887251697233,15.99959789104893],[121.55267342790918,16.003637837608622],[121.85719882318807,16.256758732601153],[122.0393441427881,16.517081075722437],[121.84675560548582,16.437838382097507],[121.84560511046,16.43144849275172],[121.8479907910504,16.42888892466573],[121.84127086107588,16.42566501221067],[121.84589944650051,16.421567139987673],[121.84375906357808,16.402196824714398],[121.83492560542399,16.401353991464802],[121.82888349185957,16.40275415029781],[121.82970841525176,16.394745599072014],[121.82240892533456,16.401563596387813],[121.81972003560381,16.399735364986572],[121.81848045154133,16.392186077650827],[121.81357098950191,16.392230730507897],[121.81102032310321,16.397416641527364],[121.8047954472541,16.39404997350248],[121.7972773866839,16.38801688220445],[121.79830748560424,16.383085088659957],[121.79059324586342,16.381479787524654],[121.78919305697721,16.387749333183645],[121.78178199381452,16.39223958808299],[121.77659613019092,16.391298779073153],[121.77282817203717,16.376967181881252],[121.76228236050338,16.374612829083528],[121.75480447668262,16.375941624667888],[121.75053269139157,16.379294877084273],[121.75317247047435,16.38624658648495],[121.72969529656052,16.380262493387526],[121.7296462474847,16.378001699662157],[121.7242863762878,16.367389066096383],[121.72689494267098,16.364584257683177],[121.71776721759922,16.36002708434982],[121.71637594628275,16.350310713515366],[121.71939921709102,16.343323300379147],[121.7162243457234,16.33974261445802],[121.71312975354063,16.34282383861554],[121.70560718844051,16.338596668514825],[121.70721248641671,16.33502489861522],[121.7043096247029,16.32955800054713],[121.70527725359452,16.32170106738691],[121.69633672104511,16.313567673027176],[121.6981248321549,16.298665392236842],[121.7095311903952,16.29962857624227],[121.7181551283869,16.298027712018573],[121.72413478640061,16.283219046669636],[121.72716698011169,16.276289609747305],[121.73615654220434,16.271656566804694],[121.73533605820111,16.268584291740027],[121.72985131422304,16.2678842149467],[121.71551983097487,16.26712618724369],[121.7115735100137,16.261917954913258],[121.71216210521017,16.25607203981741],[121.70779214514579,16.2591443880672],[121.7092725925106,16.262390628189493],[121.70658820175939,16.27070235057974],[121.71264371243575,16.273444659459248],[121.7035693708061,16.274390030841673],[121.6997077935202,16.281257057516466],[121.67340358426323,16.277921650211876],[121.6523030993925,16.24911584659333],[121.64738026990811,16.264076169253308],[121.64532016504715,16.26644394049331],[121.63276334156758,16.255777766033134],[121.63110005929907,16.253704240029144],[121.62258324357241,16.25472538737855],[121.62105378231102,16.261128690759204],[121.62594093501981,16.268744839733717],[121.62939227326805,16.282938153595037],[121.63439091306208,16.30149688388457],[121.62952153320224,16.305813354137676],[121.63382010370837,16.304261584487463],[121.64280074796926,16.303160182461756],[121.64466020294861,16.314156289543124],[121.6468808909126,16.318798183759558],[121.6422211035257,16.323052214433453],[121.64774144365396,16.33492675717853],[121.6379894351427,16.345633083345124],[121.61897134893037,16.34218623263372],[121.6157697137248,16.348286224527502],[121.61420011517139,16.361574402659453],[121.61099843250265,16.361855327688247],[121.61858788522824,16.3965114681666],[121.6115468958461,16.39958373538841],[121.61007100108202,16.410370306924243],[121.6127553340679,16.414726871306247],[121.61016458903245,16.416528348126164],[121.61437849160707,16.425161123237398],[121.60592397632533,16.44871416516634],[121.60120626222867,16.45471608190132],[121.59319770627643,16.4561876082948],[121.59203390247785,16.465498191426377],[121.57441152271262,16.45860891193378],[121.5729132875046,16.448758701000003],[121.5693772385194,16.448228097373697],[121.55892956492085,16.438070273715528],[121.5644811237502,16.435127283561073],[121.55636111229481,16.430944571678378],[121.55385505375354,16.436429327460033],[121.55419396541288,16.427582456851383],[121.54761231460392,16.43315630408885],[121.54818312086275,16.424692948871293],[121.5369729157673,16.42505411545587],[121.53835523898292,16.409474059881447],[121.54165051588865,16.407859837904137],[121.54450884869159,16.40954985767168],[121.54042869250071,16.394656485915867],[121.5289777981507,16.379178880308235],[121.53375791307572,16.36709922949586],[121.53654927757529,16.36672018385866],[121.52807252546603,16.346738925977036],[121.51853898009743,16.344964235795832],[121.51710762524745,16.35531378343127],[121.52285985912111,16.359010371796014],[121.51820902424228,16.376663976458968],[121.51508324007682,16.385167488418787],[121.50721738836151,16.384012582168836],[121.5079130011768,16.310548912185958],[121.5245810906744,16.310704924219934],[121.52492444522265,16.277373194103312],[121.51659033611081,16.2772929356439],[121.5166751134864,16.268958874041942],[121.5083410148844,16.26888300869828],[121.50868441805095,16.235551279323335],[121.4919315775182,16.243720344716028],[121.4915926560172,16.277052147667973],[121.45826087879844,16.276744423432216],[121.45808696633158,16.293412592104623],[121.40808704751767,16.29295324123502],[121.40699017800978,16.201216215710662],[121.29791602023768,16.200275355955252],[121.2983129468919,16.146395997024108]]]]},"properties":{"rank":4,"site_id":"555583092","name":"Quirino Protected Landscape","desig":"Protected Landscape","iucn_cat":"V","status_yr":"2005","loss_ha":6093.4,"forest2000_ha":161394.3,"area_ha":183446.4,"rep_area_ha":183365.0,"pct_of_forest2000":3.78,"pct_of_pa":3.322,"lon":121.6081,"lat":16.2562}},{"type":"Feature","geometry":{"type":"Polygon","coordinates":[[[119.12732374823136,10.702992975306952],[119.23100233763222,10.600455957518484],[119.35445698629873,10.602150371302749],[119.36722787664112,10.584621679832454],[119.42568224854574,10.595916573944887],[119.52877661423426,10.551668916326403],[119.54014738273993,10.598743671303467],[119.57538766132042,10.611398540400439],[119.52066995288334,10.72677778722011],[119.52217272877915,10.743575262940245],[119.51762443820903,10.755048557288696],[119.52207457976102,10.762802890448205],[119.52170897629149,10.80097283602963],[119.48143885690581,10.869946144589898],[119.46963556726689,10.878293612827171],[119.44920399793087,10.921983913761064],[119.43971056736811,10.968541345926727],[119.4382524503849,10.979269930900456],[119.4318491724551,10.9883308890454],[119.42309596996023,10.982480472167993],[119.41765580534758,10.986516019781813],[119.4111187660739,10.981080365333383],[119.39710381478129,10.984910730037374],[119.38907296429583,10.993704047418762],[119.38334309239518,10.994586960361422],[119.37456306044943,10.988665262409546],[119.36883315223976,10.990680814485309],[119.36012454937328,10.988130171524409],[119.35505453351529,10.999246717814104],[119.34956540742101,10.999804122878285],[119.34837478492221,10.985057889125882],[119.33800735794168,10.97952413381609],[119.33678562659969,10.996531098459188],[119.33200538455534,11.011874945476652],[119.33394956155871,11.019878990273554],[119.32941470378722,11.021297015094317],[119.32938350970687,11.024222155852927],[119.32053661984257,11.032502706430904],[119.3050323020634,11.037042062320122],[119.19746547243564,11.117319245268956],[119.12220915683196,11.116659357659787],[119.12732374823136,10.702992975306952]]]},"properties":{"rank":5,"site_id":"14753","name":"Malampaya Sound Protected Landscape","desig":"Protected Landscape","iucn_cat":"V","status_yr":"2000","loss_ha":5121.2,"forest2000_ha":74335.7,"area_ha":200376.5,"rep_area_ha":201018.0,"pct_of_forest2000":6.89,"pct_of_pa":2.556,"lon":119.3131,"lat":10.815}},{"type":"Feature","geometry":{"type":"MultiPolygon","coordinates":[[[[121.04978938798173,10.891862639380864],[121.05345478395051,10.890993106943082],[121.0526565800474,10.893187051121727],[121.04978938798173,10.891862639380864]]],[[[121.0479255059465,10.888085800493615],[121.05006581426852,10.889552842206907],[121.04700689462899,10.890154848898291],[121.0479255059465,10.888085800493615]]],[[[120.33306471024254,12.016925068874457],[120.33321181100384,12.020572596593864],[120.33153967379053,12.019002976569633],[120.33306471024254,12.016925068874457]]],[[[120.32523900965644,12.044299510484997],[120.32757549855042,12.043889278867207],[120.32889100890472,12.047046314726101],[120.32523900965644,12.044299510484997]]],[[[120.31381472240999,11.97065742258345],[120.31668199665961,11.965056795435084],[120.31843888156699,11.96846352981724],[120.31381472240999,11.97065742258345]]],[[[120.31468874353537,12.029606772945172],[120.3198256662489,12.0265745853914],[120.31698520991563,12.029740526225373],[120.31468874353537,12.029606772945172]]],[[[120.30949389422057,12.032300029242105],[120.30548962679552,12.028442939856163],[120.30887854471578,12.029472969010225],[120.30949389422057,12.032300029242105]]],[[[120.30550749029794,12.100274564099413],[120.30686299742307,12.098374987304284],[120.30786184336372,12.100600064277307],[120.30550749029794,12.100274564099413]]],[[[120.28525865746357,12.116505736559684],[120.2841929260911,12.11385697668527],[120.28811696448555,12.112488033898353],[120.28525865746357,12.116505736559684]]],[[[120.26440346158671,12.008702515834354],[120.26322629614687,12.005603420414674],[120.26837650413529,12.005755061133728],[120.26440346158671,12.008702515834354]]],[[[120.2386254150437,12.000890132852382],[120.23835785397577,11.9962972783206],[120.24700854388867,12.003124158382493],[120.2386254150437,12.000890132852382]]],[[[120.25811611574935,12.125116277431914],[120.26008258864898,12.122320366563036],[120.26125529285378,12.12653872552703],[120.25811611574935,12.125116277431914]]],[[[120.19293302264097,11.753334195998528],[120.19585815315428,11.752897218607998],[120.19539886270589,11.755153573751816],[120.19293302264097,11.753334195998528]]],[[[120.23972233050591,12.160454628665901],[120.2420009167079,12.158853818466051],[120.24237552691135,12.161096754712483],[120.23972233050591,12.160454628665901]]],[[[120.19259852162175,11.771781563824247],[120.19004798964288,11.769288853701784],[120.19336995121543,11.767059307308903],[120.19259852162175,11.771781563824247]]],[[[120.2077995859395,11.996997340128784],[120.20961895372031,11.995423250066656],[120.2109165368926,11.997808878925706],[120.2077995859395,11.996997340128784]]],[[[120.19243356069768,11.973426504047339],[120.19483705540738,11.97232962668983],[120.1975392394909,11.973787741288218],[120.19243356069768,11.973426504047339]]],[[[120.21431440966197,12.132215129240665],[120.21682933932128,12.131189497477507],[120.2147826164036,12.134466978659137],[120.21431440966197,12.132215129240665]]],[[[120.21557628336191,12.14415216341029],[120.2146487677395,12.139871371517897],[120.21839445380614,12.143848932644032],[120.21557628336191,12.14415216341029]]],[[[120.15719327689861,11.748393565051225],[120.15779083435682,11.745637789135209],[120.15979738500216,11.747524048420004],[120.15719327689861,11.748393565051225]]],[[[120.15920882226705,11.764143060365901],[120.16174602795027,11.764785176153158],[120.16026111527961,11.767447327282541],[120.15920882226705,11.764143060365901]]],[[[120.18115205399069,11.973555872225663],[120.17923020832072,11.971727613587406],[120.18171391928232,11.971254925184423],[120.18115205399069,11.973555872225663]]],[[[120.17583231637849,11.981127388594924],[120.17958244748311,11.97899150945896],[120.17828041749343,11.982536477492015],[120.17583231637849,11.981127388594924]]],[[[120.18458997346924,12.115301731002237],[120.18994089071059,12.114664088852766],[120.18783174632662,12.119042921045665],[120.18458997346924,12.115301731002237]]],[[[120.16134026857593,12.008510775750297],[120.16202246513026,12.0061920231013],[120.16398446546623,12.00803808104961],[120.16134026857593,12.008510775750297]]],[[[120.15532050756998,11.97519237367798],[120.15380433622293,11.97146450510066],[120.15722895599067,11.973805590503725],[120.15532050756998,11.97519237367798]]],[[[120.15891449587528,12.039470315668499],[120.16104594690039,12.033428198405637],[120.16450174090458,12.039028865735704],[120.15891449587528,12.039470315668499]]],[[[120.1473921765147,11.985528517265259],[120.14867644805986,11.983071593537298],[120.1500765604103,11.985051452992067],[120.1473921765147,11.985528517265259]]],[[[120.15061168629933,12.035287675763078],[120.15331388941826,12.038658731257097],[120.14790942834632,12.040861502694247],[120.15061168629933,12.035287675763078]]],[[[119.97793741102574,10.55522284530382],[119.97568555245408,10.552913004407744],[119.97985481797669,10.553336643707183],[119.97793741102574,10.55522284530382]]],[[[119.9774647593523,10.563168924812036],[119.98024727615797,10.561666195890293],[119.97937326344726,10.56490356018519],[119.9774647593523,10.563168924812036]]],[[[120.11686072120702,11.800587345928811],[120.11894314383183,11.799454672821119],[120.11825640883129,11.802504774995036],[120.11686072120702,11.800587345928811]]],[[[119.97031232804434,10.546830808518568],[119.97010721873487,10.543896733008253],[119.97349170333642,10.544935643809987],[119.97031232804434,10.546830808518568]]],[[[120.14818148914073,12.128139467501226],[120.15167294540713,12.126819643351123],[120.1503352254154,12.129209701426934],[120.14818148914073,12.128139467501226]]],[[[120.12642553315266,12.006597817136951],[120.12874871425409,12.001300375584812],[120.12920347673979,12.003592333745113],[120.12642553315266,12.006597817136951]]],[[[120.1386077514993,12.135447951243123],[120.14019969229562,12.13297762802323],[120.14113609844841,12.13517150110403],[120.1386077514993,12.135447951243123]]],[[[120.09629092582898,11.826668601156156],[120.09609914018509,11.82408675543007],[120.0993141575575,11.824853782398026],[120.09629092582898,11.826668601156156]]],[[[120.10276546925238,11.97245002159181],[120.10711755578151,11.971094407630586],[120.10359937601532,11.974799957383878],[120.10276546925238,11.97245002159181]]],[[[120.10009899505866,11.972111127188125],[120.10214122556621,11.970247162760863],[120.10276546925238,11.97245002159181],[120.10009899505866,11.972111127188125]]],[[[120.08250783761959,11.83249668393583],[120.0856113264769,11.834387342779447],[120.08292247472416,11.834917915523304],[120.08250783761959,11.83249668393583]]],[[[119.92882491429742,10.505294273399612],[119.93073780579512,10.503894081333478],[119.93212465083519,10.506261881829012],[119.92882491429742,10.505294273399612]]],[[[120.0824275367908,11.844598643671025],[120.08390793787318,11.842516216251738],[120.08476408616468,11.84579369467741],[120.0824275367908,11.844598643671025]]],[[[120.08012215091102,11.832679486860908],[120.0815624708099,11.829986164344334],[120.08250783761959,11.83249668393583],[120.08012215091102,11.832679486860908]]],[[[120.09848921391405,11.996386486027436],[120.10192715064605,11.992787982821774],[120.10158387211627,11.995940506568676],[120.09848921391405,11.996386486027436]]],[[[119.92453521716786,10.51617895785389],[119.92779040450624,10.513222542423849],[119.92693423429535,10.516669430841503],[119.92453521716786,10.51617895785389]]],[[[120.07341123770564,11.849102351326515],[120.07448589138298,11.845530590030812],[120.07646574924856,11.847126942966199],[120.07341123770564,11.849102351326515]]],[[[120.06267815751343,11.815293410795592],[120.06531355043735,11.81480737456548],[120.06429683123802,11.816970023654056],[120.06267815751343,11.815293410795592]]],[[[119.90743457104142,10.477621095649276],[119.90885254276468,10.475552087222018],[119.91054701120717,10.477175169070184],[119.90743457104142,10.477621095649276]]],[[[119.90947238226308,10.495439686679816],[119.9114210235893,10.497446274937278],[119.90895509934397,10.497740580665536],[119.90947238226308,10.495439686679816]]],[[[119.90913346994148,10.506310985141429],[119.90693961019797,10.502262080741218],[119.90958385246068,10.50241368879089],[119.90913346994148,10.506310985141429]]],[[[120.04461885352676,11.724189525989727],[120.04699555943063,11.722655580309635],[120.04704008479436,11.724974382257695],[120.04461885352676,11.724189525989727]]],[[[119.9068192235885,10.532717760201457],[119.90938765426128,10.531888344378629],[119.90893285816462,10.535798961519706],[119.9068192235885,10.532717760201457]]],[[[119.90549928869001,10.508830372914378],[119.90560184777803,10.511318506557199],[119.90316724025615,10.511153565103845],[119.90549928869001,10.508830372914378]]],[[[119.90164664776744,10.520522123018793],[119.9045361827369,10.51901047454027],[119.90326980108831,10.52234138778865],[119.90164664776744,10.520522123018793]]],[[[120.09325872389127,12.184310766256027],[120.09604564110768,12.185505836742616],[120.09257644035809,12.187851297353175],[120.09325872389127,12.184310766256027]]],[[[120.0450469211387,11.803797836644641],[120.04768671485422,11.80333859528386],[120.04708469831235,11.80620134427237],[120.0450469211387,11.803797836644641]]],[[[120.04959519884798,11.864624501079666],[120.05213686327416,11.865342411177139],[120.04954608962451,11.867117077817346],[120.04959519884798,11.864624501079666]]],[[[120.04878361593774,11.869458151981258],[120.05088834318158,11.870604137948273],[120.04873009802272,11.87228963563697],[120.04878361593774,11.869458151981258]]],[[[119.89595239639772,10.551240817229743],[119.89836921407297,10.549158454820105],[119.89828898075184,10.55150389797141],[119.89595239639772,10.551240817229743]]],[[[120.08446536480831,12.193795281914154],[120.08704268505137,12.194704948717309],[120.08520560022411,12.196203190080418],[120.08446536480831,12.193795281914154]]],[[[120.08467047688818,12.200787160870435],[120.08597694621616,12.198535369457243],[120.08745298916102,12.200813964849006],[120.08467047688818,12.200787160870435]]],[[[120.04943914254626,11.931230028485228],[120.05231971878699,11.927743046552637],[120.05248917290275,11.930066253160128],[120.04943914254626,11.931230028485228]]],[[[120.03433618192629,11.827493548184457],[120.03766263054632,11.82790825667374],[120.03567832232655,11.831199052595892],[120.03433618192629,11.827493548184457]]],[[[120.04045845931992,11.87262411161012],[120.04274151191954,11.872146968929469],[120.04258103908755,11.874474649242371],[120.04045845931992,11.87262411161012]]],[[[120.03343535936358,11.833196716926476],[120.03567832232655,11.831199052595892],[120.03690008967284,11.833294813044807],[120.03343535936358,11.833196716926476]]],[[[119.88601308331339,10.541314866138872],[119.88882676900005,10.541569049627977],[119.88696731540956,10.544222249711815],[119.88601308331339,10.541314866138872]]],[[[120.02767871792915,11.824269614432746],[120.03249899484989,11.821353360746212],[120.03206198137138,11.826022057149395],[120.02767871792915,11.824269614432746]]],[[[120.0314109556431,11.844692328373466],[120.03330609048002,11.847153709585525],[120.03040764857236,11.847055652264137],[120.0314109556431,11.844692328373466]]],[[[120.04645155528469,12.009603194099409],[120.04856513574904,12.003828708529596],[120.05061185273824,12.007485168009977],[120.04645155528469,12.009603194099409]]],[[[119.86777529677177,10.460645334211327],[119.87177958573307,10.461082269447354],[119.87004058546438,10.463334103260221],[119.86777529677177,10.460645334211327]]],[[[120.0251815662675,11.84055869390997],[120.0268002492568,11.837406124926433],[120.02779467677811,11.840942152500398],[120.0251815662675,11.84055869390997]]],[[[119.86706186304954,10.469679412361435],[119.87004058546438,10.463334103260221],[119.86932266098724,10.470401771821463],[119.86706186304954,10.469679412361435]]],[[[119.87453529734046,10.555182715310762],[119.87644832818086,10.553862811991843],[119.87827208302515,10.555285262018192],[119.87453529734046,10.555182715310762]]],[[[120.0244592549146,11.849539321173102],[120.02610016859775,11.85382898993158],[120.02367441705833,11.851840226202441],[120.0244592549146,11.849539321173102]]],[[[120.02494082563992,11.8814665273104],[120.02844563175424,11.88089125801861],[120.02721047243934,11.882799769482842],[120.02494082563992,11.8814665273104]]],[[[120.03750206349798,11.995659646146764],[120.04043174279963,11.994210410405758],[120.04255423481568,11.996564842298257],[120.03750206349798,11.995659646146764]]],[[[119.87297907524976,10.58273101346471],[119.87589534405689,10.584336326851425],[119.87099033764788,10.58483572288376],[119.87297907524976,10.58273101346471]]],[[[119.87417864259523,10.579944115593612],[119.87297907524976,10.58273101346471],[119.87064250204423,10.579636372644897],[119.87417864259523,10.579944115593612]]],[[[120.0546562624149,12.207181541585397],[120.05700616620905,12.200787152131586],[120.05945873647363,12.199043672835783],[120.0546562624149,12.207181541585397]]],[[[120.01761002416828,11.883513232949051],[120.01975492152408,11.881943651959567],[120.01973701959417,11.884364929265075],[120.01761002416828,11.883513232949051]]],[[[120.02342917633989,11.928251357166344],[120.02269786076137,11.925830074133366],[120.02500325951418,11.926084295276219],[120.02342917633989,11.928251357166344]]],[[[119.98884887375459,11.67909019065259],[119.99143516535202,11.678911815598578],[119.98858134178504,11.682831390566037],[119.98884887375459,11.67909019065259]]],[[[120.01509513676811,11.927127654346902],[120.01741389338142,11.926967139937098],[120.01682082531087,11.930614676734912],[120.01509513676811,11.927127654346902]]],[[[119.98443430831905,11.710192402367671],[119.98272646712817,11.708359715919306],[119.98516565402271,11.705470217923144],[119.98443430831905,11.710192402367671]]],[[[120.0083485310996,11.926280486764076],[120.01060928424668,11.927051911028139],[120.0078669013131,11.92948210504649],[120.0083485310996,11.926280486764076]]],[[[120.00639545482073,11.924452230145432],[120.00916899994482,11.923609497175114],[120.0083485310996,11.926280486764076],[120.00639545482073,11.924452230145432]]],[[[119.98913872151167,11.797095843000989],[119.99293782214693,11.798469253546019],[119.99088220533802,11.805256020154113],[119.98913872151167,11.797095843000989]]],[[[119.98386800005129,11.781515753696198],[119.99044523390712,11.780802262006379],[119.98694482498992,11.783513411559452],[119.98386800005129,11.781515753696198]]],[[[120.00456714882068,11.94789373126357],[120.00526725270197,11.945748901637344],[120.00695276132767,11.948232590246255],[120.00456714882068,11.94789373126357]]],[[[119.97550276980274,11.72038594295841],[119.97886047965527,11.718834154462979],[119.97818264584883,11.721193026086066],[119.97550276980274,11.72038594295841]]],[[[119.97239031051427,11.716136416323923],[119.9728986196275,11.713171142420325],[119.97552058935776,11.715191045578841],[119.97239031051427,11.716136416323923]]],[[[119.9638020518514,11.67131797459381],[119.96652212273074,11.670961223630302],[119.96566151977916,11.673458337513551],[119.9638020518514,11.67131797459381]]],[[[119.99650960830017,11.948861382753641],[119.99835566314825,11.95022580070059],[119.9961617392502,11.951180061403148],[119.99650960830017,11.948861382753641]]],[[[119.97234567237923,11.7495573664775],[119.97039710646862,11.745584316700393],[119.97356307081348,11.74751065858855],[119.97234567237923,11.7495573664775]]],[[[119.99530114760678,11.94005465498511],[119.99649620159875,11.942324310484182],[119.99415962262485,11.942337675881694],[119.99530114760678,11.94005465498511]]],[[[119.98464389470546,11.910307966853804],[119.98831821965346,11.913295537522384],[119.98488920563328,11.912912044930312],[119.98464389470546,11.910307966853804]]],[[[119.95973093090655,11.695049288849122],[119.95882573069066,11.692743960519264],[119.96177766699432,11.694019278589739],[119.95973093090655,11.695049288849122]]],[[[119.99510048616904,12.006281234035601],[119.99694215011372,12.002812027063591],[119.99738359889041,12.005719337357526],[119.99510048616904,12.006281234035601]]],[[[119.95681468248875,11.693988013932316],[119.95973093090655,11.695049288849122],[119.95801863287241,11.696547572845803],[119.95681468248875,11.693988013932316]]],[[[119.96960780935535,11.799534984512777],[119.9682254918004,11.797465922548609],[119.97115516967672,11.79776913273084],[119.96960780935535,11.799534984512777]]],[[[119.83133999283844,10.610658350426684],[119.83516590148056,10.611055221836288],[119.83334219476596,10.612923578980825],[119.83133999283844,10.610658350426684]]],[[[119.9651353627163,11.800337590285455],[119.9682254918004,11.797465922548609],[119.96718651683834,11.801635234553268],[119.9651353627163,11.800337590285455]]],[[[119.99239386513138,12.020474499626607],[119.99500690286511,12.018053213069818],[119.9947839256094,12.020764369258309],[119.99239386513138,12.020474499626607]]],[[[119.97372353722902,11.90328045553975],[119.97774122284866,11.900890309879248],[119.97608243343637,11.903935925806065],[119.97372353722902,11.90328045553975]]],[[[119.82362577393262,10.594783967113377],[119.8251909421385,10.596732583616143],[119.82215428950093,10.596772714599354],[119.82362577393262,10.594783967113377]]],[[[119.97195777871943,11.906334891982969],[119.97506574889607,11.907431874986502],[119.97491860468163,11.910575545895533],[119.97195777871943,11.906334891982969]]],[[[119.82031716402088,10.591461919595599],[119.81795823869233,10.591689358131658],[119.81918009813951,10.589366146264608],[119.82031716402088,10.591461919595599]]],[[[119.96497929729435,11.914196292309082],[119.96632591808769,11.917268600170338],[119.96347209664098,11.917277537727056],[119.96497929729435,11.914196292309082]]],[[[119.80487523346156,10.568033826703418],[119.80919171057796,10.570646873272842],[119.80326549609003,10.56986202591374],[119.80487523346156,10.568033826703418]]],[[[119.94161360767949,11.79961523006361],[119.94592553318886,11.802255018903383],[119.9412835987651,11.801880483081444],[119.94161360767949,11.79961523006361]]],[[[119.80219983526506,10.575814949286668],[119.80473258807795,10.577429124743096],[119.80251189410573,10.578419053331913],[119.80219983526506,10.575814949286668]]],[[[119.95796066774888,11.968931755599753],[119.96043991198218,11.968552747612422],[119.96199611073808,11.970648544570711],[119.95796066774888,11.968931755599753]]],[[[119.7970183017809,10.550317850087579],[119.79456137367823,10.551191809443965],[119.79438744819811,10.54859216358459],[119.7970183017809,10.550317850087579]]],[[[119.94711166822454,11.907793032250442],[119.94897559908229,11.905130909110856],[119.94968454787252,11.907824240664802],[119.94711166822454,11.907793032250442]]],[[[119.94998780212889,11.964503839049215],[119.95418379419728,11.964829365020465],[119.95203450808577,11.967317572381003],[119.94998780212889,11.964503839049215]]],[[[119.94131033481115,11.931586834067815],[119.94308954955038,11.930097478367346],[119.94378070522083,11.9323448308369],[119.94131033481115,11.931586834067815]]],[[[119.78603558911381,10.554255179617455],[119.78496979616618,10.557126845233086],[119.78200010855167,10.558143570782953],[119.78603558911381,10.554255179617455]]],[[[119.94539938816179,11.97102753331603],[119.94444062194155,11.967977547896306],[119.94716963796084,11.969061113816247],[119.94539938816179,11.97102753331603]]],[[[119.77036624171762,10.46607651108446],[119.76729393446558,10.464422151079892],[119.77389345848724,10.461198220197915],[119.77036624171762,10.46607651108446]]],[[[119.93997264370992,11.972356326024933],[119.94274622044212,11.970149119736426],[119.94539938816179,11.97102753331603],[119.93997264370992,11.972356326024933]]],[[[119.94247418599679,11.986433706718842],[119.94507830016956,11.985029159278735],[119.94459671088245,11.987918599557007],[119.94247418599679,11.986433706718842]]],[[[119.93508545965808,11.989639823389389],[119.93692264135056,11.987022357520907],[119.93874197397004,11.988520558883204],[119.93508545965808,11.989639823389389]]],[[[119.91687449484375,11.84969537293019],[119.9191665083177,11.847858225099355],[119.91895690951138,11.851140129163937],[119.91687449484375,11.84969537293019]]],[[[119.90827735956347,11.851755502638099],[119.91353908822818,11.847809195354778],[119.91687449484375,11.84969537293019],[119.90827735956347,11.851755502638099]]],[[[119.76250930509072,10.514555793663874],[119.76520711232766,10.516424158323455],[119.76215704456882,10.517021732894204],[119.76250930509072,10.514555793663874]]],[[[119.76133209589358,10.564805449443094],[119.76420380095027,10.56231278439861],[119.76519818893138,10.564528980420285],[119.76133209589358,10.564805449443094]]],[[[119.93417135990856,12.122628059371996],[119.93591042965215,12.11844984844696],[119.9365257345451,12.120960348962427],[119.93417135990856,12.122628059371996]]],[[[119.84968034318972,11.437741356184754],[119.85133465994592,11.432885380236767],[119.85337692265557,11.435079291070684],[119.84968034318972,11.437741356184754]]],[[[119.75278846152521,10.547517537678138],[119.7524005679786,10.55141029014064],[119.74983213770263,10.552458164626595],[119.75278846152521,10.547517537678138]]],[[[119.93287374955958,12.137494669556315],[119.93559823173136,12.137262868658269],[119.93388148338502,12.13953700497204],[119.93287374955958,12.137494669556315]]],[[[119.93062194059104,12.129981084880272],[119.9319462219554,12.125999129400228],[119.93406432186052,12.12726107104964],[119.93062194059104,12.129981084880272]]],[[[119.89651871635449,11.86140500941503],[119.89877055650534,11.860673685904338],[119.89949741846789,11.863001319762468],[119.89651871635449,11.86140500941503]]],[[[119.92926631923191,12.137953995742675],[119.93139337332909,12.135755633027285],[119.93287374955958,12.137494669556315],[119.92926631923191,12.137953995742675]]],[[[119.74599283489262,10.537043064309698],[119.74658141701906,10.53954461969998],[119.74419579288256,10.540900219731991],[119.74599283489262,10.537043064309698]]],[[[119.84705393334428,11.486541719165789],[119.84652776239307,11.482439410003677],[119.84927894588105,11.485837226032066],[119.84705393334428,11.486541719165789]]],[[[119.84460142451807,11.475104188871905],[119.84704501520928,11.473244697516401],[119.84698258824807,11.478716041836394],[119.84460142451807,11.475104188871905]]],[[[119.84265271958165,11.476780805669371],[119.8424566025278,11.47414993546075],[119.84460142451807,11.475104188871905],[119.84265271958165,11.476780805669371]]],[[[119.89401712860072,11.940576370677825],[119.89317884244738,11.936193081399871],[119.89505613026999,11.937561961184812],[119.89401712860072,11.940576370677825]]],[[[119.82600244172698,11.418513701236362],[119.8251374248584,11.412872934810812],[119.82801796746382,11.415294204014781],[119.82600244172698,11.418513701236362]]],[[[119.92558316526761,12.269372622172234],[119.93020719000761,12.269912139547209],[119.9284413973777,12.271477297371208],[119.92558316526761,12.269372622172234]]],[[[119.82672483043736,11.422928238916143],[119.82696115140251,11.4259470234477],[119.82362135826635,11.427619173216733],[119.82672483043736,11.422928238916143]]],[[[119.92547161984746,12.264895696867443],[119.92558316526761,12.269372622172234],[119.92424540846153,12.266906717707112],[119.92547161984746,12.264895696867443]]],[[[119.81755692594596,11.411597622517748],[119.82011200711534,11.410340210349146],[119.82214978547344,11.41215506801822],[119.81755692594596,11.411597622517748]]],[[[119.88240565538189,11.958724909007183],[119.88379687357036,11.956847637091135],[119.88378354407205,11.961922038922362],[119.88240565538189,11.958724909007183]]],[[[119.91231285820592,12.264534499929457],[119.9188097930207,12.262193497255947],[119.91645537814597,12.26554671735908],[119.91231285820592,12.264534499929457]]],[[[119.88032771768745,11.975513380083974],[119.88138006433047,11.972690769096259],[119.88298536076309,11.974728632171654],[119.88032771768745,11.975513380083974]]],[[[119.81156394491214,11.401921370384086],[119.81130083636937,11.399584857722562],[119.81371763605271,11.40082001283938],[119.81156394491214,11.401921370384086]]],[[[119.81205439062167,11.426950308121274],[119.81605420075104,11.427231239634333],[119.81196969104532,11.42933592885344],[119.81205439062167,11.426950308121274]]],[[[119.87567243715242,11.94018840113384],[119.87402256171303,11.938110478680695],[119.87612725513422,11.936487315139544],[119.87567243715242,11.94018840113384]]],[[[119.81501972638678,11.45691545142786],[119.8140075008073,11.451283627917636],[119.8164778622745,11.455069381231413],[119.81501972638678,11.45691545142786]]],[[[119.90472788655055,12.26712522591941],[119.91231285820592,12.264534499929457],[119.90573123804987,12.269270017548882],[119.90472788655055,12.26712522591941]]],[[[119.70137056050376,10.528802661608566],[119.699823272024,10.521520972352409],[119.70261023521496,10.525074832120819],[119.70137056050376,10.528802661608566]]],[[[119.89832914155103,12.265676047562808],[119.90091088254574,12.264516687591428],[119.90014395607925,12.267620156568668],[119.89832914155103,12.265676047562808]]],[[[119.69843648754818,10.536351905300135],[119.69851232836828,10.539147740214466],[119.69568082161908,10.537796654062074],[119.69843648754818,10.536351905300135]]],[[[119.69379456258183,10.532659776094825],[119.69762053320065,10.534126789656424],[119.69568082161908,10.537796654062074],[119.69379456258183,10.532659776094825]]],[[[119.69450358114113,10.542162158340979],[119.69236767510552,10.5436335989524],[119.69080251972058,10.541662733140466],[119.69450358114113,10.542162158340979]]],[[[119.68615618813203,10.530242921878418],[119.69034771444338,10.526992259366853],[119.69269315027888,10.529926338608805],[119.68615618813203,10.530242921878418]]],[[[119.85678362859562,11.998687352341408],[119.8574614456775,11.996341876778605],[119.85912026024668,11.99834841760275],[119.85678362859562,11.998687352341408]]],[[[119.78146494497075,11.453267958372406],[119.78297219639559,11.447943747168914],[119.78641013852993,11.455742756117543],[119.78146494497075,11.453267958372406]]],[[[119.78302122463754,11.468544801888992],[119.78501891204219,11.466917222761735],[119.78483605248788,11.470025244290401],[119.78302122463754,11.468544801888992]]],[[[119.86402074525779,12.179347827053547],[119.86620125277136,12.175896448187359],[119.86741862451524,12.178612075387342],[119.86402074525779,12.179347827053547]]],[[[119.77429922625164,11.455604536825396],[119.77888318023834,11.455470710302873],[119.77512860375778,11.457776130024707],[119.77429922625164,11.455604536825396]]],[[[119.77074083328337,11.416970868015953],[119.77219899204327,11.414406901102225],[119.77362144412072,11.416252943968086],[119.77074083328337,11.416970868015953]]],[[[119.86524255060499,12.233583902499012],[119.8683639805453,12.23352141000294],[119.86687010669068,12.235487873231342],[119.86524255060499,12.233583902499012]]],[[[119.85557525709453,12.16721015528815],[119.85838444406863,12.165823383858621],[119.85824176555515,12.168619206869916],[119.85557525709453,12.16721015528815]]],[[[119.65900469229807,10.475511906120257],[119.66425746741766,10.479097057332021],[119.65883077532976,10.477901998413843],[119.65900469229807,10.475511906120257]]],[[[119.66852037388233,10.547031433585701],[119.67133412575701,10.549211979041857],[119.66684381931822,10.550799368277948],[119.66852037388233,10.547031433585701]]],[[[119.7581973878206,11.440171578676411],[119.7604759535765,11.439413547835375],[119.7601281939588,11.441701006452917],[119.7581973878206,11.440171578676411]]],[[[119.65644074370122,10.583604967795418],[119.6584963802321,10.579172643221103],[119.66170687648308,10.578802546244683],[119.65644074370122,10.583604967795418]]],[[[119.65856322394787,10.585723052648724],[119.65581641632625,10.585821199991228],[119.65644074370122,10.583604967795418],[119.65856322394787,10.585723052648724]]],[[[119.74248355804114,11.429737276124028],[119.74843197518297,11.422660697702055],[119.74906066279023,11.425064114890587],[119.74248355804114,11.429737276124028]]],[[[119.73808680843422,11.443877111426108],[119.74074002070161,11.443631861832154],[119.7400934456826,11.446276042661568],[119.73808680843422,11.443877111426108]]],[[[119.65102736851584,10.669411497566282],[119.65226695538097,10.671489437405205],[119.65014446904317,10.673973124820089],[119.65102736851584,10.669411497566282]]],[[[119.64111479251903,10.616633579304748],[119.64006691094389,10.612968194189493],[119.6427913869129,10.614970318156955],[119.64111479251903,10.616633579304748]]],[[[119.64429853636473,10.656952725383992],[119.64653261450175,10.657496789429741],[119.64205115878673,10.659217982820193],[119.64429853636473,10.656952725383992]]],[[[119.63261576311459,10.617672525210565],[119.6356479488747,10.614007143044315],[119.63538035366255,10.618408277492579],[119.63261576311459,10.617672525210565]]],[[[119.68450627524204,11.094609101165574],[119.68355206797935,11.092490960356278],[119.68582618942007,11.091880083846249],[119.68450627524204,11.094609101165574]]],[[[119.6307830491668,10.619625587346038],[119.63261576311459,10.617672525210565],[119.63294119913085,10.620562007304466],[119.6307830491668,10.619625587346038]]],[[[119.68084535151368,11.10426750562597],[119.68266468655406,11.102515028577143],[119.68414957539585,11.104646501958035],[119.68084535151368,11.10426750562597]]],[[[119.62665838338015,10.619175234525759],[119.62492375933748,10.614881157583067],[119.62983325468169,10.616990308642125],[119.62665838338015,10.619175234525759]]],[[[119.62829482174003,10.62300119527537],[119.63020777868563,10.625141559198813],[119.62612324696127,10.626430220078083],[119.62829482174003,10.62300119527537]]],[[[119.62602516935215,10.65797835361271],[119.62767947926638,10.654852505476144],[119.62924462652717,10.656680772306052],[119.62602516935215,10.65797835361271]]],[[[119.62767947926638,10.654852505476144],[119.62557033244828,10.650892844674981],[119.6282413176499,10.649332126134505],[119.62767947926638,10.654852505476144]]],[[[119.63029249968089,10.811161852845729],[119.63047538366091,10.808299086614456],[119.63474717857754,10.808562218290023],[119.63029249968089,10.811161852845729]]],[[[119.61663876668821,10.67071799041014],[119.61835102751522,10.673286419522716],[119.61577369566176,10.673678854019478],[119.61663876668821,10.67071799041014]]],[[[119.66466328722701,11.309256817816737],[119.66703549729168,11.309087336502877],[119.66604112077124,11.311557685603931],[119.66466328722701,11.309256817816737]]],[[[119.56864100429516,10.441132235446869],[119.57132535519744,10.43861735415523],[119.57095527679215,10.44148007821822],[119.56864100429516,10.441132235446869]]],[[[119.62819674563207,11.022193304921583],[119.63088112348639,11.02148424919515],[119.63071610389795,11.024079451668722],[119.62819674563207,11.022193304921583]]],[[[119.58339170374921,10.674967545676694],[119.58684752426603,10.67622501623759],[119.58629012240212,10.682142222198083],[119.58339170374921,10.674967545676694]]],[[[119.58282093020034,10.66309297090383],[119.58523776722082,10.662464213338255],[119.58433703135815,10.665282342660502],[119.58282093020034,10.66309297090383]]],[[[119.58596015645688,10.700165935985066],[119.58762342474083,10.698163757417348],[119.58827892510097,10.700580577205352],[119.58596015645688,10.700165935985066]]],[[[119.62139660738191,11.052363576575653],[119.62195404861654,11.049585485016994],[119.62376883499823,11.051516339429321],[119.62139660738191,11.052363576575653]]],[[[119.59213154322146,10.799742125250223],[119.59494521908009,10.799456695514374],[119.59313041866608,10.801833387129575],[119.59213154322146,10.799742125250223]]],[[[119.57384474706262,10.660716246200245],[119.57324279365452,10.657184652792347],[119.57625271226185,10.657193550055487],[119.57384474706262,10.660716246200245]]],[[[119.58836358262002,10.827196789710984],[119.59191747229832,10.821814678935477],[119.59167668635506,10.8246818431245],[119.58836358262002,10.827196789710984]]],[[[119.61675020577903,11.071301313032247],[119.61679486983454,11.06831373825829],[119.61861856640495,11.069798662854089],[119.61675020577903,11.071301313032247]]],[[[119.58535374252106,10.808566619600855],[119.58281650696179,10.80458915156141],[119.58814065989117,10.808330353712625],[119.58535374252106,10.808566619600855]]],[[[119.58419433913062,10.782079598971798],[119.58519760489044,10.784688135406254],[119.58284322332042,10.78459902322402],[119.58419433913062,10.782079598971798]]],[[[119.58031938999397,10.783100721209298],[119.58136284642448,10.779881280797591],[119.58419433913062,10.782079598971798],[119.58031938999397,10.783100721209298]]],[[[119.58010981312783,10.78613739616518],[119.58284322332042,10.78459902322402],[119.58326688040472,10.787319033457075],[119.58010981312783,10.78613739616518]]],[[[119.59725508441035,11.016387512021252],[119.5983832453583,11.01427837077307],[119.59957375771296,11.016512378970182],[119.59725508441035,11.016387512021252]]],[[[119.60373857083498,11.085008613241465],[119.60145110090104,11.082493680907893],[119.60366276763712,11.081200552995595],[119.60373857083498,11.085008613241465]]],[[[119.60410423003437,11.158008566863021],[119.60438072932756,11.152470387242088],[119.6087104471064,11.156376541198739],[119.60410423003437,11.158008566863021]]],[[[119.5976786986604,11.100553032871561],[119.59783915693431,11.09407401603906],[119.60081344032278,11.09838146455474],[119.5976786986604,11.100553032871561]]],[[[119.56019099930737,11.003358012118557],[119.56589865169657,11.000811873966436],[119.56778484314503,11.005302225680392],[119.56019099930737,11.003358012118557]]],[[[119.5424883973522,10.817021095277592],[119.54403120729522,10.819357712232213],[119.54136917502403,10.819125772056074],[119.5424883973522,10.817021095277592]]],[[[119.5636468503338,11.02844494695657],[119.56247851146415,11.026130651772815],[119.56516740187112,11.025782803811797],[119.5636468503338,11.02844494695657]]],[[[119.55830479618767,11.038023055762915],[119.56334355207305,11.03071464663287],[119.56061012268663,11.037652989784029],[119.55830479618767,11.038023055762915]]],[[[119.5578500085276,11.003482896743888],[119.5587507344354,11.000834201377467],[119.56019099930737,11.003358012118557],[119.5578500085276,11.003482896743888]]],[[[119.55891566045123,11.05643023061447],[119.55959792479841,11.053598679676034],[119.56099367657143,11.057540586210798],[119.55891566045123,11.05643023061447]]],[[[119.5498860354311,11.003054805451981],[119.55130851566248,11.000834183837467],[119.55226715106512,11.00372369906689],[119.5498860354311,11.003054805451981]]],[[[119.5484814152522,11.0765184571304],[119.54923053592988,11.073718206078453],[119.55265957565048,11.078596467384731],[119.5484814152522,11.0765184571304]]],[[[119.53088577571307,11.073856448775892],[119.53019018860107,11.070574521053032],[119.53278092375744,11.070681565702802],[119.53088577571307,11.073856448775892]]],[[[119.52793835709058,11.077851733479362],[119.52826827982715,11.072942271639777],[119.53088577571307,11.073856448775892],[119.52793835709058,11.077851733479362]]],[[[119.55108995934211,11.31909806040897],[119.55261949264741,11.31449183321645],[119.55584335132272,11.313457308844539],[119.55108995934211,11.31909806040897]]],[[[119.53252225057669,11.165441872198523],[119.5347429486405,11.16974936128997],[119.53178649406885,11.168233277986985],[119.53252225057669,11.165441872198523]]],[[[119.54679141081144,11.320783561634782],[119.55108995934211,11.31909806040897],[119.55155821806244,11.32216144225344],[119.54679141081144,11.320783561634782]]],[[[119.519207430637,11.093057261167669],[119.5248437015792,11.091019518905668],[119.52530744395315,11.093240150279847],[119.519207430637,11.093057261167669]]],[[[119.5284867824242,11.162998269743335],[119.53252225057669,11.165441872198523],[119.52887918358054,11.165366077780126],[119.5284867824242,11.162998269743335]]],[[[119.49490083484608,10.869134601105303],[119.4974692793419,10.864465973382417],[119.49880252264563,10.866664277830786],[119.49490083484608,10.869134601105303]]],[[[119.51729449104286,11.152929682035374],[119.5252940804057,11.159774333424771],[119.52313589543473,11.163056287481833],[119.51729449104286,11.152929682035374]]],[[[119.49260436809935,10.911964310074286],[119.49638130755793,10.92324131393948],[119.49200242804928,10.91532200299186],[119.49260436809935,10.911964310074286]]],[[[119.49595323342238,10.932971147230273],[119.49369688287568,10.94407427694314],[119.49122654132498,10.941073280919756],[119.49595323342238,10.932971147230273]]],[[[119.49145837830856,10.900415257313599],[119.4899780321288,10.90852632590061],[119.48776629247102,10.903483066201689],[119.49145837830856,10.900415257313599]]],[[[119.4895499389965,10.957794937472586],[119.48720885968388,10.95909699297072],[119.48890779691772,10.9545442632711],[119.4895499389965,10.957794937472586]]],[[[119.49090547437193,10.989713186469222],[119.49248398029017,10.987247267058828],[119.49309043285736,10.990943917293356],[119.49090547437193,10.989713186469222]]],[[[119.48851094920637,10.98891949245094],[119.49090547437193,10.989713186469222],[119.48879634682297,10.991300600518729],[119.48851094920637,10.98891949245094]]],[[[119.39953403865096,10.347821154986654],[119.40575450467628,10.347063047431769],[119.40694510360116,10.349105348751939],[119.39953403865096,10.347821154986654]]],[[[119.38863155191677,10.305588943000338],[119.38993806845694,10.301357250078672],[119.39281415308803,10.304166560058373],[119.38863155191677,10.305588943000338]]],[[[119.39599356565044,10.382526317975472],[119.39381299195769,10.384390217949653],[119.39317538701813,10.38213833851152],[119.39599356565044,10.382526317975472]]],[[[119.3608557718767,10.338541734167077],[119.37055438081225,10.346817781812767],[119.36234514026212,10.342354239717023],[119.3608557718767,10.338541734167077]]],[[[119.29966806424801,10.240677810526906],[119.30185748032011,10.234488626852922],[119.30178160781428,10.239442636396264],[119.29966806424801,10.240677810526906]]],[[[119.27689093399144,10.30070176181257],[119.27669031658957,10.298276049430559],[119.28012825674364,10.299805548438048],[119.27689093399144,10.30070176181257]]],[[[119.23223301091645,10.14836551506323],[119.23509132972828,10.148713353416891],[119.23265218950546,10.153792251783061],[119.23223301091645,10.14836551506323]]],[[[119.21840983352413,10.145832786594557],[119.22284663163839,10.144949876466136],[119.2213662355004,10.14685391343558],[119.21840983352413,10.145832786594557]]],[[[119.25509040180307,10.536102183503775],[119.25439030895548,10.533110139944668],[119.25725751230124,10.533538218637002],[119.25509040180307,10.536102183503775]]],[[[119.20591099308403,10.067637975970705],[119.20720856971133,10.065350466936525],[119.20808254287347,10.06834699765919],[119.20591099308403,10.067637975970705]]],[[[119.1480452355346,10.401053829390058],[119.15433250547818,10.400946853356164],[119.1521163485926,10.404808454094455],[119.1480452355346,10.401053829390058]]],[[[119.14311794517195,10.388358808574322],[119.14718014091233,10.390855896328937],[119.14495056957497,10.391359755085363],[119.14311794517195,10.388358808574322]]],[[[119.14176231763086,10.386151562775988],[119.14311794517195,10.388358808574322],[119.14039789346386,10.388064519560137],[119.14176231763086,10.386151562775988]]],[[[119.1126266089323,10.416892613510864],[119.11241254817342,10.419189059805076],[119.11052636873032,10.417815649583606],[119.1126266089323,10.416892613510864]]],[[[119.11241254817342,10.47330022986467],[119.11518608480732,10.473277965250222],[119.11298772484255,10.475574385297108],[119.11241254817342,10.47330022986467]]],[[[119.109857462965,10.452699182925041],[119.11048172777139,10.448810846028861],[119.11218961226912,10.452382593314894],[119.109857462965,10.452699182925041]]],[[[119.10068959793077,10.460087889125523],[119.1045823494037,10.457702259024751],[119.10470722466228,10.45996747596335],[119.10068959793077,10.460087889125523]]],[[[119.00381115434011,10.308416001712796],[119.00599607782647,10.314230673139523],[119.00121597341555,10.309713661455648],[119.00381115434011,10.308416001712796]]],[[[118.9091399785625,9.977091447791715],[118.91399144031753,9.976101564280553],[118.91760776665546,9.97883500240584],[118.9091399785625,9.977091447791715]]],[[[118.87873337387613,9.90897868583834],[118.88009781186685,9.906682264581324],[118.8813285601021,9.911043270292122],[118.87873337387613,9.90897868583834]]],[[[118.85396308285995,9.92654755743152],[118.85802971750077,9.929410283515999],[118.85462296474014,9.933650921909896],[118.85396308285995,9.92654755743152]]],[[[118.821821802993,9.941008397899315],[118.82336020751839,9.942818815238295],[118.81952537155654,9.943072953866922],[118.821821802993,9.941008397899315]]],[[[118.82919270670317,10.097915247410166],[118.825745851848,10.095302196718787],[118.8279442118937,10.093924332905042],[118.82919270670317,10.097915247410166]]],[[[118.82171483788501,10.08510869517831],[118.82603126250812,10.082491246034207],[118.82485849702438,10.084720783055099],[118.82171483788501,10.08510869517831]]],[[[118.81317117690483,10.032388781189356],[118.81318904985314,10.036611555332042],[118.81014341691504,10.034413208211983],[118.81317117690483,10.032388781189356]]],[[[118.81089258172918,10.039777524077955],[118.81321581481176,10.040152085540104],[118.8093140406381,10.044682478882473],[118.81089258172918,10.039777524077955]]],[[[118.8084891061463,10.047589823173132],[118.81169518450623,10.049239727027494],[118.80703992492855,10.054193803868369],[118.8084891061463,10.047589823173132]]],[[[118.78818682096487,9.929789279558474],[118.78998835065208,9.923707113445541],[118.79414423260052,9.929312223222869],[118.78818682096487,9.929789279558474]]],[[[118.7833130633657,9.887632950218768],[118.78514577602196,9.883878386178713],[118.78543561785057,9.886647525428602],[118.7833130633657,9.887632950218768]]],[[[118.78043245908306,9.888703149751386],[118.78120835702724,9.885349916636086],[118.7833130633657,9.887632950218768],[118.78043245908306,9.888703149751386]]],[[[118.7781538372681,9.888903814954197],[118.77596447956638,9.886834811952939],[118.77829213862731,9.885715588216636],[118.7781538372681,9.888903814954197]]],[[[118.7692981192327,9.79267642119617],[118.76363054569661,9.791690924928911],[118.76203418878168,9.788578471001118],[118.7692981192327,9.79267642119617]]],[[[118.75503785245238,9.727060753795087],[118.76188706732339,9.723176900063999],[118.75767323395893,9.72775632720586],[118.75503785245238,9.727060753795087]]],[[[118.75117182975411,9.686121743742149],[118.7521974766392,9.689158392235605],[118.74949075087038,9.687851847939468],[118.75117182975411,9.686121743742149]]],[[[118.76617674939119,9.941253680183317],[118.77151425192535,9.936625124996661],[118.77402030532278,9.939635016271723],[118.76617674939119,9.941253680183317]]],[[[118.7589529709332,9.853663510334021],[118.76465620122727,9.850310307497017],[118.76535621555523,9.854831793256576],[118.7589529709332,9.853663510334021]]],[[[118.76520909717085,9.932611960693631],[118.76830816074136,9.929499440065033],[118.77024342154748,9.930823813968127],[118.76520909717085,9.932611960693631]]],[[[118.73375457302016,9.659514262800366],[118.73076702373197,9.658073950016119],[118.73337113499151,9.655483249006616],[118.73375457302016,9.659514262800366]]],[[[118.73098552480887,9.697768880978343],[118.73305006053714,9.695735574858876],[118.73469546020627,9.698357526771108],[118.73098552480887,9.697768880978343]]],[[[118.72229026801119,9.658640256465413],[118.72546516720217,9.658506545160487],[118.72581739607251,9.662666889541423],[118.72229026801119,9.658640256465413]]],[[[118.75026662195118,9.926828467392495],[118.75011948961513,9.930435844785983],[118.74754660879032,9.927100454281685],[118.75026662195118,9.926828467392495]]],[[[118.74761795224083,9.913553690373677],[118.74902257551581,9.920166551980609],[118.74737269787617,9.917910279453361],[118.74761795224083,9.913553690373677]]],[[[118.74467941184102,9.892515711662837],[118.74575847529192,9.894584725210226],[118.74284667744377,9.896600254396386],[118.74467941184102,9.892515711662837]]],[[[118.7241808909279,9.708332495772687],[118.7230884250054,9.705790795594769],[118.7266690945511,9.7089033150736],[118.7241808909279,9.708332495772687]]],[[[118.74336397646736,9.909308678597126],[118.74586993955037,9.912024269623394],[118.74265496946884,9.91216251646476],[118.74336397646736,9.909308678597126]]],[[[118.72173286362339,9.691811569535618],[118.72344065911231,9.689796017436166],[118.72449299725757,9.692056784420533],[118.72173286362339,9.691811569535618]]],[[[118.73948005618246,9.896997097300085],[118.74284667744377,9.896600254396386],[118.74079997162863,9.899021519206197],[118.73948005618246,9.896997097300085]]],[[[118.72076520855146,9.71032127328386],[118.72068050731396,9.70780634306189],[118.7241808909279,9.708332495772687],[118.72076520855146,9.71032127328386]]],[[[118.72567468964722,9.771611649402715],[118.72524665857627,9.769364198609201],[118.72892985912671,9.77174985054569],[118.72567468964722,9.771611649402715]]],[[[118.7323901166139,9.895895689677076],[118.73874434336527,9.89280995382354],[118.73948005618246,9.896997097300085],[118.7323901166139,9.895895689677076]]],[[[118.71665394380726,9.709103931771885],[118.72076520855146,9.71032127328386],[118.71943640823488,9.712207504067495],[118.71665394380726,9.709103931771885]]],[[[118.72208510071626,9.784146153732026],[118.72383755546748,9.780306891049],[118.72506827488779,9.78382508812152],[118.72208510071626,9.784146153732026]]],[[[118.70905563794578,9.708631298993689],[118.71215917352697,9.704484322103205],[118.7142905949655,9.707806312950272],[118.70905563794578,9.708631298993689]]],[[[118.70604573825804,9.687909807891897],[118.70794981091176,9.68960428060183],[118.70607252124911,9.691227441053595],[118.70604573825804,9.687909807891897]]],[[[118.70003039647015,9.729138702792937],[118.6996022968472,9.731765132918019],[118.69786328054371,9.730012638411516],[118.70003039647015,9.729138702792937]]],[[[118.69781425003038,9.740232910162122],[118.69724795096481,9.736598764300291],[118.69956670339538,9.736772678238783],[118.69781425003038,9.740232910162122]]],[[[118.69304300222528,9.73636687567453],[118.69457250790116,9.734306755123386],[118.69724795096481,9.736598764300291],[118.69304300222528,9.73636687567453]]],[[[118.69069754798416,9.736019049170837],[118.69217795477708,9.734150730424895],[118.69304300222528,9.73636687567453],[118.69069754798416,9.736019049170837]]],[[[118.62341411675607,9.481422213243427],[118.62946516710548,9.479750070707773],[118.62731588652582,9.48276446425573],[118.62341411675607,9.481422213243427]]],[[[118.5856990919575,9.454315327226572],[118.58787955445858,9.459492404454096],[118.58544486453374,9.457945051583588],[118.5856990919575,9.454315327226572]]],[[[118.53585520859673,9.365521279927613],[118.53786184287102,9.367434212970414],[118.53573041665491,9.36858917770927],[118.53585520859673,9.365521279927613]]],[[[118.53323776460087,9.3679827285322],[118.53573041665491,9.36858917770927],[118.5338129199848,9.370212286991894],[118.53323776460087,9.3679827285322]]],[[[118.52038215581292,9.360264014036334],[118.52145683547282,9.357080214353024],[118.52295954014834,9.358863877515333],[118.52038215581292,9.360264014036334]]],[[[118.43698355142237,9.296195624485344],[118.44109937197953,9.30014192602904],[118.43838372613305,9.2993081243188],[118.43698355142237,9.296195624485344]]],[[[118.42284380153997,9.69915568364869],[118.42771759206455,9.70292361378417],[118.42087730977047,9.70135845518577],[118.42284380153997,9.69915568364869]]],[[[118.37534097362759,9.21804986011504],[118.38029950867873,9.216738933861604],[118.37839992068676,9.21880796434586],[118.37534097362759,9.21804986011504]]],[[[118.37163100394646,9.21394754839593],[118.37283048951984,9.211789290224615],[118.37464980739877,9.214643146632838],[118.37163100394646,9.21394754839593]]],[[[118.36072851578678,9.19595501929652],[118.36460341411201,9.196588248633825],[118.36248982804757,9.199504504360236],[118.36072851578678,9.19595501929652]]],[[[118.3603539235872,9.200918026285544],[118.3636045821544,9.204235625848908],[118.36239620334662,9.206380464850106],[118.3603539235872,9.200918026285544]]],[[[118.24888982215573,8.890760797416249],[118.24950958495107,8.8876572740134],[118.25157416585125,8.886653956524535],[118.24888982215573,8.890760797416249]]],[[[118.21978075489744,9.158761722427661],[118.22348627520337,9.15861454181],[118.2200438376028,9.161401496899753],[118.21978075489744,9.158761722427661]]],[[[118.1683807259374,9.131422958919634],[118.17027140576258,9.12991573733432],[118.17070836589521,9.132551081910039],[118.1683807259374,9.131422958919634]]],[[[118.15971672107001,9.148880336284327],[118.16606644506712,9.150021875066658],[118.16617347844884,9.152331699325039],[118.15971672107001,9.148880336284327]]],[[[118.16056391189268,9.121791295564355],[118.16353368925941,9.123325202436213],[118.16349351766186,9.125652879809019],[118.16056391189268,9.121791295564355]]],[[[118.11815341927594,9.148750977172575],[118.12032055851093,9.142722263111317],[118.12597463834638,9.146004234349729],[118.11815341927594,9.148750977172575]]],[[[118.11790366524343,9.133063927385235],[118.12032055851093,9.142722263111317],[118.11478675489751,9.143672066375348],[118.11790366524343,9.133063927385235]]],[[[118.1120176889169,9.113305610131416],[118.11657041735234,9.125594925431438],[118.11226736206297,9.117358960633636],[118.1120176889169,9.113305610131416]]],[[[118.10466458355438,9.101426605406184],[118.10821405841664,9.10613094778134],[118.10286311805393,9.103210207015117],[118.10466458355438,9.101426605406184]]],[[[118.12916295786275,9.381970942965037],[118.12978270369618,9.379678932801095],[118.13147272983852,9.381574018619078],[118.12916295786275,9.381970942965037]]],[[[118.12457894894955,9.364928203244009],[118.12504272158604,9.362645164861311],[118.12852526290564,9.361789025895268],[118.12457894894955,9.364928203244009]]],[[[118.10048197247828,9.096597393512372],[118.1030013563843,9.095478157153785],[118.10381738895602,9.0992059221445],[118.10048197247828,9.096597393512372]]],[[[118.12229587312335,9.372838684533376],[118.1237406906226,9.370640317225458],[118.12459234247773,9.373289034753032],[118.12229587312335,9.372838684533376]]],[[[118.10205154612045,9.33290743823227],[118.1023190937975,9.335458053224452],[118.09954107885147,9.333041227283617],[118.10205154612045,9.33290743823227]]],[[[118.0575140880737,8.983438760401892],[118.0581918797812,8.987335989831882],[118.0542767660261,8.987398408934746],[118.0575140880737,8.983438760401892]]],[[[118.05254222584422,8.97410582389356],[118.05616296309474,8.978252824843542],[118.05368372992447,8.981811176537608],[118.05254222584422,8.97410582389356]]],[[[118.07705386268985,9.316261600314865],[118.08231118796029,9.315490148663368],[118.0796401212638,9.317733139707094],[118.07705386268985,9.316261600314865]]],[[[118.05086108658625,8.969709175105661],[118.05254222584422,8.97410582389356],[118.05037058751896,8.973084709449497],[118.05086108658625,8.969709175105661]]],[[[118.0455458299463,8.975358896429327],[118.04360172206589,8.971684546564417],[118.04605420844032,8.971430367452218],[118.0455458299463,8.975358896429327]]],[[[118.0106088415224,8.908690825774995],[118.01090306425564,8.90607333461585],[118.01289631438922,8.907972924150476],[118.0106088415224,8.908690825774995]]],[[[118.0339521523334,9.260665545215307],[118.03444716376079,9.264915037874825],[118.03222652506254,9.262235118795576],[118.0339521523334,9.260665545215307]]],[[[117.98466573967399,8.89281198708913],[117.98226226930004,8.893066156398994],[117.98023337767475,8.890907934651056],[117.98466573967399,8.89281198708913]]],[[[117.96744021326168,8.878658817016602],[117.96726192072919,8.881057786906018],[117.96472022740714,8.878863943907634],[117.96744021326168,8.878658817016602]]],[[[117.95930685440369,9.264143610175523],[117.96278935642975,9.263867135943489],[117.96045280041731,9.267260577148265],[117.95930685440369,9.264143610175523]]],[[[117.93964221952189,9.277570014526598],[117.93847388389466,9.28000461676947],[117.93603037444102,9.2775253811129],[117.93964221952189,9.277570014526598]]],[[[117.93757315817271,9.275590172407544],[117.93830897017489,9.27342748163981],[117.93964221952189,9.277570014526598],[117.93757315817271,9.275590172407544]]],[[[117.93067048353512,9.283460462328744],[117.93089341699157,9.281021329759284],[117.93348868534093,9.28105249752993],[117.93067048353512,9.283460462328744]]],[[[117.86387762768423,9.119436847901204],[117.86725762032447,9.112476190280965],[117.86797994822636,9.118380088619288],[117.86387762768423,9.119436847901204]]],[[[117.86935341846355,9.22097949581039],[117.86935788937832,9.218669743814827],[117.87229194818994,9.220105564112641],[117.86935341846355,9.22097949581039]]],[[[117.84691519509639,9.207811835405506],[117.8524845894524,9.207441680665909],[117.85297062232517,9.209822828517677],[117.84691519509639,9.207811835405506]]],[[[117.82336219458227,9.129719597551297],[117.82519939003103,9.132163184110219],[117.82259970967546,9.132640255030145],[117.82336219458227,9.129719597551297]]],[[[117.78349344391167,9.145041046941063],[117.78525472961358,9.143591824147554],[117.78432282836233,9.147426674841872],[117.78349344391167,9.145041046941063]]],[[[117.75283706088055,9.07586257244091],[117.75575777495366,9.076669619919368],[117.75264978930947,9.079969396739582],[117.75283706088055,9.07586257244091]]],[[[117.70264545501398,9.059105214359954],[117.70537883356648,9.058917951326581],[117.7041749025376,9.061419488244194],[117.70264545501398,9.059105214359954]]],[[[117.66228165141561,9.064161844024172],[117.66408311537398,9.062391607319023],[117.66532275316384,9.065374735073771],[117.66228165141561,9.064161844024172]]],[[[117.62719746844894,8.662842739911392],[117.62783952491729,8.65844612825892],[117.63013151709045,8.660354590773107],[117.62719746844894,8.662842739911392]]],[[[117.63148714497909,9.037202103942349],[117.63417151195749,9.035061737432379],[117.63443008014465,9.037607922682685],[117.63148714497909,9.037202103942349]]],[[[117.55512497000933,8.660359015666547],[117.55604359003713,8.663275286884838],[117.55375159975685,8.662740211137189],[117.55512497000933,8.660359015666547]]],[[[117.53713700693159,8.564532963261868],[117.53503675749272,8.565612084547652],[117.53440800394526,8.562009109363084],[117.53713700693159,8.564532963261868]]],[[[117.52131613304498,8.908650677445667],[117.51801632916005,8.90740217242297],[117.52052679758664,8.906180381800034],[117.52131613304498,8.908650677445667]]],[[[117.44829382825523,8.515224261244736],[117.45269944176388,8.514042539087802],[117.45143306213963,8.520031171435894],[117.44829382825523,8.515224261244736]]],[[[117.44061970332965,8.509793022804491],[117.44340218996184,8.511104015211941],[117.44096752753393,8.512423925862361],[117.44061970332965,8.509793022804491]]],[[[117.43519299180518,8.514345815865648],[117.43687855980708,8.512058293916557],[117.43900559731549,8.513922138124784],[117.43519299180518,8.514345815865648]]],[[[117.42060285923813,8.781869550135394],[117.42253360363048,8.779452686685941],[117.42424150911737,8.781017854044457],[117.42060285923813,8.781869550135394]]],[[[117.41668771253252,8.755797173887155],[117.42141438190419,8.755079259976167],[117.42037098219632,8.757099229838161],[117.41668771253252,8.755797173887155]]],[[[117.37953895858496,8.522131350052737],[117.3805600732609,8.524182545448589],[117.3788745588273,8.527018575882947],[117.37953895858496,8.522131350052737]]],[[[117.36202812578398,8.731700183831776],[117.36629545581955,8.733631003400145],[117.36365568607887,8.734068024066863],[117.36202812578398,8.731700183831776]]],[[[117.35941950052144,8.73634213051986],[117.35842956775929,8.732859550793293],[117.36202812578398,8.731700183831776],[117.35941950052144,8.73634213051986]]],[[[117.32027308515126,8.451129071097391],[117.32172674683926,8.45318474429161],[117.32044248526165,8.456154518950749],[117.32027308515126,8.451129071097391]]],[[[117.33971029017835,8.694301701994226],[117.33686536039819,8.694328459921444],[117.33818977726305,8.691733273222471],[117.33971029017835,8.694301701994226]]],[[[117.30176778921408,8.301280989200176],[117.30607973178428,8.304130385676773],[117.30363171425432,8.304495994393152],[117.30176778921408,8.301280989200176]]],[[[117.29255526163317,8.27969006459705],[117.29464214916193,8.278454886494439],[117.29511929246874,8.281054544020101],[117.29255526163317,8.27969006459705]]],[[[117.28021699578584,8.195297072418352],[117.28201842532873,8.19365615138763],[117.28252232758686,8.196162134135395],[117.28021699578584,8.195297072418352]]],[[[117.30340875805915,8.654972422232603],[117.30681101021015,8.66093429043836],[117.30302974989276,8.65958312509922],[117.30340875805915,8.654972422232603]]],[[[117.30298517647616,8.65125359328364],[117.30506307633316,8.653117489384709],[117.30340875805915,8.654972422232603],[117.30298517647616,8.65125359328364]]],[[[117.2830083794897,8.431353027524981],[117.27892825155075,8.434229084436007],[117.2774790322577,8.428793464089626],[117.2830083794897,8.431353027524981]]],[[[117.27111595931142,8.58102274645477],[117.27884806354403,8.580888977090547],[117.27354616589723,8.588166172971729],[117.27111595931142,8.58102274645477]]],[[[117.27633306793834,8.609748242328957],[117.27918244911392,8.614100331970581],[117.27804985925432,8.616151485994868],[117.27633306793834,8.609748242328957]]],[[[117.24413836118094,8.369433932463393],[117.24531115306304,8.37403568254295],[117.24331786033513,8.372747063682796],[117.24413836118094,8.369433932463393]]],[[[117.24039270191305,8.374597582132987],[117.24331786033513,8.372747063682796],[117.24195343162931,8.37639458624297],[117.24039270191305,8.374597582132987]]],[[[117.23385126775575,8.309583830306495],[117.23339192218022,8.30595863574127],[117.23610303284327,8.307033275688749],[117.23385126775575,8.309583830306495]]],[[[117.2316840805278,8.311113363613822],[117.23385126775575,8.309583830306495],[117.23505516090187,8.311786679168408],[117.2316840805278,8.311113363613822]]],[[[117.20992811422695,8.265474432541788],[117.2198095350384,8.26217470496011],[117.23161724150613,8.26916654953305],[117.20992811422695,8.265474432541788]]],[[[117.21555110198368,8.351842797172354],[117.21673276287186,8.348476129660458],[117.21822656258897,8.350848408960397],[117.21555110198368,8.351842797172354]]],[[[117.20039463659315,8.265282658118286],[117.20248588819409,8.264266045636463],[117.2049161133793,8.266647154839433],[117.20039463659315,8.265282658118286]]],[[[117.20690045269053,8.339232427523436],[117.20972299950252,8.336989501066066],[117.20967400881588,8.339825500072573],[117.20690045269053,8.339232427523436]]],[[[117.21499373608209,8.451846999255133],[117.21743726994258,8.454874716500441],[117.21513191128749,8.455503479342433],[117.21499373608209,8.451846999255133]]],[[[117.20436769115462,8.336663946830095],[117.20801962407064,8.33533520425737],[117.20690045269053,8.339232427523436],[117.20436769115462,8.336663946830095]]],[[[117.19514622356219,8.408022946773814],[117.20148710423267,8.40922689562471],[117.20373447340317,8.411559056386896],[117.19514622356219,8.408022946773814]]],[[[117.18015470422054,8.283850385423092],[117.1916860015281,8.285874838710866],[117.1932689116756,8.290271504169441],[117.18015470422054,8.283850385423092]]],[[[117.19114642735937,8.39811931955478],[117.19352312733376,8.397762567899909],[117.19208280703066,8.400241884119755],[117.19114642735937,8.39811931955478]]],[[[117.08060974971336,7.902396582380508],[117.08417257685453,7.902026519371548],[117.08589825858603,7.906993909853599],[117.08060974971336,7.902396582380508]]],[[[117.08213479768854,7.944049085903785],[117.0834948157172,7.94185071369663],[117.08474331663355,7.9437636656564745],[117.08213479768854,7.944049085903785]]],[[[117.07470589667886,7.881746486408692],[117.07665010331449,7.876377761868312],[117.07681952694382,7.882682890325008],[117.07470589667886,7.881746486408692]]],[[[117.06672856930851,8.017838235747544],[117.07129913665489,8.018083497873334],[117.07247633060575,8.020959639270517],[117.06672856930851,8.017838235747544]]],[[[117.06290711585714,8.000523606232953],[117.07059017734039,8.003506683441413],[117.06427605905048,8.003774250755885],[117.06290711585714,8.000523606232953]]],[[[117.06162741610672,8.010672492866034],[117.0690918912681,8.011296737828031],[117.0642359229062,8.015947634461295],[117.06162741610672,8.010672492866034]]],[[[117.02243187144775,7.81916301040105],[117.02321221164497,7.816928989657073],[117.02469708622135,7.8188821122925445],[117.02243187144775,7.81916301040105]]],[[[117.01480685483928,7.815747304830845],[117.01525267742439,7.811488891255022],[117.01674209880088,7.813504415739119],[117.01480685483928,7.815747304830845]]],[[[117.02626223718504,8.076774219037537],[117.03230881177238,8.075770913448954],[117.02955747581856,8.08063580770888],[117.02626223718504,8.076774219037537]]],[[[117.01959589550354,8.071601651704105],[117.02625334635589,8.073095470459341],[117.02626223718504,8.076774219037537],[117.01959589550354,8.071601651704105]]],[[[117.0098036798698,8.063744669715467],[117.01253713261191,8.062785975541226],[117.01167655013877,8.065086856546099],[117.0098036798698,8.063744669715467]]],[[[117.00006947970985,8.093571650456113],[117.00314624692622,8.09241671383763],[117.0028786842091,8.09567183754163],[117.00006947970985,8.093571650456113]]],[[[116.98717380158654,8.089611939106327],[116.98848476463418,8.08449738012479],[116.99050028146812,8.08922849449335],[116.98717380158654,8.089611939106327]]],[[[116.9867144461145,8.091841464012088],[116.98717380158654,8.089611939106327],[116.98920262461117,8.092131349352588],[116.9867144461145,8.091841464012088]]],[[[116.98350836143561,8.086490598180685],[116.98717380158654,8.089611939106327],[116.98451169969425,8.089964252738708],[116.98350836143561,8.086490598180685]]],[[[116.96371000677216,8.038617658452157],[116.97096048261608,8.043901683406602],[116.96757153225859,8.045622925694989],[116.96371000677216,8.038617658452157]]],[[[116.95411401030394,7.914605604581888],[116.95552309964147,7.912335955774718],[116.9569454753422,7.914659097912448],[116.95411401030394,7.914605604581888]]],[[[116.96168552099986,8.037320036148287],[116.96410679868934,8.036084885280314],[116.96371000677216,8.038617658452157],[116.96168552099986,8.037320036148287]]],[[[116.95427895104956,7.996421234657739],[116.95704806785287,7.998022015840815],[116.95319093269069,8.000478988428219],[116.95427895104956,7.996421234657739]]],[[[116.93308930738567,7.925253907072116],[116.93384293355024,7.922373380424215],[116.93559536464446,7.9254144330538665],[116.93308930738567,7.925253907072116]]],[[[116.9323892269048,7.9282415748717066],[116.93308930738567,7.925253907072116],[116.93454300926219,7.927434470537614],[116.9323892269048,7.9282415748717066]]],[[[120.33194103794614,12.014820386375124],[120.33180273373391,12.01255068927509],[120.3345807551048,12.014312036788816],[120.33306471024254,12.016925068874457],[120.33194103794614,12.014820386375124]]],[[[120.30548962679552,12.028442939856163],[120.30451751419434,12.024817651756491],[120.30817845243926,12.021718571413066],[120.30869129063805,12.026810915816176],[120.30548962679552,12.028442939856163]]],[[[120.25245306589011,11.915079217821232],[120.25861999477162,11.918142588850152],[120.25550751621188,11.920956286801264],[120.25167273784481,11.918579581040998],[120.25245306589011,11.915079217821232]]],[[[120.25981507118927,12.009255413369257],[120.26189296067886,12.007810681058004],[120.26440346158671,12.008702515834354],[120.26301221691989,12.011021256120964],[120.25981507118927,12.009255413369257]]],[[[120.2377870728242,12.150493009712749],[120.23904898625881,12.147902209560632],[120.24229074448382,12.14857108292827],[120.24264307982173,12.150956718774047],[120.2377870728242,12.150493009712749]]],[[[120.1735492428229,11.753530397378665],[120.17788351689256,11.755077767550572],[120.1771834327802,11.757476743915],[120.17580113457423,11.759617088787023],[120.1735492428229,11.753530397378665]]],[[[119.98915653927813,10.564689471297418],[119.98952215580114,10.558642964049723],[119.99441823506028,10.563530107842928],[119.99358885653167,10.565773062706405],[119.98915653927813,10.564689471297418]]],[[[120.14759287504519,11.972944925861016],[120.1502906462644,11.972450017112298],[120.15086136399125,11.975303800065499],[120.1485738089905,11.975665026864663],[120.14759287504519,11.972944925861016]]],[[[120.16202246513028,12.117892496946476],[120.16414505715373,12.11495396515373],[120.1649431676546,12.117589247248327],[120.16246398820424,12.120144359135574],[120.16202246513028,12.117892496946476]]],[[[120.13168724032407,12.030614531391826],[120.13403720396965,12.032870837682108],[120.13304276996142,12.035225209749196],[120.13105405594098,12.032794996036257],[120.13168724032407,12.030614531391826]]],[[[119.94800794641664,10.533515946576648],[119.94790983080001,10.52978369179282],[119.95068342267048,10.5275407248324],[119.9508751500321,10.531429026479643],[119.94800794641664,10.533515946576648]]],[[[120.11173273509652,11.97912082949679],[120.11132250533963,11.976632669887175],[120.11434575014823,11.975419754458192],[120.11363678395944,11.980801862710168],[120.11173273509652,11.97912082949679]]],[[[119.91641072171129,10.484109067663201],[119.92006279331902,10.47964551683021],[119.92287198571084,10.484942925256505],[119.91689682298727,10.486512507985958],[119.91641072171129,10.484109067663201]]],[[[120.06440385467349,11.860352688839729],[120.06509060105134,11.85737395343146],[120.06738258068933,11.858190015617984],[120.06684747451075,11.860646948876582],[120.06440385467349,11.860352688839729]]],[[[120.04015523091249,11.679857138260768],[120.04061902285024,11.677293206790939],[120.04356644506868,11.677391302866068],[120.0425097079707,11.679964205648464],[120.04015523091249,11.679857138260768]]],[[[120.04485964723632,11.735480002545442],[120.04572468473079,11.73334850825665],[120.04942124455208,11.733830099665708],[120.04830653868382,11.736318309453667],[120.04485964723632,11.735480002545442]]],[[[120.04538575927556,11.854676218582862],[120.04891295815857,11.853539125467819],[120.0504959134964,11.855229172758964],[120.04919835701655,11.857427501478156],[120.04538575927556,11.854676218582862]]],[[[119.89244312009987,10.531152583101587],[119.89603713269949,10.528593081184729],[119.89597022633221,10.530849370323187],[119.89509179036949,10.53301654093503],[119.89244312009987,10.531152583101587]]],[[[119.87612725513422,10.557835883399669],[119.87827208302515,10.555285262018192],[119.88027422178699,10.55365764448393],[119.87850390181802,10.558139109778542],[119.87612725513422,10.557835883399669]]],[[[120.00149037075614,11.781636158593212],[120.00573989574322,11.782915872702668],[120.00432196167282,11.784793216708495],[120.00147255460979,11.785497725790288],[120.00149037075614,11.781636158593212]]],[[[119.86637967887711,10.625966467113752],[119.86855564653989,10.627085720831463],[119.86817664024127,10.629529288859276],[119.86410550123531,10.629538194345713],[119.86637967887711,10.625966467113752]]],[[[119.98516565402271,11.705470217923144],[119.98666838022257,11.703120320042311],[119.98893355240861,11.702210621096468],[119.98761370609176,11.705425622723265],[119.98516565402271,11.705470217923144]]],[[[119.85279718093953,10.57119087738839],[119.85532997916684,10.559387629116038],[119.85782706114162,10.561193574416803],[119.85490193370413,10.569790706052693],[119.85279718093953,10.57119087738839]]],[[[120.00791152776705,12.032353522235114],[120.00862052196734,12.030008059080794],[120.0113316695567,12.028558888264584],[120.01076088758764,12.031479604714251],[120.00791152776705,12.032353522235114]]],[[[119.84201509530948,10.639281373478264],[119.8407531715995,10.636427523934852],[119.84565377909433,10.634519031607342],[119.85003255821249,10.637029459646573],[119.84201509530948,10.639281373478264]]],[[[119.99174282501271,11.942529401849322],[119.99028910933649,11.939256422237623],[119.99276838157861,11.940331086572952],[119.99415962262485,11.942337675881694],[119.99174282501271,11.942529401849322]]],[[[119.83350715237643,10.615286934775023],[119.83778785719127,10.61918414741327],[119.83611571712642,10.621939887717183],[119.83398868971464,10.623023495612458],[119.83350715237643,10.615286934775023]]],[[[119.96155913467558,11.91272481014564],[119.9619426467524,11.909536536883662],[119.96497929729435,11.914196292309082],[119.96192482541917,11.915516202564305],[119.96155913467558,11.91272481014564]]],[[[119.97354525100197,12.03985818782765],[119.97267569429228,12.03756181391748],[119.97548045124789,12.034150579282672],[119.97514161455592,12.036946445265572],[119.97354525100197,12.03985818782765]]],[[[119.80444270394266,10.583101101918084],[119.80858078234786,10.582780055589613],[119.80916044440161,10.590373886162139],[119.80491091686588,10.587185663187894],[119.80444270394266,10.583101101918084]]],[[[119.80066143587484,10.571404873534364],[119.80219983526506,10.575814949286668],[119.7971476172318,10.571186414463243],[119.79895360445323,10.56891675244148],[119.80066143587484,10.571404873534364]]],[[[119.7978655631196,10.555985298670397],[119.79514100593123,10.554901743634453],[119.7965278029417,10.552953172080068],[119.79881536944224,10.553894020996557],[119.7978655631196,10.555985298670397]]],[[[119.94817735450953,11.926267120848422],[119.94866793092491,11.92095627126765],[119.95220399940759,11.91712147079608],[119.95249824854704,11.920385526368541],[119.94817735450953,11.926267120848422]]],[[[119.90838883073303,11.839925547954483],[119.90804550277079,11.836799689303046],[119.91045787098616,11.836095159061466],[119.91295050977807,11.839626725504212],[119.90838883073303,11.839925547954483]]],[[[119.86745429178244,11.489783507903345],[119.86484570122312,11.485195097780329],[119.86702619568072,11.480205402557072],[119.8693494110687,11.480009191530746],[119.86745429178244,11.489783507903345]]],[[[119.9146226872835,11.96363883764827],[119.91927797062588,11.953784233711112],[119.9210527066299,11.955509857210146],[119.91785551766786,11.962171793804266],[119.9146226872835,11.96363883764827]]],[[[119.73653064621011,10.534064414703757],[119.74183690271583,10.535963950700252],[119.73982145382226,10.53830054489017],[119.73686061413741,10.537502394279503],[119.73653064621011,10.534064414703757]]],[[[119.89137735286671,11.946801244059213],[119.89381199302856,11.942828220256212],[119.89775832750628,11.94688148358697],[119.89545739412291,11.950827849954598],[119.89137735286671,11.946801244059213]]],[[[119.83545130604939,11.457606634240326],[119.8372260641846,11.452616912166471],[119.83933520452796,11.458065921597601],[119.83726615448738,11.459515180501587],[119.83545130604939,11.457606634240326]]],[[[119.8353977927376,11.5009312453985],[119.83715471401348,11.499464234756577],[119.84064173393695,11.497319373003455],[119.83920584013713,11.500659287241186],[119.8353977927376,11.5009312453985]]],[[[119.8243214162431,11.45606821961816],[119.82748739682569,11.451841042598552],[119.82960542831792,11.453009318679912],[119.82805814874587,11.45628228646917],[119.8243214162431,11.45606821961816]]],[[[119.87612725513422,11.936487315139544],[119.86985774991305,11.932871008844332],[119.87603809256606,11.928113164996303],[119.87958751266206,11.929375060534861],[119.87612725513422,11.936487315139544]]],[[[119.69851232836828,10.539147740214466],[119.70236495285094,10.538804409496333],[119.70497800562386,10.537863550072702],[119.70137506843159,10.541426396819956],[119.69851232836828,10.539147740214466]]],[[[119.876943222369,12.159540471587295],[119.87409830686912,12.159290780321864],[119.87614950162741,12.1569854397405],[119.87928869292737,12.15847922870026],[119.876943222369,12.159540471587295]]],[[[119.786789103776,11.424778736590659],[119.78862631971998,11.42339641824526],[119.7881402080634,11.428506543910789],[119.78597313466734,11.42745419389745],[119.786789103776,11.424778736590659]]],[[[119.6855987347278,10.541702803525812],[119.68488083120874,10.537167940106729],[119.68876476846779,10.539575850824455],[119.68800665948515,10.541885666745648],[119.6855987347278,10.541702803525812]]],[[[119.88229416311194,12.259714228317561],[119.88490277605577,12.263406372302871],[119.88281587200544,12.264476561923402],[119.88228974932264,12.262064122294525],[119.88229416311194,12.259714228317561]]],[[[119.7710039302482,11.438931940688862],[119.774357180358,11.438744668544226],[119.78039037127668,11.443261706250013],[119.77226586996764,11.440840418642336],[119.7710039302482,11.438931940688862]]],[[[119.64653261450175,10.657496789429741],[119.64704981204893,10.65506207147086],[119.64700966718816,10.651833750535017],[119.65106300270035,10.654250554463399],[119.64653261450175,10.657496789429741]]],[[[119.63813162573302,10.655632894406137],[119.64112372379702,10.655757741018915],[119.64205115878673,10.659217982820193],[119.63930438431383,10.659579186314808],[119.63813162573302,10.655632894406137]]],[[[119.62920005482465,10.673946420008505],[119.63150096222957,10.67845452997244],[119.62930264046823,10.679814546698003],[119.62676981460663,10.678592766950858],[119.62920005482465,10.673946420008505]]],[[[119.66955045087165,11.088357401086919],[119.67364389597189,11.089356275942178],[119.67361719670829,11.092174362345629],[119.670883766553,11.090903548739929],[119.66955045087165,11.088357401086919]]],[[[119.60865693563822,10.663980307507988],[119.61342822201595,10.662432967669552],[119.61529653788308,10.666142954943593],[119.61147514941462,10.66428354560321],[119.60865693563822,10.663980307507988]]],[[[119.63097919773818,11.01693151620488],[119.6291421292776,11.010951896556797],[119.63233923034743,11.012267325581055],[119.63351645852251,11.014363076804571],[119.63097919773818,11.01693151620488]]],[[[119.62128959398001,11.02069055847435],[119.62819674563207,11.022193304921583],[119.62811202338507,11.025274471267206],[119.62089718133589,11.023263415426417],[119.62128959398001,11.02069055847435]]],[[[119.62195404861654,11.049585485016994],[119.6215481948231,11.04571055906773],[119.62374654828864,11.044042831989673],[119.62314462892768,11.047583346715088],[119.62195404861654,11.049585485016994]]],[[[119.61828416482474,11.059435650791954],[119.61943904533828,11.057197222105545],[119.62188709918206,11.057683223342568],[119.62067422113319,11.0606708569512],[119.61828416482474,11.059435650791954]]],[[[119.61507365733362,11.083684228676221],[119.61710698716917,11.078119275808431],[119.61930974305506,11.077178451813104],[119.62097748583724,11.087425431200193],[119.61507365733362,11.083684228676221]]],[[[119.53211649646175,10.37127149600276],[119.53402941574447,10.36893047376185],[119.53469383418673,10.371177924930935],[119.53234835609639,10.375703909317696],[119.53211649646175,10.37127149600276]]],[[[119.57617689444552,10.835557568006294],[119.58007416114403,10.828262509168695],[119.58294584239971,10.831718303329726],[119.58181764772569,10.834242121336452],[119.57617689444552,10.835557568006294]]],[[[119.60366276763712,11.081200552995595],[119.6043985080545,11.07780721117148],[119.60698931361141,11.077816113388604],[119.6063605228671,11.08331419142525],[119.60366276763712,11.081200552995595]]],[[[119.5939419334653,11.08569089317278],[119.60145110090104,11.082493680907893],[119.6000508797898,11.088170117787962],[119.59823163321825,11.085392127145031],[119.5939419334653,11.08569089317278]]],[[[119.58628569927119,11.175947512791703],[119.59359411670076,11.169816257238608],[119.59330875063364,11.179715478546601],[119.59020967018718,11.175416918795808],[119.58628569927119,11.175947512791703]]],[[[119.54914585522754,10.823330742153319],[119.55091608737534,10.82190385407952],[119.55428713076057,10.82362947823031],[119.55421138977843,10.828182198235266],[119.54914585522754,10.823330742153319]]],[[[119.59330875063364,11.179715478546601],[119.59297428955288,11.184705218854477],[119.59080721748826,11.18568174945707],[119.59115052961575,11.180888206350152],[119.59330875063364,11.179715478546601]]],[[[119.58057355350526,11.145951166734633],[119.5888050924403,11.14600462818483],[119.58828334817008,11.149139414309799],[119.58008309625744,11.15009814206787],[119.58057355350526,11.145951166734633]]],[[[119.56180077322131,11.051886418232467],[119.56109622286839,11.046651422879519],[119.56518076170182,11.042557972819905],[119.57626164761446,11.042419716340879],[119.56180077322131,11.051886418232467]]],[[[119.57078585257884,11.072585599107482],[119.57865612501851,11.08457166022013],[119.57871407112168,11.088143404310529],[119.57078134049523,11.080157120186167],[119.57078585257884,11.072585599107482]]],[[[119.56159116919032,11.059854824498384],[119.57078585257884,11.072585599107482],[119.5664694044062,11.070980263945668],[119.55995467228385,11.061656304578538],[119.56159116919032,11.059854824498384]]],[[[119.53181773326592,10.818621943627306],[119.53151454462424,10.808357054563453],[119.53637053018532,10.808151944480034],[119.53686547343588,10.810680265492978],[119.53181773326592,10.818621943627306]]],[[[119.55208434366457,11.058151484225089],[119.55304748651744,11.052256522078206],[119.5566460529729,11.0446849825035],[119.55959792479841,11.053598679676034],[119.55208434366457,11.058151484225089]]],[[[119.56075283847372,11.278890301369282],[119.56237596615811,11.269147183481536],[119.56598341096263,11.271381234695246],[119.56588077969462,11.286301353439812],[119.56075283847372,11.278890301369282]]],[[[119.5347429486405,11.16974936128997],[119.53779739216581,11.174609835853701],[119.53600929929392,11.176188293889624],[119.53382437283116,11.171840724506605],[119.5347429486405,11.16974936128997]]],[[[119.50808195097711,11.339092687412597],[119.51080204249894,11.340684563441798],[119.51124795133741,11.347083396287482],[119.5078723569954,11.346735527101751],[119.50808195097711,11.339092687412597]]],[[[119.24971274240771,10.154247079501964],[119.24679201500739,10.150595107916589],[119.2478488567724,10.14274703038004],[119.25410941971379,10.146974315849345],[119.24971274240771,10.154247079501964]]],[[[119.26307216715344,10.534586077191056],[119.27726548409305,10.541466480573941],[119.27479964160844,10.54193919904682],[119.26386140991175,10.53749789325587],[119.26307216715344,10.534586077191056]]],[[[119.22828228134084,10.178482303408911],[119.23219736250319,10.177108883050403],[119.23268783781009,10.179449929736885],[119.23015510212247,10.17978436582871],[119.22828228134084,10.178482303408911]]],[[[119.2213662355004,10.14685391343558],[119.22398815754127,10.14815592999602],[119.22352443586584,10.15491591155817],[119.2204699027412,10.15267299899996],[119.2213662355004,10.14685391343558]]],[[[119.14081253703408,10.407724697592576],[119.14128520979477,10.410132601357558],[119.13991625597683,10.412054446587595],[119.13866326371411,10.41010586832554],[119.14081253703408,10.407724697592576]]],[[[119.11293420980864,10.399519975782765],[119.11587280506514,10.397143202645118],[119.11816031186949,10.397384052310445],[119.11919480808601,10.401611225427667],[119.11293420980864,10.399519975782765]]],[[[119.02594163771803,10.337935266924637],[119.03156009138557,10.332285589278877],[119.03089572283767,10.33690525134082],[119.02896493534861,10.338773578963885],[119.02594163771803,10.337935266924637]]],[[[118.82649049695593,10.110619266859288],[118.82949153667401,10.112068454822632],[118.82773011208926,10.116469601255593],[118.82510372042998,10.112826523418592],[118.82649049695593,10.110619266859288]]],[[[118.77412285557237,10.027283087200924],[118.77257107554647,10.02227552211491],[118.7738775531305,10.013803235389535],[118.778488339577,10.02255202592146],[118.77412285557237,10.027283087200924]]],[[[118.75770445585648,9.931550650553499],[118.76178006172745,9.915970519239409],[118.76495043888323,9.913076571849569],[118.76402298357823,9.93059195661121],[118.75770445585648,9.931550650553499]]],[[[118.76237308352142,10.039559004484584],[118.77140280563113,10.040629171170313],[118.76915091555273,10.045262168238196],[118.76631941955758,10.046198608735136],[118.76237308352142,10.039559004484584]]],[[[118.73686705932742,9.75574610888597],[118.73469101200077,9.753485363912992],[118.73883348311576,9.750337220403837],[118.74038523628113,9.757717031074792],[118.73686705932742,9.75574610888597]]],[[[118.72613848506359,9.694228363739679],[118.73149832502219,9.69408569132593],[118.73098552480887,9.697768880978343],[118.730218545567,9.70009654876205],[118.72613848506359,9.694228363739679]]],[[[118.74089364722388,9.843911496087381],[118.74379649587603,9.852820753289986],[118.74311426758672,9.860499371304117],[118.7395781806222,9.856994500013785],[118.74089364722388,9.843911496087381]]],[[[118.72069385310014,9.65588459782612],[118.72460901382229,9.654636050279958],[118.72321325066929,9.656491013962084],[118.72229026801119,9.658640256465413],[118.72069385310014,9.65588459782612]]],[[[118.71881662387734,9.65133630332634],[118.71994924550029,9.647483628424544],[118.72227683338717,9.64805436501011],[118.72210743246839,9.65155924882883],[118.71881662387734,9.65133630332634]]],[[[118.71384473829217,9.694143657323528],[118.71668517373115,9.694629734336926],[118.7144778882087,9.69744788054131],[118.71099090586608,9.694968564305533],[118.71384473829217,9.694143657323528]]],[[[118.7395737325528,10.075668806246277],[118.74030944154508,10.072699031092599],[118.74339520116983,10.072672307581367],[118.74170069622693,10.077702151664209],[118.7395737325528,10.075668806246277]]],[[[118.62162602647598,9.483393148886432],[118.62341411675607,9.481422213243427],[118.62786881066242,9.48539082703809],[118.62417216849687,9.487812099863168],[118.62162602647598,9.483393148886432]]],[[[118.4980598555321,9.326406028727497],[118.49858604321683,9.324042760541902],[118.50086468559734,9.322789696476232],[118.50102077536928,9.325273446719114],[118.4980598555321,9.326406028727497]]],[[[118.44109937197953,9.30014192602904],[118.44408688773918,9.301136336229458],[118.44216948648489,9.303686953687423],[118.4398239954124,9.302433954076369],[118.44109937197953,9.30014192602904]]],[[[118.11470647849718,9.146057680917394],[118.11396630870429,9.14957595754227],[118.109890720007,9.14723046872004],[118.11040793150262,9.144617410294265],[118.11470647849718,9.146057680917394]]],[[[118.05782618700378,9.00495839596623],[118.05715286011646,9.001886095755733],[118.0627401091483,8.99323537313514],[118.06618699910656,8.998885085806698],[118.05782618700378,9.00495839596623]]],[[[118.01956709315061,8.94116650331398],[118.02508307476089,8.93627038830934],[118.0287752200668,8.947163970720341],[118.02481549911457,8.949852828885332],[118.01956709315061,8.94116650331398]]],[[[117.95893228880288,8.868576762009496],[117.9616166136082,8.866864459918192],[117.96310153244583,8.874150642585207],[117.95936038924661,8.872099474770279],[117.95893228880288,8.868576762009496]]],[[[117.96610699191471,9.271050749902244],[117.97153812204739,9.26858932534017],[117.97465505793106,9.26947222674942],[117.96752046718574,9.273084153876178],[117.96610699191471,9.271050749902244]]],[[[117.93418875958028,9.270551340515642],[117.9424380244953,9.26604318760219],[117.94305341930996,9.272303766866308],[117.93830897017489,9.27342748163981],[117.93418875958028,9.270551340515642]]],[[[117.92671976009483,9.255278949764135],[117.92516794419306,9.25242513615716],[117.92730383296033,9.25100710291545],[117.92974299157804,9.252826407817086],[117.92671976009483,9.255278949764135]]],[[[117.8658128664861,9.214660970330172],[117.87059749097143,9.214290839929909],[117.86935788937832,9.218669743814827],[117.86590648924354,9.217024269990869],[117.8658128664861,9.214660970330172]]],[[[117.53008711514516,8.91764025370396],[117.53615594983248,8.91947295662421],[117.53754718262212,8.92241595475802],[117.53407360547193,8.93090609539283],[117.53008711514516,8.91764025370396]]],[[[117.51472112725897,8.903571761943585],[117.5178602692696,8.904913993620616],[117.51801632916005,8.90740217242297],[117.51536768361173,8.905868209356072],[117.51472112725897,8.903571761943585]]],[[[117.44340218996184,8.511104015211941],[117.45138843265993,8.511862084980226],[117.44829382825523,8.515224261244736],[117.44304549759643,8.514100500326627],[117.44340218996184,8.511104015211941]]],[[[117.43687855980708,8.512058293916557],[117.43434576589215,8.51081861624937],[117.43574597658537,8.5084508409987],[117.44061970332965,8.509793022804491],[117.43687855980708,8.512058293916557]]],[[[117.29511929246874,8.281054544020101],[117.29784383067934,8.280443671800443],[117.29859289728522,8.284189250067085],[117.2965462311631,8.282824806687469],[117.29511929246874,8.281054544020101]]],[[[117.27457177187804,8.230666683520122],[117.27622605950815,8.228673479710984],[117.28435503936888,8.235455779704637],[117.27645344114192,8.232075794077153],[117.27457177187804,8.230666683520122]]],[[[117.26355327464938,8.21701291826747],[117.27168222976566,8.221026082707441],[117.2707904405338,8.226657934100329],[117.26714735696045,8.227960017932592],[117.26355327464938,8.21701291826747]]],[[[117.23781980854815,8.30467441767375],[117.24041055478428,8.30754608704961],[117.23814089494266,8.30803656476846],[117.23610303284327,8.307033275688749],[117.23781980854815,8.30467441767375]]],[[[117.22232442870332,8.313084262677505],[117.2228372729674,8.3107476932378],[117.22518273834568,8.310422158868011],[117.22615484870785,8.313258125450774],[117.22232442870332,8.313084262677505]]],[[[117.23791795571482,8.547632970522335],[117.23744973767806,8.550870284005331],[117.23600497450944,8.553505584828768],[117.23470733439925,8.549363144278146],[117.23791795571482,8.547632970522335]]],[[[117.17806788977575,8.361015161380912],[117.1836551452736,8.37783489804664],[117.18308880783266,8.381415497915349],[117.17707796014301,8.363275902666873],[117.17806788977575,8.361015161380912]]],[[[117.06299187817888,7.894285454493439],[117.06389705501725,7.892096053994747],[117.06613102288253,7.890053774661375],[117.06833829966763,7.900434625087379],[117.06299187817888,7.894285454493439]]],[[[117.0211253407057,7.807404357738816],[117.01908757478465,7.805411177122105],[117.02163365649194,7.804033306393558],[117.02390337024849,7.8079215903038],[117.0211253407057,7.807404357738816]]],[[[117.02462128908,8.065510521413016],[117.02651638901091,8.05938369225068],[117.03112268031093,8.063570774972199],[117.02738149077994,8.066206151914857],[117.02462128908,8.065510521413016]]],[[[117.00904565349934,8.075993846079706],[117.01140450762884,8.075681722546015],[117.01448128879653,8.072716409325619],[117.01964493132408,8.082374808201346],[117.00904565349934,8.075993846079706]]],[[[116.99466059802963,7.8184272423379655],[116.99344326616612,7.812933647600628],[116.99928025150167,7.809575948997974],[117.00012301095734,7.811778767501061],[116.99466059802963,7.8184272423379655]]],[[[117.00305265839447,8.042671018901048],[117.00605357820427,8.03769464380629],[117.01031651369726,8.043304202246421],[117.00370364570806,8.04744226722138],[117.00305265839447,8.042671018901048]]],[[[116.99911076509954,8.063022339507892],[116.99994463329122,8.060658986699677],[117.00823409522584,8.059914367727723],[117.0098036798698,8.063744669715467],[116.99911076509954,8.063022339507892]]],[[[117.00268252522379,8.056743902442706],[117.00285640975477,8.053881178834306],[117.0062051858519,8.05159808742887],[117.00669126366378,8.05611960473571],[117.00268252522379,8.056743902442706]]],[[[117.00835453584469,8.084965577053664],[117.00477380053026,8.082811827391332],[117.00740466075551,8.078397278527417],[117.00758303210425,8.082811806579207],[117.00835453584469,8.084965577053664]]],[[[116.96122628991108,8.026118822488366],[116.96399980777908,8.027081996485263],[116.96547135476933,8.029770834074016],[116.96245692278562,8.029222352191958],[116.96122628991108,8.026118822488366]]],[[[121.00207703157787,10.83020669093843],[121.00377150201436,10.828677184040302],[121.00627304062523,10.827089786388994],[121.00555958321262,10.830349366537833],[121.00493529358678,10.833573298658084],[121.00207703157787,10.83020669093843]]],[[[120.31537542632232,12.09006774055372],[120.32461027267212,12.084779222993147],[120.32633590472413,12.087187116227751],[120.31945110121434,12.090749920594684],[120.31735529455513,12.091771041679413],[120.31537542632232,12.09006774055372]]],[[[120.1918048049241,11.984748179562523],[120.19312026533889,11.980601209107823],[120.19500201333905,11.979147559607751],[120.19881457161213,11.981194312634997],[120.1966652322625,11.982384899636855],[120.1918048049241,11.984748179562523]]],[[[120.10424150359808,11.98508708393843],[120.1049460248832,11.980810811346599],[120.10715324826374,11.979704959764039],[120.10672070761521,11.98226451381321],[120.10666721278017,11.984734812746858],[120.10424150359808,11.98508708393843]]],[[[120.07869970966432,12.001768578727567],[120.08094262389541,11.999980511874313],[120.08328369452519,12.000248058576485],[120.08721659068436,12.00048434530385],[120.0813662567805,12.002673811535459],[120.07869970966432,12.001768578727567]]],[[[120.04886834524571,11.747336744914566],[120.05041118521173,11.742899970785782],[120.05250248588615,11.744144013859763],[120.0537376781599,11.746806110168269],[120.05114693529258,11.74635570300712],[120.04886834524571,11.747336744914566]]],[[[119.90248947186483,10.508839233621906],[119.90296653148656,10.504433640071003],[119.90913346994148,10.506310985141429],[119.907934031322,10.508678712772522],[119.90549928869001,10.508830372914378],[119.90248947186483,10.508839233621906]]],[[[119.90187851538026,10.606355351404746],[119.90215945684653,10.596331298849767],[119.91422580401782,10.595363677836776],[119.91671396156234,10.599840609491407],[119.90670324987798,10.599474912976804],[119.90187851538026,10.606355351404746]]],[[[119.89035174049611,10.55150843015497],[119.89305844376305,10.55256077024137],[119.89595239639772,10.551240817229743],[119.89700029831981,10.55849132551427],[119.89362918908274,10.561456654557933],[119.89035174049611,10.55150843015497]]],[[[120.03304296707684,11.85783327291556],[120.03381443568304,11.85528713692066],[120.03776517820977,11.857079688095732],[120.04206823012035,11.86179736806951],[120.03706506621455,11.86266248910769],[120.03304296707684,11.85783327291556]]],[[[120.01895224251464,11.843055802541391],[120.02046835118671,11.838913268534029],[120.02095884291975,11.8418251154735],[120.0251815662675,11.84055869390997],[120.02318393517653,11.844206217904679],[120.01895224251464,11.843055802541391]]],[[[119.9864542983265,11.894500436825744],[119.99733006062384,11.889042493053648],[120.00035330785069,11.892881833020649],[119.98987886250434,11.894669888456725],[119.98792578479264,11.897100074946023],[119.9864542983265,11.894500436825744]]],[[[119.97137809750397,11.688824390253933],[119.96845292365818,11.689252513650963],[119.96971931869214,11.686532471973065],[119.96917526871346,11.683736589257594],[119.97230112244723,11.686238153746173],[119.97137809750397,11.688824390253933]]],[[[119.95681468248875,11.693988013932316],[119.95624834746648,11.687156690730111],[119.95871421243115,11.688498940551511],[119.95976216285342,11.6905946454622],[119.95882573069066,11.692743960519264],[119.95681468248875,11.693988013932316]]],[[[119.81999163294797,10.59545725751526],[119.82031716402088,10.591461919595599],[119.82581071665754,10.58870621602169],[119.82440169262858,10.59263018982473],[119.82362577393262,10.594783967113377],[119.81999163294797,10.59545725751526]]],[[[119.80916044440161,10.590373886162139],[119.8140431818626,10.589009465429264],[119.81795823869233,10.591689358131658],[119.8165046225899,10.593678104113588],[119.81215693091544,10.592862073302884],[119.80916044440161,10.590373886162139]]],[[[119.94108744602971,11.894322051727604],[119.94703587518359,11.893653190109175],[119.94873922317804,11.896342048203259],[119.94658552777148,11.897447949949775],[119.94484641752233,11.895650904670594],[119.94108744602971,11.894322051727604]]],[[[119.77948955693107,10.551075850665045],[119.78400664446828,10.543709442527092],[119.78570114390087,10.546054934914388],[119.78865308540422,10.546469618114108],[119.78603558911381,10.554255179617455],[119.77948955693107,10.551075850665045]]],[[[119.95288619764125,12.048812075125369],[119.95634204568066,12.044669612405322],[119.96110874701827,12.050511031312208],[119.95687705948473,12.0532355303587],[119.95636427914573,12.048013916075647],[119.95288619764125,12.048812075125369]]],[[[119.93708315091169,11.958930015442283],[119.93924582016754,11.957182056374297],[119.94194802766394,11.957248948649061],[119.94434700378565,11.95693678234071],[119.9448509175318,11.962666762557781],[119.93708315091169,11.958930015442283]]],[[[119.90664535124604,11.976035146393695],[119.90464315561626,11.973190232723107],[119.90942781181032,11.971379771926948],[119.90731418486665,11.973761003691727],[119.90894618522093,11.975455406022308],[119.90664535124604,11.976035146393695]]],[[[119.8556777651273,11.942961945721827],[119.86049361435117,11.93884622577713],[119.86369973152037,11.940299875461179],[119.85897307966705,11.942676591926702],[119.85912467477871,11.94591836147614],[119.8556777651273,11.942961945721827]]],[[[119.85838444406863,12.165823383858621],[119.85738118849466,12.162394303259203],[119.85707799427134,12.158492574712685],[119.85896416230233,12.160062204878333],[119.86088606178934,12.164663963863694],[119.85838444406863,12.165823383858621]]],[[[119.65838488555111,10.574428161470044],[119.66038700186122,10.560680729772795],[119.6628841256302,10.55996284614126],[119.66158654276562,10.572002399877594],[119.66251844117768,10.576581944769465],[119.65838488555111,10.574428161470044]]],[[[119.62844649024959,10.661237974619224],[119.63072503583129,10.66215208532417],[119.63258896767017,10.660832164293202],[119.6310372109697,10.667672468721383],[119.62796486478979,10.66416314489144],[119.62844649024959,10.661237974619224]]],[[[119.61529653788308,10.666142954943593],[119.61744590212682,10.66499248560683],[119.61872558181975,10.667048177353442],[119.61872115969676,10.669429360942557],[119.61622405330367,10.668479517065256],[119.61529653788308,10.666142954943593]]],[[[119.67168634915039,11.302327388619748],[119.67604291910632,11.301029745818736],[119.67882982265475,11.306220174070456],[119.67695704085703,11.307691664300448],[119.67598050400085,11.305288213504053],[119.67168634915039,11.302327388619748]]],[[[119.58107745587732,10.775319620229324],[119.58043528082624,10.772688704792234],[119.58136284642448,10.767654372590997],[119.5875653937945,10.77278684972178],[119.58285215826042,10.773174768470154],[119.58107745587732,10.775319620229324]]],[[[119.5952886096944,11.167341440507155],[119.59594407479757,11.159163448097091],[119.59912785853122,11.160635003531215],[119.6018657689188,11.159310651341189],[119.60154468436042,11.163734069337536],[119.5952886096944,11.167341440507155]]],[[[119.50734173235469,10.85070067280715],[119.51059245247644,10.846941645324895],[119.50822914454122,10.840779203730726],[119.51244741978603,10.844872614625642],[119.5125231828058,10.850161166198788],[119.50734173235469,10.85070067280715]]],[[[119.49369688287568,10.94407427694314],[119.49440592425675,10.951806317123951],[119.4932688007744,10.954513019931731],[119.49116413382593,10.956002362798088],[119.4916323221926,10.95198024596967],[119.49369688287568,10.94407427694314]]],[[[119.49331784084794,10.993516801332891],[119.49745591320995,10.996125329666992],[119.49657746351981,10.998238953177422],[119.49186415852434,11.002024739588922],[119.49260888264024,10.998011534061542],[119.49331784084794,10.993516801332891]]],[[[118.99582937458476,10.303662623010165],[119.00237533311774,10.304246775018406],[119.00575975376466,10.303114149327687],[119.00441755764531,10.306088429504317],[119.00381115434011,10.308416001712796],[118.99582937458476,10.303662623010165]]],[[[118.82724411867956,10.087637006751098],[118.82964757530587,10.087766345901361],[118.8279442118937,10.093924332905042],[118.82567454355876,10.091948980892024],[118.82760083407646,10.090637993461632],[118.82724411867956,10.087637006751098]]],[[[118.80914908965327,10.061792102636876],[118.81161942381573,10.06193477861679],[118.81305077898149,10.065288008705135],[118.81096389669898,10.068110593325638],[118.8103976442811,10.06472614029894],[118.80914908965327,10.061792102636876]]],[[[118.78951567009074,9.944874467730095],[118.79532585235557,9.942702902122539],[118.79138397291075,9.952361269875508],[118.78912329524026,9.954358948478337],[118.79132607790953,9.946252307996316],[118.78951567009074,9.944874467730095]]],[[[118.73909209486456,9.842324043447666],[118.74034511489366,9.831742617870304],[118.74276198791667,9.830801714750965],[118.74615086827731,9.832295561596675],[118.75263441977579,9.828309115520964],[118.73909209486456,9.842324043447666]]],[[[118.75269686554147,9.929463776246171],[118.75770445585648,9.931550650553499],[118.75895741846155,9.933775719592875],[118.7572094412891,9.93642445711921],[118.75666541272166,9.93400759725642],[118.75269686554147,9.929463776246171]]],[[[118.73177474180329,9.691396818219797],[118.73606443404059,9.69404108200929],[118.73605100057482,9.696364266555847],[118.73305006053714,9.695735574858876],[118.73149832502219,9.69408569132593],[118.73177474180329,9.691396818219797]]],[[[118.72263805533524,9.912688695686626],[118.72868012766277,9.910111309355363],[118.72904133514044,9.907636482733208],[118.73054407403518,9.911854810235559],[118.72558999101034,9.916697375400405],[118.72263805533524,9.912688695686626]]],[[[118.68112832366874,9.577056551637254],[118.68315719275107,9.578568218802317],[118.69148233614112,9.581560260941222],[118.69522353114618,9.588784017985912],[118.68139138928552,9.580093201650191],[118.68112832366874,9.577056551637254]]],[[[118.13650262141594,9.063363660502135],[118.13618601975894,9.060318136208014],[118.14321799448979,9.066007920476078],[118.13776455811869,9.068705665682876],[118.13844677154292,9.065691362702722],[118.13650262141594,9.063363660502135]]],[[[118.12852526290564,9.361789025895268],[118.12481083542184,9.360330917872632],[118.12723209752113,9.351252144477357],[118.12941260649964,9.353954372149625],[118.13544129825195,9.356576340206765],[118.12852526290564,9.361789025895268]]],[[[118.03826418154883,8.946842944461604],[118.04380236020582,8.95232760258172],[118.04537637012325,8.954793515431561],[118.0466606696433,8.963189972039356],[118.04520253294028,8.965076156815567],[118.03826418154883,8.946842944461604]]],[[[118.00478522189552,8.893311368655027],[118.0074919090653,8.893984727892033],[118.00818302665519,8.896446143693732],[118.00557892445042,8.898425980996963],[118.00592229821649,8.895777263078678],[118.00478522189552,8.893311368655027]]],[[[117.95441965464515,9.251751791103723],[117.95925331954477,9.26026869399028],[117.95727350163614,9.26157967861252],[117.95710404708232,9.258868496061606],[117.95482095309134,9.256638957252212],[117.95441965464515,9.251751791103723]]],[[[117.93290454316875,9.284780346458271],[117.93348868534093,9.28105249752993],[117.93636029529672,9.282524020781663],[117.93866123284735,9.28274698352807],[117.93941482773464,9.285163809548662],[117.93290454316875,9.284780346458271]]],[[[117.91823851182707,9.251181019329994],[117.92042793982738,9.252491956802851],[117.92336206417097,9.254079456400477],[117.92671976009483,9.255278949764135],[117.92399969331584,9.260839452716572],[117.91823851182707,9.251181019329994]]],[[[117.8908284552351,9.250146540461644],[117.89547929501953,9.251925667930067],[117.89954594376309,9.253455174121317],[117.90003202939033,9.25576939863016],[117.89615260590706,9.254320228184413],[117.8908284552351,9.250146540461644]]],[[[117.69463688452072,9.065985637351472],[117.69954195096366,9.06419750352029],[117.69916291467725,9.067064761736331],[117.69837807889074,9.070774677722852],[117.69531469067618,9.06986952577438],[117.69463688452072,9.065985637351472]]],[[[117.4802522446216,8.508040581437509],[117.4886709951962,8.4939855555836],[117.5022088445168,8.504580352118108],[117.50291788960773,8.50702840312218],[117.49361614698978,8.504272684442745],[117.4802522446216,8.508040581437509]]],[[[117.4301363796994,8.508410740956476],[117.4324284029028,8.505400846733037],[117.43434576589215,8.51081861624937],[117.4331106360284,8.512811827395549],[117.43066706169212,8.511228852126301],[117.4301363796994,8.508410740956476]]],[[[117.32880774778059,8.453434499268633],[117.3402275865132,8.461946869816002],[117.3352645706806,8.463213245897803],[117.3339000513505,8.461019377990791],[117.33065832759101,8.458879003597579],[117.32880774778059,8.453434499268633]]],[[[117.26389665594476,8.213855913872754],[117.2667014527699,8.204563104167393],[117.27797406600848,8.196492130767831],[117.27483485502313,8.20224439211631],[117.2675709246593,8.210895043068474],[117.26389665594476,8.213855913872754]]],[[[116.9314394605593,7.938007001610334],[116.93213505183965,7.93472952757977],[116.93489969479783,7.934078520621337],[116.9341550569119,7.936365992220584],[116.93154646783869,7.9402766717995625],[116.9314394605593,7.938007001610334]]],[[[120.1828688228787,11.755612806341759],[120.18238720322944,11.751064563990182],[120.18575832789853,11.751947417564512],[120.18983837158575,11.753222723645468],[120.1897670309109,11.756531394562009],[120.1850537933536,11.758529093960151],[120.1828688228787,11.755612806341759]]],[[[119.96824781154568,10.5478117688319],[119.97031232804434,10.546830808518568],[119.97109271100346,10.549350168070353],[119.97383954224382,10.551196239499534],[119.97119080992371,10.551793793864272],[119.9652512868314,10.552645467751525],[119.96824781154568,10.5478117688319]]],[[[119.8912078744594,10.517699516530751],[119.89454779630944,10.514212495413137],[119.89688881789418,10.521043825807235],[119.89444522895812,10.524383665458833],[119.89578742526014,10.52628770425269],[119.89289346914813,10.526073644675952],[119.8912078744594,10.517699516530751]]],[[[119.99157779321153,12.027372778873753],[119.99651401839905,12.022976054825204],[120.00585137540659,12.026409605521987],[120.00588709474135,12.03110945270492],[120.00791152776705,12.032353522235114],[120.00105343350157,12.032108270161972],[119.99157779321153,12.027372778873753]]],[[[119.78865308540422,10.546469618114108],[119.78869760653096,10.544061711212699],[119.7918235016729,10.544244553608412],[119.7960640666282,10.547040381050877],[119.79438744819811,10.54859216358459],[119.79299179654608,10.546777250703254],[119.78865308540422,10.546469618114108]]],[[[119.93302985172177,11.918419084455314],[119.93550910782996,11.916983235755398],[119.93984778598923,11.911668009201843],[119.94182317174975,11.914731416904273],[119.93735069584122,11.919872757697304],[119.93544222074499,11.921370956677464],[119.93302985172177,11.918419084455314]]],[[[119.75441159436257,10.538853480537313],[119.75244960697165,10.544779623294732],[119.75004172790634,10.54419994536186],[119.74783447634259,10.543517706217918],[119.74658141701906,10.53954461969998],[119.75072395421273,10.53627611582764],[119.75441159436257,10.538853480537313]]],[[[119.8895937586901,11.971174676054087],[119.88809993881917,11.966987557353898],[119.89494906164818,11.963995507780947],[119.89607279254416,11.966144828356386],[119.8943381598599,11.968989707842193],[119.89127928491797,11.969484718386202],[119.8895937586901,11.971174676054087]]],[[[119.64910549665774,10.596589886194998],[119.65167391093392,10.595805076682096],[119.65046553207283,10.588786463687013],[119.65581641632625,10.585821199991228],[119.65864792797619,10.58809528807013],[119.65141978616202,10.601133712066662],[119.64910549665774,10.596589886194998]]],[[[119.6205404979083,10.657362987630588],[119.61980024206386,10.654495807227551],[119.62355481169017,10.65755919807282],[119.62392935226745,10.660368431232445],[119.62557926470559,10.66238838526725],[119.62081696523032,10.66134941197833],[119.6205404979083,10.657362987630588]]],[[[119.5714324061472,10.78781844589409],[119.57192289310936,10.781941323289283],[119.57680564144354,10.779051873184729],[119.5789148033185,10.780679444775307],[119.57652917712034,10.783261287972836],[119.57771969503644,10.785615693911016],[119.5714324061472,10.78781844589409]]],[[[119.59611798041716,11.03296202654611],[119.59853928008768,11.032961985003553],[119.59825392392806,11.030357870959106],[119.60697586924704,11.040216977110042],[119.6063561003594,11.04254902442839],[119.59867753520672,11.035218270047698],[119.59611798041716,11.03296202654611]]],[[[119.57557486239799,11.039967216686808],[119.59136902466429,11.030549651436848],[119.59210031719361,11.032752384636085],[119.5941470671153,11.030808272598275],[119.59611798041716,11.03296202654611],[119.59411584152917,11.034326482450522],[119.57557486239799,11.039967216686808]]],[[[119.54675575052084,11.069053968651627],[119.54785714502896,11.064394223908463],[119.55005097165838,11.06291375034647],[119.54966305267602,11.065959330555415],[119.553172424739,11.06505862060812],[119.55329727436852,11.06821120175592],[119.54675575052084,11.069053968651627]]],[[[119.53524683541714,11.069861020658086],[119.52984239378168,11.062525817814132],[119.5333294190935,11.05880249480268],[119.53519329642494,11.06304751083421],[119.54053975202014,11.069419629756444],[119.53758332837617,11.068835503867035],[119.53524683541714,11.069861020658086]]],[[[119.50616452642296,11.117519900096296],[119.50573196720987,11.100450495439508],[119.51033825335729,11.093717226833848],[119.51399913760403,11.095081736439166],[119.50949546323432,11.1170784500204],[119.50485356795433,11.122630083629536],[119.50616452642296,11.117519900096296]]],[[[119.35270012669503,10.27271650243523],[119.35097886591898,10.270651880889636],[119.3596340532352,10.27388031391472],[119.36138648846027,10.281286861647091],[119.35612920862313,10.280185465451593],[119.35489398281162,10.27825020098933],[119.35270012669503,10.27271650243523]]],[[[119.32767562373135,10.24284497362216],[119.32488874591938,10.24498979231075],[119.32158008541232,10.24112822921134],[119.32872798939485,10.23692327653403],[119.33252264678875,10.242492730860217],[119.32788078023776,10.245239508722197],[119.32767562373135,10.24284497362216]]],[[[119.208055757898,10.070875271149005],[119.21678669644278,10.075811465085401],[119.21663060758586,10.078330879953588],[119.21704087260774,10.080596080541115],[119.21752244036071,10.083927036282425],[119.20616962237807,10.072600950587335],[119.208055757898,10.070875271149005]]],[[[119.19320700899907,10.049520669934905],[119.19820565750159,10.048820543500295],[119.20394003871007,10.054621815008485],[119.20373045365524,10.057515842771236],[119.20348521304732,10.060142229646388],[119.20094355654592,10.056592787508844],[119.19320700899907,10.049520669934905]]],[[[119.14089727573621,10.395948211665566],[119.14839304653877,10.393665129131476],[119.15161247844861,10.391796805750367],[119.15009642160766,10.396336122682179],[119.14780442918094,10.398494326895527],[119.1480452355346,10.401053829390058],[119.14089727573621,10.395948211665566]]],[[[119.01280518091059,10.376867671738804],[119.01833886465324,10.37553439618971],[119.01882044280266,10.371547965517005],[119.02394401041568,10.372957040460577],[119.01959631059916,10.378232216136077],[119.01598450031578,10.380042616884067],[119.01280518091059,10.376867671738804]]],[[[118.92362753379636,9.933289708034236],[118.91916398031108,9.935982971905492],[118.91662229584203,9.934569477924533],[118.92373460703513,9.925945587429112],[118.93093606828953,9.93505998896845],[118.92142029807937,9.939902578527779],[118.92362753379636,9.933289708034236]]],[[[118.79532585235557,9.942702902122539],[118.80126094148946,9.935590602231965],[118.81045562122371,9.938489027786463],[118.81952537155654,9.943072953866922],[118.81876735600981,9.948067200085802],[118.80379373568051,9.94260925304955],[118.79532585235557,9.942702902122539]]],[[[118.75959065628011,10.098927438322962],[118.76226163081664,10.09251526579132],[118.76487910320164,10.090058328821684],[118.76223040981351,10.098142690697266],[118.76524476494161,10.097496083383254],[118.76152139786142,10.100354404846762],[118.75959065628011,10.098927438322962]]],[[[118.72835904377847,9.903618858157364],[118.72540271077686,9.897202166549897],[118.73004461576372,9.895333818096173],[118.73070901769556,9.897554460108864],[118.7323901166139,9.895895689677076],[118.73233211116698,9.901759419161785],[118.72835904377847,9.903618858157364]]],[[[118.70240712499977,9.676432135321136],[118.70811032892384,9.67847883630594],[118.70771793150396,9.681408500150646],[118.70514943976748,9.680802000816795],[118.70604573825804,9.687909807891897],[118.7032454228299,9.683111849433466],[118.70240712499977,9.676432135321136]]],[[[118.66422830466622,9.56225684573861],[118.6704264569082,9.560326040221499],[118.67632578766052,9.565908814538734],[118.67617422653237,9.568669030178249],[118.6664489190564,9.563206577546092],[118.66651584852225,9.5656992539817],[118.66422830466622,9.56225684573861]]],[[[118.57842179771278,9.444215489671164],[118.58509259638699,9.442677131675559],[118.5880043956727,9.446137360139991],[118.5856990919575,9.454315327226572],[118.58198466077116,9.45100223185252],[118.58289428704684,9.447617830599672],[118.57842179771278,9.444215489671164]]],[[[118.46472807559942,9.309992119544937],[118.46701119423497,9.305729228205557],[118.4696999959645,9.306027972852998],[118.48801795599098,9.302576657590034],[118.48055349317738,9.31055841095834],[118.4718225626736,9.3096844372858],[118.46472807559942,9.309992119544937]]],[[[118.4376167954849,9.303704777298073],[118.43760342652884,9.306166218956275],[118.43163711089409,9.301649126828162],[118.43515983072457,9.294643885095692],[118.43698355142237,9.296195624485344],[118.43612739805745,9.29984764557794],[118.4376167954849,9.303704777298073]]],[[[118.08890173529734,9.053919299451444],[118.09458701555421,9.044974368169395],[118.1019534928307,9.052050945181081],[118.10384417919265,9.066645541980495],[118.09912644464417,9.062186481431414],[118.09165741346885,9.05407533887177],[118.08890173529734,9.053919299451444]]],[[[118.05676938956883,9.010465360671137],[118.06001559816946,9.011548957587689],[118.06642780548268,9.008659412462901],[118.06963837683307,9.008592561978691],[118.05944044603535,9.01517863147997],[118.05757205955383,9.013314729316717],[118.05676938956883,9.010465360671137]]],[[[118.0534563050977,9.290666362489679],[118.05340726490613,9.283839507772079],[118.05477618680933,9.28174373483187],[118.06190628928177,9.280695839534594],[118.06450598993615,9.287286379589043],[118.05507944735345,9.288985292367682],[118.0534563050977,9.290666362489679]],[[118.05524889786344,9.285912956355217],[118.05477618680933,9.28174373483187],[118.05841929850263,9.282920894048102],[118.05524889786344,9.285912956355217]]],[[[117.76377972622863,9.108525460709075],[117.76996896772275,9.104298253293898],[117.7732106810893,9.103272655812624],[117.78007772903125,9.099995212423782],[117.78056824822632,9.107767383935549],[117.76967909490116,9.112574312782039],[117.76377972622863,9.108525460709075]]],[[[117.66705731925074,9.06776931335916],[117.66532275316384,9.065374735073771],[117.6675478681392,9.063345851741026],[117.66766826725983,9.065602187970823],[117.67100369500568,9.068652161648233],[117.67052210662159,9.071073448109406],[117.66705731925074,9.06776931335916]]],[[[117.62438380103319,9.026348695886197],[117.62711715527736,9.023481454805566],[117.62750511145238,9.02116278097612],[117.63059977879831,9.025835911717383],[117.62667574559784,9.026727686802218],[117.62453538647429,9.030379715377492],[117.62438380103319,9.026348695886197]]],[[[117.61088164411923,8.99294110069213],[117.61237539475576,8.991161946256868],[117.61624143388245,8.987429681179798],[117.6253870562256,8.99476930755989],[117.62235489027813,8.998635341732081],[117.61569299766425,8.997065780398788],[117.61088164411923,8.99294110069213]]],[[[117.29761189928583,8.655248926286081],[117.2925687150779,8.643784530827023],[117.29448609076556,8.638669950218908],[117.3003587353559,8.643017636412496],[117.30298517647616,8.65125359328364],[117.29951595298967,8.654013775592887],[117.29761189928583,8.655248926286081]]],[[[117.22009045460644,8.31061835221411],[117.22232442870332,8.313084262677505],[117.2225697256145,8.31548327432456],[117.23319571311707,8.335491226124166],[117.23008774333084,8.338563527102504],[117.21861452342658,8.313026281310806],[117.22009045460644,8.31061835221411]]],[[[117.21322786661077,8.49965304627681],[117.21153340344972,8.48742620165641],[117.21547079903857,8.48822884353761],[117.21709389931631,8.500540426175752],[117.22277931337635,8.503211413196864],[117.22277931337635,8.505712988786522],[117.21322786661077,8.49965304627681]]],[[[117.01253713261191,8.062785975541226],[117.01771860528959,8.063075875133778],[117.01805305749403,8.06069914125804],[117.02248979759499,8.064181733883382],[117.01825818312614,8.065506036853906],[117.01428065005177,8.065724565045995],[117.01253713261191,8.062785975541226]]],[[[117.00314624692622,8.09241671383763],[117.00871567765991,8.091868278826334],[117.00835453584469,8.084965577053664],[117.01177911609109,8.082232136416375],[117.01193961104929,8.095404322293492],[117.00579050993578,8.095511340961068],[117.00314624692622,8.09241671383763]]],[[[116.9911646909079,8.093571640584113],[116.98920262461117,8.092131349352588],[116.99050028146812,8.08922849449335],[116.99880313839888,8.090517119652425],[117.00006947970985,8.093571650456113],[116.99386245738219,8.091779049635864],[116.9911646909079,8.093571640584113]]],[[[120.30044190166238,12.045605987946526],[120.30945825629736,12.034734679000445],[120.30969012261124,12.03735664931422],[120.31131317529248,12.039091279514015],[120.31284267171222,12.041057744848679],[120.31051058288018,12.043331847420163],[120.30330022930666,12.051255698882631],[120.30044190166238,12.045605987946526]]],[[[120.12277797357824,12.020924860788313],[120.12501195482308,12.023591450042735],[120.12881109989893,12.027675981262423],[120.13168724032407,12.030614531391826],[120.12687589772221,12.030431712317943],[120.12454378411047,12.030717056371827],[120.12238108376276,12.024171135260577],[120.12277797357824,12.020924860788313]]],[[[119.89703145633231,10.481344474247962],[119.9028908022439,10.483074553283297],[119.9024938850049,10.480706784989048],[119.90743457104142,10.477621095649276],[119.90887937340902,10.484389988576998],[119.9068192235885,10.482717843169748],[119.89994333115058,10.489558126910053],[119.89703145633231,10.481344474247962]]],[[[120.02885593812215,11.807302746418081],[120.02969418319194,11.805001862127057],[120.03405965755027,11.80233527209382],[120.03407306053055,11.807463282749566],[120.03179444659484,11.80610772867317],[120.03171420369435,11.808453139324241],[120.03177213730969,11.81196250268303],[120.02885593812215,11.807302746418081]]],[[[120.05250248588615,12.019578213878068],[120.05230182117543,12.022200187644277],[120.04625978668726,12.019283914199208],[120.05316689906928,12.016960783792676],[120.05824581342286,12.015761246344923],[120.05925808212821,12.019497976932568],[120.05467856791495,12.021014070894843],[120.05250248588615,12.019578213878068]]],[[[119.97372353722902,11.90328045553975],[119.97195777871943,11.906334891982969],[119.97087419363992,11.903909150050414],[119.96810957021849,11.902696301515597],[119.96613421246856,11.90441749603408],[119.9636192532347,11.903463229494342],[119.9684707441368,11.89779570389075],[119.97372353722902,11.90328045553975]]],[[[119.9434864372763,11.911850812875642],[119.93984778598923,11.911668009201843],[119.93976307679922,11.908671458672817],[119.94315643288965,11.907333746053839],[119.94531909417577,11.910312441371781],[119.94929658966934,11.911743822733023],[119.946995728678,11.915618766194953],[119.9434864372763,11.911850812875642]]],[[[119.76560398200758,10.559806806319838],[119.76413691915857,10.557938421206039],[119.7716371101958,10.553711209052613],[119.78008709688106,10.556703229654705],[119.78200010855167,10.558143570782953],[119.77017452819193,10.561309483833938],[119.76805647374823,10.558995260807476],[119.76560398200758,10.559806806319838]]],[[[119.76520711232766,10.516424158323455],[119.7682170031527,10.497535459360105],[119.76741877173477,10.493169989466226],[119.77209191662065,10.49700036289248],[119.77173968030584,10.506805901476966],[119.77082114063658,10.516945895860108],[119.76634417805037,10.523099431582025],[119.76520711232766,10.516424158323455]]],[[[119.89409295100872,12.202512826008137],[119.89758444367774,12.203190611874353],[119.89802144774363,12.207707741442352],[119.89210866745,12.20629862142833],[119.88900066391899,12.204354450951403],[119.89129711545931,12.20407353370336],[119.89403054537442,12.204871718161009],[119.89409295100872,12.202512826008137]]],[[[119.50400189439705,11.140783092768372],[119.50507201760445,11.14293679560676],[119.51754416411566,11.149554085868383],[119.5070117616173,11.151284264127465],[119.5072793318306,11.149005614987903],[119.5016876040785,11.14645506693636],[119.50009123017296,11.143222171397522],[119.50400189439705,11.140783092768372]]],[[[119.49561429623814,11.136292768433407],[119.498575123302,11.135441048144557],[119.49674688682089,11.127695574121704],[119.50208892978581,11.127066885589599],[119.50150924657376,11.139860028459088],[119.49876242461691,11.138058558283557],[119.49767888845378,11.140760766226066],[119.49561429623814,11.136292768433407]]],[[[119.21703200394211,10.06661679459501],[119.21428960993521,10.06132389192909],[119.22366269229718,10.061448751252865],[119.228866415236,10.070228672694391],[119.23313822946265,10.080417753386143],[119.22894223630422,10.087266961567792],[119.22566478006749,10.080038754199112],[119.21703200394211,10.06661679459501]]],[[[118.8108524781597,9.961792274015176],[118.81363044879015,9.964271548377079],[118.81849091283556,9.968226784907241],[118.82501009456995,9.966153299382086],[118.82411384420719,9.96993903787729],[118.81648875268867,9.972788399842813],[118.80694184217046,9.969096253395637],[118.8108524781597,9.961792274015176]]],[[[118.75581823307445,9.666862871183255],[118.75198336339007,9.663835131187788],[118.74907159032861,9.665988931354628],[118.74727902608777,9.663964497759302],[118.74859896592469,9.661016974967275],[118.74665027613423,9.65753444258975],[118.75653616563525,9.664677929862705],[118.75581823307445,9.666862871183255]]],[[[118.19206299096638,9.159765023552792],[118.1943281913903,9.160968956982623],[118.20596201160387,9.166765770662048],[118.19760566843532,9.167060072829413],[118.19626794478911,9.1700923012527],[118.19291912757883,9.167546133909104],[118.19264716721108,9.162913115355584],[118.19206299096638,9.159765023552792]]],[[[118.08663650257195,9.332778135075797],[118.09111790910333,9.32677168134937],[118.09624585736647,9.334133652542171],[118.09954107885147,9.333041227283617],[118.09837727860591,9.335029931137601],[118.10060235220182,9.337090050307458],[118.09502854138951,9.336082287155126],[118.08663650257195,9.332778135075797]]],[[[117.98518742858671,8.883033193889895],[117.98899996489371,8.883826903808668],[117.99438214615368,8.881659767267353],[118.00322898990785,8.881423462292974],[118.00478522189552,8.893311368655027],[117.99144355538535,8.884299547278541],[117.98716729471944,8.892102978849872],[117.98518742858671,8.883033193889895]]],[[[117.96310153244583,8.874150642585207],[117.96984817278907,8.873200891528494],[117.96838109441896,8.870721614297654],[117.9822132094285,8.87157332232463],[117.98376051017338,8.87934548298498],[117.97462833748348,8.874708070196252],[117.96744021326168,8.878658817016602],[117.96310153244583,8.874150642585207]]],[[[117.81744943225053,9.18337589669054],[117.82087849452982,9.176317163405745],[117.82372344585283,9.179590157146455],[117.82053065398027,9.18343389524387],[117.82380814615895,9.182751649018856],[117.82272009753298,9.185355804503187],[117.81892989917274,9.18564115386551],[117.81744943225053,9.18337589669054]]],[[[117.33792668798148,8.699777531818683],[117.34244372289814,8.699144293872292],[117.34202901182304,8.694288345496595],[117.35899146571568,8.699853300622353],[117.34606893325541,8.70111524124594],[117.344485971744,8.702947910907866],[117.34464208060962,8.705239918416293],[117.33792668798148,8.699777531818683]]],[[[117.24296565219122,8.560207671935714],[117.25400635815605,8.561705929070971],[117.2543898546446,8.564046919370197],[117.24843252430296,8.566396881938052],[117.24617174633183,8.565852825010037],[117.23930026467244,8.567783682848757],[117.24414284674383,8.563181843910682],[117.24296565219122,8.560207671935714]]],[[[117.17339917766992,8.351633180116666],[117.17621285588918,8.338728576900015],[117.1818402754476,8.335040876828444],[117.17788948562405,8.34312968086341],[117.17989607463916,8.345113978930316],[117.17706010170016,8.35063438611026],[117.1790132137996,8.358205877629183],[117.17339917766992,8.351633180116666]]],[[[117.0309710906458,7.824255308780599],[117.03245591028488,7.819131797891788],[117.04257366913578,7.826872790168116],[117.04091928898771,7.831220441061109],[117.04713084718094,7.832914879364069],[117.04212772503963,7.833806683171629],[117.03532763332575,7.8291290909738604],[117.0309710906458,7.824255308780599]]],[[[117.00766781682125,7.822721358843484],[117.00949597897332,7.816915635472457],[117.01319707178457,7.818574417069131],[117.0140576480351,7.820768320725806],[117.02034059211616,7.820139565257544],[117.02243187144775,7.81916301040105],[117.01675548055384,7.827492644818881],[117.00766781682125,7.822721358843484]]],[[[117.0032399252326,8.066928533275632],[117.00660207763046,8.067833729426285],[117.00913483849722,8.065898447831614],[117.0092151319071,8.068315261799567],[117.0141959578115,8.069938391292402],[117.00570581427786,8.070076629325994],[117.00343608369892,8.070317396565025],[117.0032399252326,8.066928533275632]]],[[[116.9899741057927,8.09635413695364],[116.9911646909079,8.093571640584113],[117.00234364757203,8.109503988089065],[117.00535795996181,8.107292294028937],[117.00758303210425,8.104068325892632],[117.00818056603981,8.11625061792013],[116.9950128711655,8.106324685817757],[116.9899741057927,8.09635413695364]]],[[[120.1430088910214,12.026663767288632],[120.14539900696288,12.02604841725021],[120.15526253922127,12.021402007639903],[120.15579755616783,12.028130798190885],[120.15867373094073,12.029691499458897],[120.15061168629933,12.035287675763078],[120.14727623288874,12.029093992390536],[120.1445161104572,12.031073816240154],[120.1430088910214,12.026663767288632]]],[[[119.94193461558535,10.533881574650929],[119.94554206428188,10.534996354851796],[119.94800794641664,10.533515946576648],[119.95335443493441,10.534822411245402],[119.95399648296656,10.542830988585795],[119.94800794641667,10.545194280084528],[119.94583191605167,10.5379928511109],[119.9410918579252,10.538104367766994],[119.94193461558535,10.533881574650929]]],[[[119.91204085146954,10.52459773048764],[119.91274540252351,10.520887782919216],[119.91318235827136,10.517882311248995],[119.91838168048574,10.520633594349496],[119.92059336020968,10.521766224605848],[119.92465558820403,10.523384861064322],[119.92239490715266,10.526180688262905],[119.91496599876484,10.522069422603568],[119.91204085146954,10.52459773048764]]],[[[119.89884187476505,10.572854134102345],[119.90385842111093,10.562045270263914],[119.90726961371209,10.559200354517504],[119.90794735847545,10.562852340878015],[119.90771550112456,10.566785242943507],[119.91039538453927,10.565304832858128],[119.90925835569918,10.574775980470628],[119.90498649209918,10.569188757222904],[119.89884187476505,10.572854134102345]]],[[[119.87825425079413,10.552221817871548],[119.87922186668224,10.544266819333584],[119.88460396787224,10.545644662517669],[119.88432307876002,10.549265500777224],[119.88804644594326,10.550661200340212],[119.88413134645312,10.551530690922787],[119.88348923548153,10.554059003492572],[119.88027422178699,10.55365764448393],[119.87825425079413,10.552221817871548]]],[[[119.86638409317663,10.487506945669214],[119.8708877527211,10.484947393105605],[119.87182416840376,10.48802418421732],[119.87333140730819,10.49305849246492],[119.87524436660335,10.498503037365188],[119.871079503486,10.497076156466013],[119.86791355116543,10.49622895302767],[119.86999600221617,10.49443634587921],[119.86638409317663,10.487506945669214]]],[[[119.86048919986295,10.471217783585054],[119.85913809495531,10.461372088380385],[119.86190712621068,10.46255821321142],[119.86510879615794,10.46706192011144],[119.86706186304954,10.469679412361435],[119.86394049189353,10.469104194989516],[119.86435968056774,10.47374166794453],[119.86207213798698,10.475422754866159],[119.86048919986295,10.471217783585054]]],[[[119.98070209928093,11.7143839789859],[119.97968536108188,11.716573440825735],[119.97816932555148,11.713505548468289],[119.97622066666048,11.712310536408078],[119.97417397135617,11.71102185035822],[119.97821837246781,11.711133274057401],[119.98078237240485,11.710767663541539],[119.98291382702651,11.71199390063898],[119.98070209928093,11.7143839789859]]],[[[119.85287302605731,10.624445936869588],[119.85652502067941,10.625743503426374],[119.85842011367396,10.623438140241548],[119.8588304017626,10.626398965952362],[119.85531664691278,10.630693091524837],[119.85459873403114,10.63340868005957],[119.85229778526977,10.632351935709725],[119.85311380533425,10.629007557374194],[119.85287302605731,10.624445936869588]]],[[[119.96599596899443,12.062773567956638],[119.96788663703569,12.064129106731864],[119.970299006976,12.072721775638994],[119.96575512329575,12.072632595031052],[119.96452442158987,12.06818246135994],[119.9625446006131,12.0696539458195],[119.96257583191479,12.066862527376983],[119.96524237638158,12.064927325945376],[119.96599596899443,12.062773567956638]]],[[[119.9258328184139,11.953570141607374],[119.93162077837395,11.94788032665851],[119.93485806037873,11.951287077282378],[119.94373164590144,11.936473943451738],[119.94588097461602,11.938016839954832],[119.9459433566139,11.94248481518585],[119.94212635524157,11.949543632064968],[119.93546445761592,11.953708419008207],[119.9258328184139,11.953570141607374]]],[[[119.6628841256302,10.55996284614126],[119.66372238470132,10.55498207426004],[119.67057159092556,10.555093498264283],[119.67437078590174,10.549046999780353],[119.67376872822331,10.55397426019306],[119.67253357365635,10.557247233799718],[119.67013015873358,10.557510335405674],[119.66668768291683,10.561184677292687],[119.6628841256302,10.55996284614126]]],[[[119.6362499036074,10.604420091982172],[119.64107022454911,10.601566249353956],[119.64427183155631,10.603046718915039],[119.64662625666656,10.6041212926576],[119.64309911410767,10.605155869567087],[119.640882932808,10.606698649800412],[119.64234995638998,10.612571346701918],[119.64006691094389,10.612968194189493],[119.6362499036074,10.604420091982172]]],[[[119.61866765199777,10.626407908353633],[119.62082589778674,10.622524019101814],[119.61841797861689,10.620615532939262],[119.62272100210512,10.617614578362877],[119.62665838338015,10.619175234525759],[119.62603410158084,10.621957721271198],[119.62829482174003,10.62300119527537],[119.62539195249843,10.624294343171014],[119.61866765199777,10.626407908353633]]],[[[119.59156973905135,10.661135424588927],[119.59760289223549,10.6563686389135],[119.60278877242378,10.651922859069673],[119.60798808481152,10.651900611051364],[119.60758679049547,10.659209098759005],[119.60506737575999,10.660720703078855],[119.59830292809536,10.664337028681118],[119.59784809093433,10.661764164084442],[119.59156973905135,10.661135424588927]]],[[[119.57569526901054,10.813988915394477],[119.57523602472887,10.80844179269608],[119.58063149882992,10.809801823634034],[119.58067166244575,10.81235246114086],[119.58857765888077,10.812178551665655],[119.58628569927119,10.815848343348707],[119.5790931530635,10.817676603537366],[119.57811213824056,10.813962187879815],[119.57569526901054,10.813988915394477]]],[[[119.55056825432398,11.225184890613539],[119.54658187329434,11.211245772394074],[119.54850813802742,11.208432095726467],[119.55451010631644,11.222322210961782],[119.55481775892402,11.232627164181153],[119.55629823384004,11.236305921954715],[119.55404636985975,11.238183238244552],[119.54882474059421,11.236029491507521],[119.55056825432398,11.225184890613539]]],[[[119.49690745814614,11.008918510585795],[119.50021161163266,11.007924115082998],[119.49948480704093,11.004361318719136],[119.50279341568152,11.005244203420313],[119.50281572124732,11.007665534323293],[119.50636518318186,11.009493761587452],[119.50494270040831,11.01156278438739],[119.49904337613312,11.010978604463396],[119.49690745814614,11.008918510585795]]],[[[119.2296601845342,10.0921719075734],[119.2381814767207,10.087191112421666],[119.24701492864406,10.10565181098553],[119.24291704172875,10.125115807288235],[119.2371424786912,10.126457957751382],[119.2326611459211,10.121151624358966],[119.23209485109814,10.097928624758643],[119.23057428654754,10.094575380555018],[119.2296601845342,10.0921719075734]]],[[[119.23356183935105,10.181889075737626],[119.23734314943881,10.180841164144482],[119.24219020146282,10.181666116809158],[119.24516439840765,10.183039518097477],[119.24467396414033,10.185487515502055],[119.23938992243548,10.188238803477216],[119.23687938057638,10.188519717806088],[119.23792733653836,10.186276785002734],[119.23356183935105,10.181889075737626]]],[[[118.7818013952167,10.022195249872588],[118.7814803295256,10.018195485885908],[118.78450810434637,10.017343780088279],[118.78129756192358,10.009741021689397],[118.78963155032876,10.007885976389323],[118.79204393885567,10.01583662073382],[118.79013099940991,10.018574443557336],[118.78670641548791,10.021673537720137],[118.7818013952167,10.022195249872588]]],[[[118.75718720340178,9.688534129122322],[118.75535443499886,9.674617242800153],[118.75238472542252,9.673248279885012],[118.75161331239299,9.670416796903679],[118.75507352250384,9.669502657217272],[118.75581823307445,9.666862871183255],[118.75860962136865,9.673127885120278],[118.76023269761372,9.68827104671648],[118.75718720340178,9.688534129122322]]],[[[118.71173555514137,9.645361124096027],[118.71389821268627,9.642097012810478],[118.7161767747251,9.642337853442106],[118.71747437234899,9.645708942728168],[118.71684568298741,9.648535999899956],[118.71881662387734,9.65133630332634],[118.71938293569114,9.653650564856251],[118.71538312096594,9.654800978210071],[118.71173555514137,9.645361124096027]]],[[[118.5293805996058,9.36831716171819],[118.5333491972168,9.36130294255092],[118.53585520859673,9.365521279927613],[118.53323776460087,9.3679827285322],[118.53122670910896,9.373052715325688],[118.53323776460087,9.37484522946596],[118.53257335385373,9.377770449248791],[118.53017436242617,9.375759390734224],[118.5293805996058,9.36831716171819]]],[[[116.96411129033008,8.018591867848809],[116.96382589128925,8.008759544734943],[116.97431820829628,8.001674005944217],[116.97789434004979,8.00387236073345],[116.98038253252209,8.013205275325497],[116.97360029780006,8.01810136401726],[116.96829395473053,8.01705344028595],[116.9667020528565,8.019323128298948],[116.96411129033008,8.018591867848809]]],[[[120.2532869131275,10.70558369951495],[120.25755431125076,10.698293114483912],[120.25746513711013,10.692870826833765],[120.26624062139427,10.695323350657633],[120.26847464915922,10.703403173190921],[120.26562524481905,10.712789610527265],[120.26428304314304,10.715683549243629],[120.26050177746652,10.712954609465546],[120.25473169589377,10.71385088483128],[120.2532869131275,10.70558369951495]]],[[[120.17486920043311,12.026307016176409],[120.17713437038076,12.023025090576152],[120.17599729794999,12.0083100966225],[120.1857895073631,12.005969053831205],[120.18492440661774,12.011021195369457],[120.18032268397641,12.009750401988645],[120.17873518696258,12.016394401375418],[120.18141065853393,12.018931641171894],[120.17751788459645,12.025794218591694],[120.17486920043311,12.026307016176409]]],[[[119.94873922317804,11.896342048203259],[119.9516421450139,11.894665430235444],[119.95121845868397,11.896970798252518],[119.95604321697049,11.894094690422406],[119.96018132311993,11.899771093456987],[119.95259636086253,11.905697247733523],[119.9524090474507,11.903258161537401],[119.95102673180503,11.900346296891843],[119.94878828069689,11.899793384461326],[119.94873922317804,11.896342048203259]]],[[[119.7162372737099,10.519532195467253],[119.70869248217062,10.531384471995572],[119.70137056050376,10.528802661608566],[119.70374727911198,10.5284191698352],[119.70261023521496,10.525074832120819],[119.70513409958356,10.52292553615606],[119.70873702877695,10.525672371173156],[119.71118954513189,10.521182051593323],[119.71374463129938,10.518127595665424],[119.7162372737099,10.519532195467253]]],[[[119.6295745805006,10.646549711520992],[119.6308721915629,10.644284463323254],[119.63267368724277,10.640819718150615],[119.6361785393412,10.63710532363459],[119.63207613903054,10.631727617317294],[119.63394898483826,10.628945161489945],[119.6398929706951,10.632949400905378],[119.6384660689599,10.637198971681105],[119.63164811715595,10.648279777710178],[119.6295745805006,10.646549711520992]]],[[[119.55667277422465,11.169588879715366],[119.55525928394422,11.152510494172725],[119.56210841015589,11.145175245396006],[119.55749767981769,11.155716584662278],[119.56017312659218,11.170748233121548],[119.56299574922097,11.175523928517519],[119.57796943978822,11.177833748232628],[119.56966216241182,11.180388769573598],[119.5614217338796,11.177780224836804],[119.55667277422465,11.169588879715366]]],[[[119.48040875008648,10.882699194720264],[119.48573289616226,10.882636746723398],[119.49106153760926,10.88527213236407],[119.49202473528415,10.888420249578527],[119.49243493993325,10.89066317641426],[119.48989774263268,10.89242005802816],[119.48918876762457,10.894564863068897],[119.48411872914005,10.888152727892772],[119.48497043155913,10.885272089759997],[119.48040875008648,10.882699194720264]]],[[[118.12745058716017,9.147970696464428],[118.13958825210388,9.146178096643458],[118.14745859480384,9.135217641701898],[118.15319749852503,9.13805363642688],[118.1520782477238,9.145076678215688],[118.13961057272856,9.148465645187532],[118.12788765490588,9.15448537168879],[118.12382533810975,9.154860005016717],[118.12396364915811,9.151787647353673],[118.12745058716017,9.147970696464428]]],[[[118.07548870986567,9.037429578718049],[118.07247438491979,9.039199810610432],[118.06860389060175,9.047409000206454],[118.07472622424096,9.047092437919387],[118.06781011345838,9.05745094834862],[118.0559623390003,9.04684714954068],[118.05880723164628,9.04590630632156],[118.06566090391244,9.039369241691611],[118.06564750588187,9.036747286935526],[118.07548870986567,9.037429578718049]]],[[[117.93653423869557,9.251765141937133],[117.94106466302942,9.244505730897922],[117.93939695100956,9.232216465675108],[117.94223298180388,9.229911100688634],[117.94696847864225,9.22505959319504],[117.95211427150885,9.226294750774459],[117.95441965464515,9.251751791103723],[117.94434212161701,9.254641285303755],[117.94030213674631,9.257838436750458],[117.93653423869557,9.251765141937133]]],[[[117.25987902219538,8.406529150892329],[117.26630012918203,8.41070288942128],[117.27298878084346,8.414189927635075],[117.27080829070916,8.4165398623099],[117.27490616457854,8.424089151279807],[117.26804804273195,8.428677549270953],[117.26277743528364,8.421355680334425],[117.25886231167264,8.419701369972083],[117.2617562542438,8.410234702547223],[117.25987902219538,8.406529150892329]]],[[[116.96212256218344,7.979066356802322],[116.96375905557547,7.982540002619617],[116.96484261800553,7.987507420288339],[116.97206188430665,7.98703031415718],[116.9668179357392,7.992060174496623],[116.9625951765185,7.995854874583582],[116.95920627219773,7.9941737938158175],[116.95633018874622,7.993888461598709],[116.9614001186971,7.983217828591375],[116.96212256218344,7.979066356802322]],[[116.96487828150663,7.990165043246223],[116.96228749671074,7.989282146392731],[116.96484261800553,7.987507420288339],[116.96487828150663,7.990165043246223]]],[[[120.24630398366278,10.672550687555681],[120.24166204982724,10.654482433951475],[120.24621480189843,10.642487418923848],[120.24631287542469,10.633029689876496],[120.25756769176812,10.632445552477458],[120.25482527346516,10.638795321378268],[120.24936289041524,10.644627841918291],[120.25121786713952,10.646424834775122],[120.25330918536831,10.659070839212129],[120.25050892771905,10.665817463338703],[120.24630398366278,10.672550687555681]]],[[[119.90735875600673,10.494070687540319],[119.90941439654249,10.492884585008525],[119.9121389045766,10.48951797679431],[119.91424363157631,10.48766295508635],[119.91470291104606,10.48999506085874],[119.9169548055406,10.491716340376254],[119.91448889265311,10.492251386981053],[119.91456911649402,10.494859981967107],[119.90947238226308,10.495439686679816],[119.90689053766319,10.49652769288315],[119.90735875600673,10.494070687540319]]],[[[119.94592553318886,11.802255018903383],[119.95177140349263,11.797715640092184],[119.95522719156592,11.796520618767847],[119.95669425157419,11.79338588350901],[119.95802304422021,11.797305438044626],[119.95982012721045,11.802402185404377],[119.95604321697049,11.801893818418035],[119.94923862083695,11.812684905960941],[119.94768686456344,11.80962144787396],[119.94820858910367,11.803079964971694],[119.94592553318886,11.802255018903383]]],[[[119.67161951164637,10.54303610882395],[119.66852037388233,10.547031433585701],[119.66611697902944,10.547035945032002],[119.67109329781023,10.540681718435648],[119.67389806917186,10.537426560514135],[119.6796012416837,10.54168497607098],[119.68086320904658,10.53903183389418],[119.68291442337407,10.544534393744236],[119.67657804351573,10.542946897369779],[119.67369296248616,10.541791983319092],[119.67161951164637,10.54303610882395]]],[[[119.62802287925422,10.446643726501168],[119.63415857082202,10.449765073656613],[119.63522427096085,10.451851953365116],[119.63851956919133,10.449867665467384],[119.64974311712565,10.459922912881638],[119.6539703859035,10.463320750431746],[119.65609732419757,10.470767464864037],[119.65875500157605,10.472970271610698],[119.65900469229807,10.475511906120257],[119.64677781713067,10.469505549276233],[119.62802287925422,10.446643726501168]],[[119.64770981314948,10.46711095813211],[119.64971641334454,10.468314922423318],[119.64677781713067,10.469505549276233],[119.64770981314948,10.46711095813211]]],[[[119.5110338480004,11.015130031813378],[119.52006804159535,11.01653463318001],[119.5249819394434,11.010220589731517],[119.52658272776497,11.01281581313332],[119.53825666809028,11.01271319665827],[119.52700194940243,11.03827722508018],[119.5242016283221,11.038246004137505],[119.52043364923742,11.029501766307378],[119.51677275169138,11.026161839462196],[119.51278180346777,11.01957578625674],[119.5110338480004,11.015130031813378]]],[[[118.89754629822026,9.98431968799875],[118.90084156190315,9.984386524705847],[118.90108684426181,9.988573677234701],[118.8984604367042,9.99135608203443],[118.8967258263769,9.988555796880076],[118.89588748668648,9.991565697341446],[118.89101368712973,9.990883475507893],[118.89513392806492,9.981519366452181],[118.9057019909923,9.976471624789859],[118.9091399785625,9.977091447791715],[118.89754629822026,9.98431968799875]]],[[[118.70911810075134,9.683379394571295],[118.70972003807827,9.680146577543793],[118.70811032892384,9.67847883630594],[118.70823516626888,9.673136863320032],[118.71304653518774,9.673854765177925],[118.7123910465061,9.677698484156837],[118.71693483495487,9.680204518787558],[118.71658258652239,9.683036037552265],[118.71433072289496,9.682665943124777],[118.71105772780287,9.686197521894641],[118.70911810075134,9.683379394571295]]],[[[118.60958196622916,9.447229856981343],[118.61156632715331,9.431957446424432],[118.61910664192614,9.432251747273199],[118.6180854872538,9.434891539266015],[118.61962834532041,9.43916778445176],[118.62359697536289,9.435333009995901],[118.63221637912567,9.449842884982132],[118.63202017710428,9.459322905363445],[118.62625908488032,9.46130720604505],[118.6149418574284,9.449249812132878],[118.60958196622916,9.447229856981343]]],[[[118.16617347844884,9.152331699325039],[118.17526553999886,9.154378426613816],[118.18462525955748,9.152630433085804],[118.18940092524086,9.155118598022055],[118.18973090758439,9.160300111161666],[118.18574894171594,9.16010387627677],[118.18693947093537,9.157330296502934],[118.17864112077342,9.156719396779827],[118.17348640678401,9.15996562322186],[118.16474204656518,9.155123052265786],[118.16617347844884,9.152331699325039]]],[[[118.07163605596983,9.009881224513304],[118.08022878294535,9.013818605878543],[118.0822308966821,9.020105946200296],[118.08031345146378,9.023383353227246],[118.08509804958157,9.030816705671592],[118.08046063883336,9.033871178269285],[118.08165117291604,9.031356233022237],[118.08068802878698,9.026313020967795],[118.07468165575088,9.01793436598919],[118.07784759812958,9.01640040255149],[118.07163605596983,9.009881224513304]]],[[[117.86930879872777,9.229830849386783],[117.87283595949165,9.223106487102738],[117.87585919837693,9.223891331014341],[117.87740651996005,9.226321557506147],[117.88834469207774,9.229799630908976],[117.89110043327757,9.229376043498505],[117.89658961739505,9.23902553180695],[117.88943270612974,9.236671105671878],[117.88274411926756,9.23898540304978],[117.88312313506005,9.233995626035545],[117.86930879872777,9.229830849386783]]],[[[117.79391876099511,9.14839876133315],[117.80448240293049,9.131868862352299],[117.80195407918504,9.124538124221466],[117.80094631800934,9.119717793943652],[117.79858745898333,9.120569469791517],[117.79949263110856,9.115847282814995],[117.80661827936007,9.121702099544954],[117.8056774520239,9.124016367994782],[117.80566403459973,9.134700358910091],[117.7970222941291,9.148978386629247],[117.79391876099511,9.14839876133315]]],[[[120.08816191766546,11.998357390854014],[120.08182999486688,11.992128005288002],[120.0879301038334,11.992181548864856],[120.09114505269338,11.996671810445227],[120.0958494482623,11.997964938379667],[120.09632653305985,12.000867863047036],[120.09827962806388,12.003173227528157],[120.10151697897041,12.004760675074941],[120.09634442480842,12.006214319975244],[120.09357531778369,12.006414949007727],[120.0901953396998,12.000872334036744],[120.08816191766546,11.998357390854014]]],[[[119.74983213770263,10.552458164626595],[119.75453644315667,10.55760842721571],[119.75877257699365,10.55543239558615],[119.76221950969236,10.55661854450232],[119.76413691915857,10.557938421206039],[119.76197424336057,10.559557066632625],[119.76133209589358,10.564805449443094],[119.7583623463097,10.562500068968639],[119.75702906617217,10.559980659775018],[119.74848543362077,10.556752296017692],[119.74720569485787,10.551981082403888],[119.74983213770263,10.552458164626595]]],[[[119.88660610270718,11.92310560331419],[119.89003069991799,11.915039098971713],[119.89499813845468,11.91669789342254],[119.89704045949608,11.920626351751435],[119.9007280880549,11.93246075925402],[119.89364701931896,11.931127480916143],[119.89135060706946,11.931742863390484],[119.88907198725357,11.932420658885697],[119.88945552608494,11.930200003521078],[119.89468152213007,11.92688693847355],[119.89085117469078,11.922343077344568],[119.88660610270718,11.92310560331419]]],[[[119.6297976151559,10.82547555895538],[119.62968609787207,10.823183596474273],[119.62643543222697,10.820552707987396],[119.63029249968089,10.820766742614955],[119.62982874446925,10.817966436143104],[119.63439044153671,10.819750077055563],[119.63645055461677,10.81828302677915],[119.63739146168635,10.821003067245382],[119.63923753149929,10.822617280703598],[119.6390190216168,10.825167897424324],[119.63707036900799,10.823402096913691],[119.6297976151559,10.82547555895538]]],[[[119.48321797821193,10.974824217658364],[119.4846582917482,10.96636981420912],[119.48885875534572,10.971078615936825],[119.48885875534572,10.966013026035775],[119.48705730699618,10.96174123128537],[119.49097682264542,10.963408930764087],[119.49459314246683,10.971047353769787],[119.49224320437057,10.970909172934029],[119.49194444692655,10.973482066822859],[119.49023660472295,10.975377182128856],[119.48759234392851,10.978083820177009],[119.48321797821193,10.974824217658364]]],[[[117.96278050860458,9.2485903004476],[117.96841228425856,9.243823474540578],[117.97192159799702,9.248353933151101],[117.97665273518835,9.246383010745392],[117.979747330313,9.23810694879542],[117.9868997513569,9.236109283317742],[117.98994975763091,9.2408225335471],[117.97850329683035,9.25103382883173],[117.98041174662647,9.266863681664919],[117.97588133450434,9.266988503440244],[117.97438302750227,9.253370411994792],[117.96278050860458,9.2485903004476]]],[[[117.0392025740061,8.078459745629221],[117.0442591963262,8.080635780315287],[117.04537844352872,8.08282518592358],[117.04842841561467,8.083734836384389],[117.05133574781915,8.080323635641976],[117.06242996799165,8.08472480786681],[117.05301680437883,8.098552442635212],[117.05197787512907,8.101392869851109],[117.05129560918446,8.104911145603001],[117.04996680949174,8.102516553324538],[117.04185572202202,8.080827527511419],[117.0392025740061,8.078459745629221]]],[[[117.03453835793817,8.065260762229746],[117.03207693832746,8.057943434409381],[117.03407461572706,8.056864319572231],[117.02932119888274,8.053747386696532],[117.02708719672414,8.04895388039895],[117.03373569890715,8.050050829473346],[117.04048681140345,8.061149496337427],[117.04599822947696,8.06482381414221],[117.0425646891996,8.066536108992974],[117.03716031409368,8.064275346267722],[117.03525624035072,8.067896095061393],[117.03453835793817,8.065260762229746]]],[[[116.97686429166538,8.022984095297385],[116.98760180788842,8.0217221539786],[116.99224380163518,8.021151359721056],[116.99755897467962,8.028094205829259],[117.00236143125242,8.028936935075105],[117.00229460771827,8.037391385880387],[116.99844188977039,8.039563031871506],[116.99491029704946,8.034274468178593],[116.98890387587309,8.033480751099258],[116.98905549585069,8.025824487057749],[116.97857217328853,8.02620349562416],[116.97686429166538,8.022984095297385]]],[[[119.97700992539515,10.565456450191604],[119.98161174095948,10.571262232391886],[119.98539746800094,10.569839770578781],[119.98833162716295,10.569951268074202],[119.98360495699671,10.580216054123465],[119.97924394296241,10.575204084949288],[119.97698760708772,10.577406888210769],[119.97143605691488,10.569536540912674],[119.97277829115797,10.567329306174631],[119.97259100550568,10.564158824059211],[119.97736666495807,10.560850239818764],[119.9774647593523,10.563168924812036],[119.97700992539515,10.565456450191604]]],[[[119.92341604385659,10.60365757869446],[119.9299218055775,10.599425895066975],[119.93672198207372,10.597700207457695],[119.94250092180964,10.589383984163758],[119.94648291117632,10.594039300644585],[119.95079044768744,10.592059461092441],[119.95297980993647,10.599376837440628],[119.94915841734323,10.598797190237645],[119.95064327723848,10.601499352731963],[119.94459671088245,10.602988735792689],[119.94222447501672,10.605829180248316],[119.93568744381601,10.60617250453824],[119.92341604385659,10.60365757869446]]],[[[119.87368806424884,11.967915068066652],[119.87190000305206,11.966113642419899],[119.87500353771158,11.965114765776669],[119.87178408814205,11.963678942655797],[119.8728453283164,11.958831870610332],[119.87591317659366,11.959210913595689],[119.87983724954344,11.957855387164958],[119.88240565538189,11.958724909007183],[119.87949835233648,11.960093813059839],[119.88085834998927,11.9621628272176],[119.87858423497192,11.966336526368362],[119.87590426032556,11.967304157362886],[119.87368806424884,11.967915068066652]]],[[[119.56290214047372,10.68257474942541],[119.5680077976637,10.67603773696781],[119.57131199594107,10.68029169186512],[119.57494619845018,10.67953367541224],[119.58414081845048,10.684255869602358],[119.58597802594583,10.686124203188292],[119.58305279617188,10.686632547792634],[119.5769794819358,10.68435843449635],[119.57098199537036,10.682534617848018],[119.56880600737887,10.683355115467425],[119.56784730583492,10.689401621137215],[119.5649399306546,10.686070720726772],[119.56290214047372,10.68257474942541]]],[[[119.21879774489152,10.088288033569865],[119.22073746399805,10.107395304748923],[119.22407284933459,10.11789646645023],[119.22715861306779,10.120857324214708],[119.22555330733533,10.13832809428069],[119.2232568795991,10.138720517767318],[119.22013999559339,10.134074080198383],[119.22034060051035,10.131826736648678],[119.22082215763385,10.124036653719795],[119.21506554172817,10.11926986610981],[119.21814226810096,10.113401718257832],[119.21332645205925,10.0899780645272],[119.21879774489152,10.088288033569865]]],[[[117.85762591985096,9.209693537381904],[117.85902164531029,9.205996979096758],[117.85721125998741,9.203490949345797],[117.86131364150935,9.201760837073698],[117.86350751382263,9.201007203606435],[117.86510832462768,9.2040572110258],[117.86705249226848,9.202380609458478],[117.86644604868415,9.206911081988139],[117.86339600558472,9.20947953284975],[117.86215644428789,9.211579774710545],[117.86088110555879,9.20958654503279],[117.85924457765861,9.211722416081878],[117.85762591985096,9.209693537381904]]],[[[117.40868812884608,8.496513820113302],[117.4218379785476,8.499238358116934],[117.42461607217244,8.497472528593502],[117.42713097695162,8.496768021397491],[117.42685008074987,8.499158078726452],[117.42932480362128,8.499599558537406],[117.42661372967633,8.501467929011193],[117.42502630707588,8.503670695463853],[117.42321138979247,8.505877959601504],[117.41687504619907,8.503287212035165],[117.40889770012674,8.505498907121293],[117.40477749482486,8.500598392810145],[117.40868812884608,8.496513820113302]]],[[[117.05151857156979,8.075164476029206],[117.0538105895345,8.061002331339635],[117.05756513444383,8.061956569593702],[117.058786943049,8.066634236901217],[117.0677051118124,8.068217156017903],[117.07443393615021,8.066830379081253],[117.06977418875627,8.073893639671693],[117.07269038147862,8.074370776513092],[117.06430730597626,8.079810858995794],[117.0636473483584,8.07614995994023],[117.05973667497578,8.078031681800269],[117.05633891880255,8.073581504316108],[117.05151857156979,8.075164476029206]]],[[[119.53622779011079,11.181240504142165],[119.54439684241173,11.202697709914773],[119.53629911591905,11.20321492192065],[119.53736041497925,11.199317702742896],[119.53053798257821,11.196958796482255],[119.52770649033627,11.199273118261338],[119.5214324941348,11.196869598332123],[119.51892200474234,11.190707170797852],[119.52242239338251,11.187483254505633],[119.51894430780939,11.183907035663433],[119.52641333957463,11.179528183419285],[119.5302258530095,11.174270933438807],[119.53157250981101,11.181057682547507],[119.53622779011079,11.181240504142165]]],[[[118.79552647872188,10.02313168081401],[118.79749742360377,10.02182071987258],[118.7972299250567,10.019296833481269],[118.80062769214007,10.020099511301915],[118.80181833398801,10.016344888712252],[118.81322470682353,10.023666758633258],[118.81067854770508,10.025151630620753],[118.81317117690483,10.032388781189356],[118.80932746790742,10.032139024386929],[118.8099963401058,10.029744515481458],[118.80361535118072,10.026690002366761],[118.79842939639249,10.032014191162427],[118.79546858523538,10.030966304490464],[118.79552647872188,10.02313168081401]]],[[[117.9834395234466,8.916342655417745],[117.9852944827518,8.914398495918624],[117.99744998461101,8.902073513442673],[118.00330476014491,8.903268589393893],[118.00282771090903,8.90775000458151],[118.00842829010524,8.910478970838428],[118.003237925079,8.915000461909308],[117.9986718154344,8.915950256945234],[118.00038856560282,8.928551690635416],[117.99033775128851,8.931244982386568],[117.99280357331598,8.924217467245969],[117.98955291662962,8.92300903776907],[117.98516964579346,8.923428162508698],[117.9834395234466,8.916342655417745]]],[[[118.835627250411,10.107279362627365],[118.83799501664315,10.10749337626457],[118.83800835256416,10.104091132852785],[118.83270652365029,10.102985277180995],[118.83531065055172,10.10129975189777],[118.84723422737387,10.102610708216906],[118.84659662867801,10.110481037651287],[118.8480145977174,10.112487568640363],[118.84479956790621,10.116545350021326],[118.83969836023185,10.110677208063032],[118.8338926558946,10.115047135358704],[118.83147574974574,10.115158569082093],[118.83231852372629,10.112746225302569],[118.83654575092045,10.109937003368456],[118.835627250411,10.107279362627365]]],[[[118.49807330870917,9.341022992030938],[118.49938423091744,9.337027620206328],[118.50456126512829,9.333442551953562],[118.50975167817738,9.333224022294987],[118.50972040843475,9.336135811059814],[118.51580711681449,9.333170527593772],[118.51483948027025,9.337130198705006],[118.51853610274578,9.34806833751829],[118.51375593796023,9.350525325994342],[118.50936815571035,9.348215504496656],[118.51279274366325,9.344358384041842],[118.50944396939772,9.341272733630227],[118.50638947871984,9.338739913982726],[118.49990595973631,9.342369619746055],[118.49807330870917,9.341022992030938]]],[[[118.03444716376079,9.264915037874825],[118.03848260320383,9.261178353863206],[118.03607914614916,9.257856278030802],[118.03877695834085,9.257298878767935],[118.0370735331183,9.255506372624543],[118.03993632868014,9.255216537228467],[118.05265808272618,9.261757981095334],[118.04931383476129,9.26583806731477],[118.04765499709414,9.26944106974072],[118.03881260252601,9.274569009029523],[118.03352414187822,9.275657018556165],[118.03359989917878,9.272152142673603],[118.03651170650755,9.27338286400052],[118.03429109371287,9.267322926943457],[118.03444716376079,9.264915037874825]]],[[[117.25947768498688,8.596598352266112],[117.26178747102847,8.598243759088891],[117.26328578129022,8.594609588426863],[117.26789205332321,8.590043467078429],[117.2683468352174,8.59241126608352],[117.2716955949131,8.59562626041295],[117.27380925038716,8.59287058684927],[117.27798294592871,8.604865559985143],[117.276654182583,8.607478532131758],[117.27060763311889,8.605208869521306],[117.27147269284094,8.602631501768666],[117.26769139281879,8.599844580227492],[117.263250079601,8.605021585666476],[117.25843424037946,8.599193563373506],[117.25947768498688,8.596598352266112]]],[[[119.12038539737188,10.395203550934594],[119.11513257054953,10.391462331427276],[119.1166441857533,10.38749377188851],[119.12071534584717,10.38276712916351],[119.12285129667916,10.381933243723903],[119.12760913441167,10.378397175451411],[119.13048976539727,10.38051079764154],[119.13251865080026,10.379351436622661],[119.1385651250809,10.371984990672173],[119.14454037384031,10.370624939521447],[119.15169277482484,10.376011550216932],[119.14936957488378,10.381295571301957],[119.14300197463106,10.380189759332906],[119.14258281181098,10.382851799049691],[119.1263962394281,10.383614359129098],[119.12038539737188,10.395203550934594]]],[[[116.9374012385853,7.932664996886725],[116.93798989627857,7.92500871870833],[116.94624369060118,7.926061034225784],[116.9378828922308,7.918485036703187],[116.93541253028617,7.9177224894445954],[116.93536347494764,7.913678133815473],[116.94068762038167,7.914311295218975],[116.94202088201659,7.917263258335248],[116.94422371023377,7.915550975666682],[116.94953002581417,7.918516247376494],[116.95411401030394,7.914605604581888],[116.9509614254453,7.9278179202473344],[116.94850891353295,7.92737203176729],[116.94751897077454,7.934145381618869],[116.93996528377498,7.9311310674040225],[116.9374012385853,7.932664996886725]]],[[[119.96300389411856,12.06399084499798],[119.95411691626502,12.072926900436626],[119.95160199986417,12.08232222986203],[119.94252774585424,12.084422515510807],[119.93933502986974,12.08378033067564],[119.95021967603702,12.078951132776725],[119.9509018841987,12.07432706564269],[119.9395177728067,12.075638047475902],[119.93753794168397,12.072971530676748],[119.94966672493626,12.064579504275661],[119.95258744958501,12.055643460973839],[119.9544959496,12.057685730502474],[119.96076546328061,12.060129331354576],[119.96231274767507,12.061810410270743],[119.9643193035572,12.060508324687238],[119.96599596899443,12.062773567956638],[119.96300389411856,12.06399084499798]]],[[[117.28428364348163,8.271240050187538],[117.2823796241746,8.266580303896442],[117.28794901803437,8.251664581140844],[117.2889210943143,8.261434472526132],[117.28930012923693,8.264239279372651],[117.28988877102161,8.277357930878697],[117.28798471532767,8.275511848736047],[117.28947852474356,8.280760269583778],[117.2945842102543,8.290200162221067],[117.29860626063665,8.292545645966229],[117.30176778921408,8.301280989200176],[117.29637672106577,8.306078990927544],[117.29370131250047,8.307746721952837],[117.29364328363104,8.30527189689202],[117.28817199147548,8.284077796737888],[117.28299053040028,8.2812819566349],[117.28428364348163,8.271240050187538]]],[[[117.27298878084346,8.414189927635075],[117.27780902499526,8.409383031227472],[117.28546086513117,8.412829923901594],[117.28287904082578,8.418127284684653],[117.29276486619946,8.423371175430884],[117.28998689276585,8.427357648936857],[117.30584341545796,8.435856682922275],[117.30589247241855,8.438108555694999],[117.30298517647616,8.4367529967449],[117.30125496686792,8.439910010402242],[117.28704833196012,8.435183330923884],[117.28869821139918,8.432253737139654],[117.28390908373652,8.433899143420136],[117.2830083794897,8.431353027524981],[117.28414991066454,8.422813821900718],[117.28055137907197,8.418987881783254],[117.27298878084346,8.414189927635075]]],[[[117.24195343162931,8.37639458624297],[117.244379146057,8.376666572236731],[117.24531115306304,8.37403568254295],[117.24795535971316,8.37779920809077],[117.24530218198909,8.378726678199431],[117.2449811069895,8.381188111708754],[117.25432741877482,8.394137353942686],[117.25647669068566,8.40091513530297],[117.24769224139918,8.401169336023182],[117.24605135499995,8.399430314945695],[117.24804453099699,8.396870762577906],[117.25092517284519,8.397330085398368],[117.25323936298769,8.396219750131253],[117.24389309044905,8.385071975579915],[117.2416947911019,8.392661354563886],[117.23098850503654,8.388215630648709],[117.24195343162931,8.37639458624297]]],[[[117.1709154482575,8.28209793542005],[117.16983188088084,8.274900950827154],[117.17605239839007,8.266807693203607],[117.17515605966021,8.256770238550374],[117.18224158705723,8.255958709313154],[117.19084321350778,8.260466827067651],[117.19473156713804,8.261015327027176],[117.19075401704168,8.263106633621222],[117.18761031020124,8.264395366722544],[117.18518903150608,8.265233644388296],[117.17828640772689,8.259704319160303],[117.17970439060187,8.268555653924235],[117.17337243439368,8.274820702052457],[117.17528986458032,8.281036728551797],[117.17786274293599,8.282472499724882],[117.17276604312602,8.283520436527764],[117.1709154482575,8.28209793542005]]],[[[119.85782706114162,10.561193574416803],[119.85640909283543,10.553113683404193],[119.85841569911935,10.551914156424933],[119.86415008639004,10.554290871862753],[119.86677202126764,10.555294186415333],[119.87378623302675,10.558923847316434],[119.87453529734046,10.555182715310762],[119.87612725513422,10.557835883399669],[119.87753628087967,10.563289379113707],[119.88942427808215,10.568528749832016],[119.88096534131499,10.572533084102487],[119.88387270161908,10.575467156203757],[119.87773252459617,10.57821391368947],[119.87948493414389,10.580608509809595],[119.87417864259523,10.579944115593612],[119.87574818140047,10.574142767192777],[119.87348748897415,10.56365500994228],[119.85782706114162,10.561193574416803]]],[[[119.86136317748498,10.62364770611347],[119.85978464573093,10.621516260568425],[119.85842011367396,10.623438140241548],[119.85609247600348,10.622827281016617],[119.85622623919879,10.619375899307443],[119.85676137897491,10.616883242100934],[119.85850928764685,10.61888098621984],[119.86247791249404,10.614979252873534],[119.8615459360205,10.612589136203864],[119.8670663656128,10.610809985601247],[119.8700449996466,10.612308254460222],[119.8671242809228,10.616820839977242],[119.86412774967077,10.618368164859486],[119.86646884770036,10.619572100564106],[119.86879648671132,10.623670032341495],[119.86637967887711,10.625966467113752],[119.86180462280875,10.620410411848082],[119.86136317748498,10.62364770611347]]],[[[119.74219813934704,10.52681837486266],[119.744659525067,10.525681306834473],[119.74997925733469,10.518181070511316],[119.75419759284372,10.531290794313481],[119.75755972909631,10.52934669875866],[119.76109133400816,10.533694314587015],[119.76398080261913,10.529961995943026],[119.7699515394091,10.533890516073248],[119.76280811178886,10.538844578624776],[119.76332090570709,10.541528895279766],[119.75975807993817,10.540534551429454],[119.75938354722895,10.542978147371977],[119.75683733431657,10.542666007424415],[119.75441159436257,10.538853480537313],[119.75422436514084,10.535370913688386],[119.74828034750257,10.531888385849474],[119.74599283489262,10.537043064309698],[119.74219813934704,10.52681837486266]]],[[[119.28012825674364,10.299805548438048],[119.27782291927443,10.29516806099772],[119.28287954433725,10.294624011668795],[119.28473891280984,10.296666351012677],[119.28804760020802,10.292015468434883],[119.28056972854844,10.286914284522434],[119.28225519907572,10.283681413240513],[119.28753479174146,10.282624566082763],[119.29289468273375,10.286330133988091],[119.29059823084627,10.28905019657053],[119.29333611650323,10.293852649545006],[119.29139193658365,10.306672567333168],[119.28717808520304,10.304518788184104],[119.28756599465825,10.302258008812428],[119.2849396079692,10.30403273944034],[119.28567536970074,10.30073298065094],[119.28356620584674,10.301696164331581],[119.28012825674364,10.299805548438048]]],[[[118.7562061536721,9.823979311327376],[118.75177832322028,9.825968035453572],[118.74903591893275,9.817477911406035],[118.74657003650215,9.814445741539828],[118.74929006633432,9.808104937686162],[118.75382942466537,9.807052561436027],[118.75245161899623,9.804649121414087],[118.76253363576411,9.808211889264731],[118.77042175467113,9.795097694513974],[118.7692981192327,9.79267642119617],[118.76741185607546,9.774416416642355],[118.76992233247599,9.772311735144006],[118.77274495891403,9.77575416170561],[118.77234364826637,9.801563383212565],[118.76684108961805,9.810258638686674],[118.75569334396725,9.814610703268986],[118.75392754027057,9.816545969983482],[118.7562061536721,9.823979311327376]]],[[[119.76741877173477,10.493169989466226],[119.76634859553708,10.48134441467889],[119.76919351623606,10.476769389097331],[119.77038408784806,10.471917939420957],[119.76903298795598,10.469692829975216],[119.76674996779208,10.468181172445025],[119.77036624171762,10.46607651108446],[119.77082555798141,10.468297115193966],[119.77478079233917,10.464801158136183],[119.77687657047333,10.465893616997763],[119.7826867721793,10.464328484618044],[119.78088083869415,10.470557901400255],[119.7730105362596,10.477170708068922],[119.78088083869415,10.478281048528984],[119.78035468157725,10.480608724667611],[119.7761184966288,10.481237409474142],[119.77615860458971,10.484657579880905],[119.77185117331142,10.482815933271837],[119.76741877173477,10.493169989466226]]],[[[118.11242345224645,9.33194423344211],[118.11072895547912,9.333830427600265],[118.10750502647245,9.329295536676156],[118.10572145016658,9.327494058698198],[118.10428112737353,9.33220288917201],[118.09869832464209,9.319182302597122],[118.1030503827427,9.317153400241311],[118.10253314950518,9.314040934775129],[118.11117937032382,9.314616175606126],[118.1140376558868,9.325585544615919],[118.116565952638,9.32825661835321],[118.11452815581639,9.330758116781208],[118.11576774917651,9.33277814365144],[118.12107855978512,9.330994492467148],[118.1212480358834,9.337647444598316],[118.11812216655635,9.33959608345335],[118.11781455020369,9.342267082257573],[118.11226289723872,9.335672062299766],[118.11242345224645,9.33194423344211]]],[[[120.07761169104818,12.161190371505185],[120.08479088202839,12.157752359659158],[120.08724338605835,12.156633191607497],[120.09443140437284,12.156089177911138],[120.09548826229987,12.154042408053947],[120.09617493785288,12.15004704606406],[120.09849811557665,12.151277778958654],[120.10197174594377,12.144433092953596],[120.1090215821941,12.146314771953913],[120.11153207077325,12.143456502451816],[120.11051094291608,12.148691498370601],[120.0960099456653,12.158184901049308],[120.08707388759919,12.165252615177955],[120.08966913851471,12.167763118439636],[120.09041375224871,12.170906791447],[120.08668156351114,12.172850945216789],[120.08597694621616,12.170706103821024],[120.08026486138742,12.169765232382083],[120.08253013849986,12.164516853263507],[120.07761169104818,12.161190371505185]]],[[[117.24039270191305,8.548043238703146],[117.23887663750473,8.53951296312143],[117.22811681965955,8.529239199188888],[117.21795900914557,8.522283020355534],[117.22399664074402,8.514176320832558],[117.22277931337635,8.505712988786522],[117.2278492792866,8.50481226131235],[117.22777346714474,8.515647818442732],[117.2313764414112,8.522653050729517],[117.24267579321925,8.53228919409235],[117.24547613104187,8.5435127258937],[117.25426498288572,8.547775669295978],[117.24372811117522,8.553955987567804],[117.24296565219122,8.560207671935714],[117.24034811458453,8.554932494725154],[117.23824792362733,8.554040673286035],[117.23744973767806,8.550870284005331],[117.24004937025813,8.550897026656164],[117.2426846746981,8.54939433709207],[117.24039270191305,8.548043238703146]]],[[[116.95391780611311,7.938867575800464],[116.95348973178064,7.935318125899314],[116.97122359426545,7.944147181129293],[116.96855257814325,7.947652013163655],[116.97321232688823,7.95521021963372],[116.97561128543934,7.954340683138961],[116.97943720248199,7.959691563245865],[116.98197001995862,7.962692544336655],[116.97952190868124,7.964431643619133],[116.97995002029985,7.969483796490729],[116.97125476520398,7.9706520668774345],[116.97102291439586,7.975793407393723],[116.96846786755687,7.975887043614592],[116.96364308118888,7.977363010622747],[116.96460177692562,7.968930826448097],[116.96770088936061,7.964922107559552],[116.9572933194508,7.95764037503993],[116.96424954298524,7.954099841179163],[116.96181039000128,7.94605121077937],[116.95391780611311,7.938867575800464]]],[[[118.67368604052899,9.718566155365782],[118.68029889881265,9.715181658375638],[118.67930447328892,9.71280944249037],[118.68551156720764,9.710495147491343],[118.68338901864854,9.706058365995748],[118.69323921900546,9.706638060936529],[118.69392148201612,9.701893575514683],[118.69652112044888,9.70161262656429],[118.7006458043609,9.698598268547093],[118.70905563794578,9.708631298993689],[118.69461264076642,9.712127218245127],[118.69616882714743,9.718918418404439],[118.69362711351305,9.719248408957442],[118.69254360496654,9.72154036443758],[118.6950718988493,9.72395719747221],[118.69784548362593,9.727760809444957],[118.69786328054371,9.730012638411516],[118.67901470575461,9.724104362301855],[118.67827889322118,9.721946156435823],[118.68366551842774,9.720510289090974],[118.67368604052899,9.718566155365782]],[[118.68926616068585,9.712376956525043],[118.69362711351305,9.719248408957442],[118.6908223988795,9.719654180930291],[118.68878454960837,9.718539430506524],[118.6882316561758,9.71544035057424],[118.68617597583525,9.712751517758608],[118.68926616068585,9.712376956525043]]],[[[118.58787955445858,9.459492404454096],[118.60319210244826,9.463407510305915],[118.61166889217046,9.485497854641286],[118.62209421691891,9.491214448848512],[118.622696212228,9.507409848044663],[118.62981742811725,9.507922680097609],[118.63568112166527,9.504292937652327],[118.64502294278007,9.520203012766416],[118.64415790453384,9.522718009906763],[118.63916813332123,9.519373666357946],[118.62554555514885,9.520978925690395],[118.62097942467489,9.521451579237608],[118.61533421353265,9.516368254830848],[118.61516478917282,9.511512291062205],[118.61857158260713,9.512341676706345],[118.61595849136089,9.509131089139254],[118.6154056156534,9.49950390717931],[118.6065676286123,9.494795115850831],[118.60114094994523,9.465445292283594],[118.58940907535272,9.461632775141208],[118.58787955445858,9.459492404454096]]],[[[117.0351893374778,7.9986597028506035],[117.02684193639453,7.988840688853555],[117.03330760684614,7.986040390445255],[117.03524285977784,7.989482861036258],[117.03794508953057,7.989117172551263],[117.03905539043197,7.994312056529399],[117.04738057360741,7.989126138499832],[117.05108602612113,7.983962504482817],[117.05021653252814,7.988604377066417],[117.05119755235326,7.990722468099629],[117.05345383556147,7.997807976007829],[117.05633891880255,7.998846964509229],[117.05559866035253,8.003792093891773],[117.05208931108959,8.003524570522112],[117.05346272523497,8.006128668299388],[117.05015412424608,8.006173271855266],[117.04985088258697,8.01119418231775],[117.04532492382137,8.006440780981217],[117.0402593472322,8.008995833249285],[117.0399383107229,8.012242053733702],[117.02915622695326,8.002333974832899],[117.0351893374778,7.9986597028506035]],[[117.03905539043197,7.994312056529399],[117.04180220141302,7.9992081052341],[117.03781577555186,7.996777927353068],[117.03905539043197,7.994312056529399]]],[[[117.4559858425899,8.521640887024391],[117.46372235849365,8.5157191971772],[117.46237566840277,8.511679212517565],[117.46728519947818,8.51435020689842],[117.47210096612713,8.514015813961551],[117.46868983283659,8.5166109974725],[117.46761066311744,8.525123442606647],[117.47190929477021,8.52899837596777],[117.4700543112739,8.53149545934287],[117.4760072032218,8.530460956806763],[117.47910620461872,8.536177567507817],[117.48214736234623,8.537649044288587],[117.47469178154199,8.540400315918069],[117.4685337330958,8.535740556619132],[117.4713474519731,8.539878571395782],[117.46951916660929,8.542041236399186],[117.461497285924,8.53892879702885],[117.4620947334063,8.532476492613366],[117.45566026985573,8.53558004386617],[117.44861493238142,8.53464361102023],[117.4518878700087,8.528378592251602],[117.45638713958361,8.524989682173445],[117.4559858425899,8.521640887024391]]],[[[119.90931634148579,10.554415700022085],[119.90726961371209,10.559200354517504],[119.90459417052095,10.558210434034617],[119.90627518776827,10.55432654239203],[119.90903982761321,10.552039058731532],[119.90684596637087,10.549265455033863],[119.90910231467821,10.54977826489053],[119.90743457104142,10.546879848403998],[119.90459858359335,10.547981249566506],[119.90604782887539,10.544003732683976],[119.90519161096564,10.54177861613139],[119.90684596637087,10.539789887590118],[119.90672557967919,10.53751576092484],[119.90662752269897,10.535014161614164],[119.90893285816462,10.535798961519706],[119.91273648864704,10.536949415828076],[119.91076553688974,10.538376377721965],[119.91128722583184,10.541930217110506],[119.90761744485242,10.542072914430099],[119.91017694652427,10.544454113415041],[119.91044004293502,10.54701810461045],[119.91459144501343,10.549247632005942],[119.91295492258138,10.559249418294382],[119.90931634148579,10.554415700022085]]],[[[119.56975134308959,10.435625283126479],[119.57805861527916,10.42402269529186],[119.57937854757877,10.426006995379579],[119.58200935209969,10.415893750132792],[119.59205131089249,10.430956606553343],[119.59001346536051,10.433895142716832],[119.58802919839604,10.432454868252504],[119.58744057410279,10.439839132203074],[119.59194869836624,10.442563603101165],[119.59959604821265,10.441203614453112],[119.60244991097952,10.443825583810009],[119.59573452089758,10.4453995885103],[119.59449930540612,10.449029312605298],[119.58602261119567,10.449658081634736],[119.58303050308456,10.451691391929991],[119.58633470755441,10.45534785385993],[119.58182207099517,10.455093687106592],[119.58032381330992,10.453145069315015],[119.57751904962711,10.450295736654025],[119.57687252361217,10.447562259111978],[119.58446185376621,10.446532216417395],[119.58496131923313,10.441881362015508],[119.57575330478464,10.437493608406228],[119.56975134308959,10.435625283126479]]],[[[117.20260630544183,8.359432187869539],[117.20517031447432,8.356649660440446],[117.20337770991806,8.34726775510629],[117.2101510842849,8.345880946263065],[117.21348205729518,8.349510658797811],[117.21146655777666,8.350638831362478],[117.21333042222706,8.355557203985576],[117.20686025464593,8.358990710888541],[117.21532365165997,8.36204516181018],[117.22254298880392,8.356493575086823],[117.22174922691696,8.359293904242783],[117.22498203532936,8.363570171910936],[117.22810345162112,8.362183396454325],[117.23022599795296,8.358103370163159],[117.23969715640928,8.365572355034603],[117.23757461985113,8.36861786219157],[117.23381556085195,8.366018219896182],[117.23318683122083,8.372778242731362],[117.23380219319036,8.377817034556761],[117.22694850359872,8.376822686122782],[117.22053188603735,8.378615233921698],[117.22030444130436,8.375868371209522],[117.21274182585884,8.366040513390496],[117.20862608981311,8.37015185604851],[117.20260630544183,8.359432187869539]],[[117.22474571332859,8.374579732875564],[117.22732756556972,8.374481582329928],[117.22694850359872,8.376822686122782],[117.22474571332859,8.374579732875564]],[[117.2265383084006,8.367333706255485],[117.22399664074402,8.369045984250542],[117.22049626650431,8.367164231467827],[117.22498203532936,8.363570171910936],[117.2265383084006,8.367333706255485]]],[[[116.95552309964147,7.912335955774718],[116.95677164291023,7.90590144657446],[116.96704538939922,7.893545276309458],[116.97728351576464,7.866054909699503],[116.98564878068902,7.850737882476391],[116.99555690835363,7.851121349356332],[116.998847688162,7.84922179841743],[116.9953919099358,7.84206937849824],[116.99582888151187,7.835831112477774],[117.00151868074775,7.836361750241814],[117.00018094324848,7.843991270251883],[117.00171493063347,7.85390829684932],[116.9897689526135,7.861212361911138],[116.98833314424691,7.856057610690006],[116.98382050164585,7.8638833505652155],[116.98417728407854,7.869929865070595],[116.9821795821414,7.87599427681341],[116.98529200074003,7.875530477385079],[116.98245157252579,7.881987280758469],[116.97941043423803,7.884395228588226],[116.97208416200789,7.887418458251899],[116.97022468452836,7.898722283338614],[116.96341571371407,7.902267261513238],[116.96028536614656,7.908162190377058],[116.95552309964147,7.912335955774718]],[[116.9802086294794,7.877563829367722],[116.97732807006622,7.878888173915362],[116.97774720341991,7.875343242061085],[116.9802086294794,7.877563829367722]]],[[[119.70149545656885,10.51754787798005],[119.69738858951258,10.520535461085547],[119.6947622248477,10.521877697922884],[119.69328177932293,10.519536669818475],[119.68380622331532,10.525204158406417],[119.68265133777707,10.523255550165638],[119.67596264584944,10.528704585765974],[119.67551672177102,10.517458686760394],[119.67344771815236,10.515889086140648],[119.67545872678332,10.514765430073684],[119.68363675700832,10.51549671324234],[119.68081414502748,10.505646558179924],[119.68245959262224,10.503644378375215],[119.68483627704633,10.500759368497876],[119.68778822504113,10.503452650439941],[119.69173007041836,10.500799522359596],[119.6969338055231,10.496795196716166],[119.69780333001455,10.493259139345895],[119.70504933510489,10.498882121316802],[119.70000164639437,10.49724110207976],[119.69898054287526,10.500522995577015],[119.70588318907798,10.50166902871551],[119.7173073914695,10.5090800809404],[119.7146319933861,10.51342319700137],[119.70937473311022,10.511260506785014],[119.70374285964945,10.516375147426269],[119.70149545656885,10.51754787798005]],[[119.70242293675655,10.512219273801083],[119.70157571526973,10.509307458457025],[119.70516088125912,10.509249457266923],[119.70242293675655,10.512219273801083]],[[119.6964789316693,10.511033166687824],[119.69254605893036,10.51389589421675],[119.69141343271808,10.509476920556324],[119.6964789316693,10.511033166687824]]],[[[117.34239019159298,8.465621161180769],[117.35803273252945,8.476189232276587],[117.36916712802177,8.476461285858969],[117.36755288221113,8.480701850681475],[117.37274773899222,8.49259875360907],[117.39264871813494,8.490712558284784],[117.39486937573955,8.49221526226912],[117.40067513110696,8.48893337430243],[117.4029314641767,8.495729037006209],[117.39151166575019,8.503131153558048],[117.38795326963529,8.51335137339894],[117.3911772004138,8.51688744340687],[117.38558102955787,8.522675349873767],[117.38207174358139,8.52173002993948],[117.37953895858496,8.522131350052737],[117.3718826712008,8.522095739644998],[117.37096416569837,8.518136029595505],[117.36797650534145,8.51927757973372],[117.36830204453024,8.514096099306812],[117.36188538972942,8.510421754059358],[117.36103820608754,8.497717789708624],[117.36410603546265,8.489584370766126],[117.35211552533794,8.4835601800883],[117.34589507172502,8.474534946377691],[117.34406238796481,8.470334486597656],[117.33876939740773,8.469799362109999],[117.34239019159298,8.465621161180769]],[[117.37346119965481,8.497811415234462],[117.38076079921946,8.49976450021217],[117.38377516033223,8.50596266697679],[117.37660486055294,8.511777375167286],[117.37020604802792,8.504749780592022],[117.3712004941211,8.500522549234049],[117.37346119965481,8.497811415234462]]],[[[119.39882949402134,10.355945634244534],[119.39531132604088,10.357006837032374],[119.40408231767992,10.362959774682018],[119.4095670087365,10.357662353013552],[119.40853249467179,10.351013812223067],[119.41804824156523,10.356213160554471],[119.42064346624507,10.356587737957494],[119.41247884299995,10.363771326897098],[119.41827116187072,10.365746670914678],[119.41214883331484,10.371539062104489],[119.40167440206339,10.373023996589462],[119.40033672289586,10.378406085188812],[119.4085905091393,10.380002440694302],[119.41271957423137,10.378615640327594],[119.40632527061655,10.385268675606898],[119.39599356565044,10.382526317975472],[119.3879894065845,10.373719547122379],[119.3887831187097,10.368506875078415],[119.3916815487147,10.367204871404804],[119.39105288129218,10.356819605278385],[119.38699504575061,10.3551741516632],[119.38901060147984,10.353127474827069],[119.38986224138718,10.35010421432217],[119.37527206298319,10.351838754626822],[119.3739700223322,10.348623766076996],[119.37055438081225,10.346817781812767],[119.3931798160701,10.347285996720087],[119.3922434229182,10.349858899260674],[119.39618976873953,10.348213516242362],[119.39712613660166,10.353568935237462],[119.39882949402134,10.355945634244534]]],[[[117.49964043811339,8.619602873542714],[117.51486375148801,8.604878916497396],[117.51005684464243,8.603023957638495],[117.51670540422874,8.600094297212575],[117.51901073765849,8.601293804505833],[117.51548361021052,8.591880606385786],[117.52314876559205,8.598087703604989],[117.52796466181493,8.604731773791016],[117.53189305873217,8.599429925220605],[117.53601773073815,8.597271695308283],[117.53623621181433,8.58038061698476],[117.53415386832499,8.570414513416722],[117.53866197104104,8.569955223683104],[117.53793075298063,8.572563795751392],[117.5403698376163,8.571868179441319],[117.54069535708634,8.574351905980729],[117.54553347505802,8.601396357711181],[117.53835875281591,8.610831847707214],[117.53228550880903,8.627018310582406],[117.53815362115975,8.635860772357141],[117.53485392738888,8.641662053027815],[117.55125446438159,8.65808044353589],[117.55375159975685,8.662740211137189],[117.5439415639254,8.665482522669604],[117.53782818695105,8.657603345440045],[117.52536497613593,8.657068228753714],[117.51625056951175,8.646384189520896],[117.50895102856018,8.646370846185143],[117.50026912609336,8.627495509296619],[117.49975637417248,8.624891353566465],[117.49964043811339,8.619602873542714]]],[[[119.22445187777733,10.244115840040065],[119.2321483237516,10.242644293517758],[119.23907779181248,10.246394434364067],[119.23450269770657,10.23944709832195],[119.23652272981246,10.233610187417893],[119.24030405350351,10.237895320285327],[119.24581097823588,10.23724432465625],[119.24536062486443,10.23477396420686],[119.2571995268574,10.232143087739166],[119.25541588711033,10.235933389447071],[119.25672243169755,10.244490357093298],[119.25948257580242,10.245738895433893],[119.26152487745662,10.244361078812705],[119.26060183328515,10.249105552870752],[119.2642271270234,10.260712590108238],[119.26838746151972,10.262465026757887],[119.26589478564256,10.26637566565692],[119.26352255558109,10.266446947997576],[119.26115480933575,10.266090258894241],[119.26276451915552,10.2632319435078],[119.25869783155305,10.2597315618393],[119.25501016083203,10.260676910082339],[119.25680267174506,10.252271484292127],[119.25369021281394,10.251317287046138],[119.25517959779305,10.24892714110827],[119.25277616389482,10.24911446787789],[119.25159442660038,10.239875183482312],[119.24992226293917,10.238149561293195],[119.24393374317265,10.248084432375922],[119.24289026299937,10.25569167027792],[119.23492630372088,10.249885849225004],[119.22445187777733,10.244115840040065]]],[[[117.42248905716863,8.508299210809541],[117.42236868307701,8.51076513567623],[117.42294384290396,8.513355844106773],[117.42760358793299,8.50942740989857],[117.43066706169212,8.511228852126301],[117.42651119427148,8.5157414502442],[117.42793359932293,8.518385701372045],[117.42565944922642,8.518376808383069],[117.42437971839712,8.529564691521516],[117.42217687312788,8.536164154896277],[117.42814763139837,8.542995535244295],[117.42471860857161,8.547276276999856],[117.42450905422994,8.543133766418885],[117.42052254932358,8.541974403062678],[117.41521180379628,8.534844307508957],[117.41456966439488,8.544667672942287],[117.41075712001464,8.544707773525673],[117.40715864611506,8.538527492827669],[117.41091317638639,8.534126343741004],[117.40416212332607,8.537341373148822],[117.40518777129762,8.539869655034778],[117.39116384330333,8.54257634330725],[117.38821189962773,8.535214390248068],[117.38891203665301,8.529221373223386],[117.3951859957952,8.530781995468777],[117.39963619265298,8.526367523967961],[117.40333717289703,8.528521258523694],[117.40170518967899,8.530296017414898],[117.41042716928689,8.53192802980111],[117.41957729198063,8.528632743958884],[117.42135639050224,8.52485585001604],[117.41746805914988,8.523023209838815],[117.41831535824234,8.51882274677204],[117.41915808242146,8.5147738687182],[117.41600999340197,8.508843274174236],[117.41924278487436,8.508927976028755],[117.42248905716863,8.508299210809541]],[[117.42338536229643,8.518260853058766],[117.42565944922642,8.518376808383069],[117.42295728747995,8.520575107943904],[117.42338536229643,8.518260853058766]]],[[[119.82419212612504,10.492416393129774],[119.82660887758902,10.490860165524584],[119.82782182965363,10.493847757865254],[119.83179486867347,10.492385201341648],[119.83030104057863,10.488773295445075],[119.83291408116312,10.48822482819105],[119.83464418888359,10.486414449622233],[119.83909440122687,10.483270803604078],[119.83571887229769,10.48165653806247],[119.83219172476159,10.476042584761219],[119.82955191274459,10.476791674083819],[119.82941812372074,10.474437277722837],[119.83537553967116,10.47160574262065],[119.83665976533982,10.478129429325792],[119.84200176176954,10.475342471527048],[119.84086019405615,10.480657772300585],[119.8426705564183,10.483087936367603],[119.84517219409688,10.481919640273054],[119.84774954610069,10.484488118963299],[119.85264116413427,10.480894084624156],[119.85214618265528,10.478334513057293],[119.85724292353548,10.481674423531988],[119.85529430876234,10.484256260116398],[119.85323865368282,10.486071066631458],[119.85475033395095,10.488180230826442],[119.85224878153082,10.488572626902801],[119.85490193370413,10.492456514450415],[119.85084859167083,10.492166667392677],[119.85125881398265,10.494788635716105],[119.84568945199031,10.49275079625386],[119.84301395922547,10.493330524394421],[119.84272406691446,10.489625006347522],[119.83550932293332,10.495194378710542],[119.83670435936074,10.503697931099966],[119.83448364794909,10.502565310641756],[119.83269560848797,10.500219828258144],[119.82708602337888,10.497428438080453],[119.82419212612504,10.492416393129774]],[[119.83549148517253,10.48878670470444],[119.83310579639124,10.490521249243251],[119.83291408116312,10.48822482819105],[119.83549148517253,10.48878670470444]]],[[[118.67684757335373,9.748473335347029],[118.68210040059651,9.753119689806807],[118.68444589132612,9.742899503692534],[118.69141096765219,9.738480513739695],[118.69724350171852,9.742462473911633],[118.69120140039722,9.757922177718758],[118.69244100230817,9.762011171396578],[118.68978336594844,9.762925307040803],[118.69275761984083,9.770759924840577],[118.69700270832327,9.775326033623724],[118.7008330245695,9.773653919858491],[118.70235364677065,9.777140867554406],[118.70685732318584,9.77577198469766],[118.71391609679746,9.771049774696339],[118.71874526755686,9.780079470196082],[118.71728263392207,9.78241154016299],[118.71914208659128,9.787530647478361],[118.72208510071626,9.784146153732026],[118.72268262971116,9.786750281721588],[118.72777052176677,9.788632019958563],[118.72876482466187,9.798664982140048],[118.72550075489795,9.800056224194764],[118.72458223393254,9.790763495919283],[118.72218323584289,9.794049836981788],[118.71892365829837,9.794986228401926],[118.71382240538682,9.781475147136208],[118.71639084702703,9.779388302184936],[118.71145465487149,9.776917942255794],[118.70992958114032,9.787918555087124],[118.70766881502455,9.78832879045499],[118.70532339663211,9.791182594897583],[118.69558018682912,9.789929578716587],[118.69131290266925,9.793884861772392],[118.68631871743221,9.787254133530858],[118.68838320594105,9.77926341243445],[118.68513255226931,9.770189173850357],[118.6860823572128,9.763843882256076],[118.67980391168382,9.764071247783551],[118.67684757335373,9.748473335347029]]]]},"properties":{"rank":6,"site_id":"555703872","name":"Entire Province of Palawan (Proc 2152) Mangrove Swamp Forest Reserve","desig":"Mangrove Swamp Forest Reserve","iucn_cat":"Not Assigned","status_yr":"1981","loss_ha":4308.2,"forest2000_ha":48749.4,"area_ha":55173.5,"rep_area_ha":55471.0,"pct_of_forest2000":8.84,"pct_of_pa":7.809,"lon":118.5789,"lat":9.7057}},{"type":"Feature","geometry":{"type":"Polygon","coordinates":[[[120.65220255110411,13.291318299324077],[120.7624983846015,13.166668590395902],[120.78000042178861,13.08750175172419],[120.847221385663,13.016668882521861],[120.86388946454947,12.943053602530078],[120.83333121643474,12.783333073259493],[121.01666718187789,12.78888910245022],[121.01111110370445,13.079167640558184],[120.77361050605744,13.313890249585828],[120.72500188339802,13.308334268297626],[120.67500191525036,13.324997919082534],[120.65220255110411,13.291318299324077]]]},"properties":{"rank":7,"site_id":"555715047","name":"Calavite & F.B. Harrison Game Refuge and Bird Sanctuary","desig":"Game Refuge and Bird Sanctuary","iucn_cat":"Not Assigned","status_yr":"1920","loss_ha":3790.0,"forest2000_ha":59796.6,"area_ha":106408.1,"rep_area_ha":106479.0,"pct_of_forest2000":6.34,"pct_of_pa":3.562,"lon":120.8795,"lat":13.0452}},{"type":"Feature","geometry":{"type":"Polygon","coordinates":[[[121.99561380042915,17.47637191875854],[122.01394516903228,17.44470789252987],[122.00005502246067,17.37249269926516],[122.00366689593389,17.338880052451568],[122.017557016866,17.315273529960823],[122.05588741206476,17.30194079942022],[122.04144438434996,17.271939978493165],[122.05310944868364,17.209169189084353],[122.0547770849961,17.179444854099145],[122.08338669143039,17.157501640821607],[122.11699943913263,17.17083432531865],[122.13005570686914,17.099729475859625],[122.15255185243636,17.07778630008854],[122.15727400318492,17.04278677045466],[122.15672105037568,16.989179483115613],[122.17894079322923,16.98667788332444],[122.2044958827013,16.97195839287151],[122.20310912390669,16.934180930678902],[122.21171964026702,16.903908108064986],[122.18755134456322,16.878629430790074],[122.21588446356192,16.816411568869697],[122.19060583709472,16.802802402240847],[122.18282913764433,16.773082543877926],[122.18116139767139,16.736415298974585],[122.20005013813586,16.703640933520717],[122.2108858249485,16.672253331217984],[122.21366379876423,16.630591974720378],[122.24616170323715,16.64197604419677],[122.27338454688775,16.65836764645914],[122.2919968265339,16.645587881348565],[122.32977430264306,16.64669820406361],[122.3539381893361,16.654198393786768],[122.4008836088843,16.654198410790745],[122.46893839364809,16.7630807643082],[122.49838633254474,16.844463800359925],[122.50699682041048,16.88668259147311],[122.52116346089703,16.927514596223514],[122.51783248588215,16.971677475300563],[122.54588469102087,16.998066439595394],[122.56449697829045,17.037507226568668],[122.57255457449143,17.077228853764424],[122.56783241040695,17.11777991066281],[122.55088774792111,17.156386867363825],[122.5167221371771,17.181108112558846],[122.47477542490861,17.165831185461506],[122.47116355195286,17.198333638992512],[122.48838900232163,17.238050790988193],[122.48477716845385,17.282494713837615],[122.46672225749407,17.321659001429612],[122.44394516828896,17.356101082398695],[122.40949857792121,17.385820959835613],[122.36727988363104,17.402208166189848],[122.32727725176713,17.38193259483914],[122.29561320269536,17.408321555597475],[122.25061193649869,17.4833147794103],[122.24450291278767,17.527201204039407],[122.19116762215899,17.53803686692588],[122.18894705145432,17.519424533173755],[122.1720023969624,17.49359296170481],[122.17783493432322,17.47220716296846],[122.19089118998066,17.47720581875616],[122.20672548305821,17.46554079515919],[122.2089461185501,17.429154491515153],[122.17311273330475,17.447485864518192],[122.15727850788049,17.475538115072936],[122.1508885810492,17.507202200409758],[122.13117046157998,17.531923392735717],[122.08755595866016,17.537479441908623],[121.9933886970211,17.537198552757584],[121.99061512774702,17.50692572323039],[121.99561380042915,17.47637191875854]]]},"properties":{"rank":8,"site_id":"317296","name":"Northern Sierra Madre Natural Park","desig":"Natural Park","iucn_cat":"II","status_yr":"2001","loss_ha":3671.9,"forest2000_ha":278280.2,"area_ha":357198.3,"rep_area_ha":356969.0,"pct_of_forest2000":1.32,"pct_of_pa":1.028,"lon":122.2905,"lat":17.1089}},{"type":"Feature","geometry":{"type":"Polygon","coordinates":[[[124.05177216321665,7.860646039226161],[124.05953991344755,7.810726376645087],[124.07980652772216,7.778161585212844],[124.11947913038584,7.803899501277227],[124.14828492464432,7.800506134978175],[124.21387384980358,7.776092588287567],[124.22216331628147,7.764356234123504],[124.2890900027015,7.715680645939941],[124.28770319681016,7.695454143058299],[124.27713955812398,7.676378103456644],[124.29293814476137,7.634462609714506],[124.54104255738017,7.701737011977776],[124.5644929928257,7.699110618126914],[124.59528749701373,7.715056393001029],[124.61354750554473,7.74768806262112],[124.59427528594313,7.7674864750235395],[124.60180670224081,7.804296385026603],[124.57593950879233,7.83900158192442],[124.54467673665995,7.847411446725405],[124.53183452177512,7.863620251612132],[124.53841611149751,7.882910345242547],[124.51736028141887,7.921352261722878],[124.55252028831711,7.976252679232564],[124.50212351905967,7.9870303283644795],[124.45794724545648,8.01110053995833],[124.41871157090729,8.029833263287685],[124.39900681184649,8.030885606029235],[124.38480009461598,8.01851155967487],[124.36651335076101,8.020816961583895],[124.35465215199973,8.027510060113322],[124.33443459614908,8.03242846125463],[124.3270547758148,8.046804609206957],[124.29100294916891,8.076154381488989],[124.26717345776925,8.058313509486059],[124.24829363681394,8.027817746323427],[124.2250394485637,8.008032699803188],[124.20586086188406,7.996996407123914],[124.17391582435306,7.954782123029858],[124.1671737283137,7.953011876746464],[124.11153749044574,7.907390768317034],[124.08924201179757,7.915006916999771],[124.06094009433767,7.894909780778909],[124.06548836657998,7.874652039683758],[124.05177216321665,7.860646039226161]]]},"properties":{"rank":9,"site_id":"555583085","name":"Lake Lanao Watershed Reservation","desig":"Watershed Reservation","iucn_cat":"Not Assigned","status_yr":"1992","loss_ha":3148.6,"forest2000_ha":111622.6,"area_ha":171333.5,"rep_area_ha":171293.0,"pct_of_forest2000":2.82,"pct_of_pa":1.838,"lon":124.3488,"lat":7.85}},{"type":"Feature","geometry":{"type":"MultiPolygon","coordinates":[[[[121.26428996988646,14.64303680498805],[121.25982638395698,14.637075044219241],[121.28510060000521,14.618079206449549],[121.29066111324788,14.62088845118262],[121.28523880193728,14.626466782714935],[121.28514521227017,14.638394898095083],[121.27231634940026,14.63888544390172],[121.26428996988646,14.64303680498805]]],[[[121.1440636859171,14.857617670171296],[121.1437158890857,14.813463676511413],[121.2171795624638,14.76647370410008],[121.23970693163686,14.783913205145728],[121.24072362339027,14.789085732002505],[121.23682196324495,14.792773412512627],[121.2359122298432,14.805009247221209],[121.24696637810653,14.82215447285776],[121.23301380532868,14.827817533049158],[121.22030094808575,14.8169551228134],[121.21080751517803,14.816504758758585],[121.20818558406937,14.81396306377018],[121.16700135029349,14.825427447109229],[121.15186266935723,14.842523648763263],[121.15074793580898,14.855089376319118],[121.1440636859171,14.857617670171296]]],[[[121.22281141423515,14.63868473908929],[121.23130598553983,14.633159887819401],[121.24264999486856,14.621842707274508],[121.25421690706618,14.644352238021844],[121.2607672814622,14.644066904406275],[121.26298794441001,14.647451369641097],[121.26428996988646,14.64303680498805],[121.26905672198272,14.65845641630721],[121.27498286910767,14.6598832934965],[121.26548501593882,14.665747072387283],[121.2591263164073,14.658318169733993],[121.26359883549509,14.654385202242779],[121.26174379850582,14.651388693866556],[121.2510420118603,14.66056110449693],[121.24617715481135,14.65728808583588],[121.23642063682588,14.659678216029727],[121.23300489639574,14.64578806935736],[121.22294968923183,14.64425863991145],[121.22281141423515,14.63868473908929]]],[[[121.13673290354546,14.687623384491266],[121.14090664295739,14.685648010850393],[121.15257167432229,14.696733314447187],[121.15436418296825,14.699662973487365],[121.1647137778876,14.689576447752666],[121.17757826608793,14.689308967397853],[121.18202852993349,14.684698190057407],[121.1890114789969,14.689166199181932],[121.2077128737564,14.678245904799855],[121.19042047902757,14.694182729625082],[121.19044284674628,14.720634087079405],[121.18336622415514,14.72060736882677],[121.18103414037631,14.736753776879473],[121.17521050293402,14.741796982015648],[121.17060425751927,14.739870697524331],[121.16355441911581,14.750282689573924],[121.15706194108786,14.749970531253895],[121.1586806365371,14.734867574258105],[121.15073001817815,14.722787893626178],[121.14186981302187,14.71505574300348],[121.13656349636146,14.699823498271575],[121.13673290354546,14.687623384491266]]],[[[121.57513833909546,14.675262724089546],[121.58735627685125,14.688631162459135],[121.59362583610266,14.692131553687396],[121.59976601752369,14.68958094023623],[121.5867409963058,14.722217102206697],[121.59419214568656,14.805508652311314],[121.58636195188085,14.845462160605324],[121.5831647973697,14.88078272644916],[121.56948871330309,14.896996037177317],[121.47364921956003,14.748490085843299],[121.3784474329641,14.747839117907837],[121.37346215469107,14.837502664631314],[121.31776795100747,14.841899370866367],[121.33808809368857,14.814400084983593],[121.30531817137363,14.827951325064802],[121.32507197369556,14.789001014881462],[121.29479023046844,14.777741807559126],[121.30635716561216,14.745894873501692],[121.31783489439968,14.710445049486538],[121.32717665691287,14.669180574280325],[121.327421892459,14.662117344661501],[121.31150739641501,14.646327661395699],[121.31937327267961,14.606521232234867],[121.31770554611583,14.593567574796465],[121.32117477120767,14.582607119792494],[121.31127103053193,14.578790126623948],[121.30538948631917,14.55715898826545],[121.32716330421533,14.556013006773524],[121.3792589696765,14.521347984369504],[121.47111197931697,14.520977849018859],[121.48505116209948,14.502093565334954],[121.49107542624178,14.501883986580548],[121.50188874811239,14.508893692282372],[121.51255493026791,14.509201373645801],[121.51130630787881,14.494789580786676],[121.48595633829673,14.44348312205464],[121.50264234165527,14.442943613899569],[121.51277781621296,14.411939461985344],[121.53757043199131,14.401790537521716],[121.62283733932296,14.495231025468767],[121.61614430744406,14.525445861963572],[121.62986491998853,14.533391987754781],[121.62702448374547,14.566268924714546],[121.61065063572487,14.562220121517223],[121.60047499771579,14.622194996657536],[121.59874036968495,14.667356786757827],[121.60294982024516,14.669265285481854],[121.60196433800192,14.685166421600067],[121.59815179340416,14.676752123435563],[121.59863336395748,14.669934116383319],[121.58717794510208,14.664048130793699],[121.58483243864664,14.670206166753964],[121.57513833909546,14.675262724089546]]]]},"properties":{"rank":10,"site_id":"555583103","name":"Unnamed National Park, Wildlife Sanctuary and Game Preserve (PP 1636)","desig":"Wildlife Sanctuary","iucn_cat":"Not Assigned","status_yr":"1977","loss_ha":2788.9,"forest2000_ha":104121.5,"area_ha":115456.1,"rep_area_ha":115448.0,"pct_of_forest2000":2.68,"pct_of_pa":2.416,"lon":121.4536,"lat":14.6517}},{"type":"Feature","geometry":{"type":"Polygon","coordinates":[[[125.77468403918498,9.929775963440559],[125.88948366095616,9.800225654524317],[125.83984940368546,9.658662554286057],[125.90440381958196,9.547243040749274],[126.00925507486336,9.533558049364323],[126.16464134802186,9.5418430972322],[126.33174173531022,9.644933023900192],[126.31086867894751,9.871633729508376],[126.17216832623353,10.104519206210986],[126.06771835954268,10.156498912048864],[125.9393898522402,10.045734846387617],[125.77468403918498,9.929775963440559]]]},"properties":{"rank":11,"site_id":"145491","name":"Island of Siargao, Bucas Grande, Middle Bucas and East Bucas in Dinagat MSFR & Island of Siargao, Poneas, Dahican, Tona, Laonan Abanay and Bancuyo Wilderness Area","desig":"Protected Landscape and Seascape","iucn_cat":"V","status_yr":"2018","loss_ha":2725.3,"forest2000_ha":50198.0,"area_ha":283393.5,"rep_area_ha":283975.0,"pct_of_forest2000":5.43,"pct_of_pa":0.962,"lon":126.0722,"lat":9.8148}},{"type":"Feature","geometry":{"type":"Polygon","coordinates":[[[124.49820845107477,6.307813146425243],[124.51964777787609,6.28391232414357],[124.52259525394678,6.238371584866135],[124.56595107460892,6.259779688973106],[124.58596354405645,6.2741959471027595],[124.60050023139497,6.258718424353928],[124.60367950989803,6.242799430970215],[124.61752504243503,6.235820970072502],[124.63087117123378,6.2007635173910325],[124.64655825305258,6.174637591316486],[124.65666260087463,6.164742870102747],[124.65944060886041,6.1357854901979],[124.68371151133009,6.118305789928907],[124.70661792380189,6.082129079142141],[124.72191258944244,6.066936966565361],[124.72716097045364,6.071587766210462],[124.73359545351948,6.062575975306038],[124.74184033402895,6.065438683339646],[124.75265362739755,6.061742111065487],[124.75879384011824,6.054259698533148],[124.78161109480415,6.059641849116203],[124.8448678354796,6.086485684758978],[124.85645261111385,6.078049005336301],[124.89319110710059,6.087752025707094],[124.90214054497378,6.099381368934403],[124.9040936746937,6.108741016333632],[124.89818979532,6.122327895852554],[124.90252407125232,6.1509464190603556],[124.87655871032551,6.161425340112082],[124.87323222816808,6.158058680611334],[124.8634087836434,6.1595078875160425],[124.84352571379425,6.172198491398608],[124.83354622245582,6.182993984584863],[124.81081373743407,6.241466173533956],[124.81183933558377,6.258187792515521],[124.79946081813681,6.2748068545336055],[124.77955098692696,6.316717979705545],[124.75606042388036,6.328066395725215],[124.74481897557624,6.355690483137378],[124.73449615845395,6.35797353423702],[124.73098241985379,6.372608352569794],[124.7138505224865,6.383925542597224],[124.70734919083843,6.435289896546036],[124.6854237566333,6.455128433181488],[124.66731095061353,6.464563894162301],[124.65803152832288,6.457393703045723],[124.64376244237042,6.453465204792747],[124.62096748348127,6.43289986043203],[124.60757237158329,6.430759485891463],[124.60108881713982,6.42358480535565],[124.59457403471055,6.428663680177375],[124.55630161328436,6.424133247933059],[124.54335233790127,6.420209249716249],[124.52890045855814,6.4099889851824345],[124.53272633510026,6.401253566343987],[124.52262205103413,6.386569770960039],[124.52663966159378,6.374249279816214],[124.50972181354798,6.354705068456936],[124.5062883399015,6.338291121220084],[124.5062705000295,6.3233486648011725],[124.49918939063234,6.31622748455208],[124.49820845107477,6.307813146425243]]]},"properties":{"rank":12,"site_id":"306533","name":"Sebu Watershed Forest Reserve","desig":"Watershed Forest Reserve","iucn_cat":"Not Assigned","status_yr":"1985","loss_ha":2442.5,"forest2000_ha":57274.4,"area_ha":98524.4,"rep_area_ha":98534.0,"pct_of_forest2000":4.26,"pct_of_pa":2.479,"lon":124.6947,"lat":6.2553}},{"type":"Feature","geometry":{"type":"Polygon","coordinates":[[[120.9830009426942,12.613668747029568],[121.28928325355263,12.615911686449719],[121.28698678479736,12.956582537335462],[121.17089412478514,12.95579323192694],[121.01174437440531,12.864100721041943],[121.00232223813624,12.657180666193907],[120.9830009426942,12.613668747029568]]]},"properties":{"rank":13,"site_id":"1337","name":"Mts. Iglit-Baco Natural Park","desig":"Natural Park","iucn_cat":"II","status_yr":"2018","loss_ha":2293.1,"forest2000_ha":65585.8,"area_ha":106641.7,"rep_area_ha":106656.0,"pct_of_forest2000":3.5,"pct_of_pa":2.15,"lon":121.1539,"lat":12.7716}},{"type":"Feature","geometry":{"type":"MultiPolygon","coordinates":[[[[119.54296995759206,11.284548941936903],[119.54153412105194,11.279679597260944],[119.54370123230558,11.28146769396044],[119.54296995759206,11.284548941936903]]],[[[119.19745651391217,11.117359434396324],[119.3050323020634,11.037042062320122],[119.32053661984257,11.032502706430904],[119.33128748856063,11.02276847728795],[119.33064092721834,11.01870622623298],[119.33394956155871,11.019878990273554],[119.33233539753832,11.00504803374188],[119.33678562659969,10.996531098459188],[119.33800735794168,10.97952413381609],[119.34837478492221,10.985057889125882],[119.34956540742101,10.999804122878285],[119.35505453351529,10.999246717814104],[119.36012454937328,10.988130171524409],[119.37925855474876,10.99042659545419],[119.38334309239518,10.994586960361422],[119.38907296429583,10.993704047418762],[119.39710381478129,10.984910730037374],[119.41305852809118,10.98240467811646],[119.41765580534758,10.986516019781813],[119.4252898329018,10.981566379083656],[119.4318491724551,10.9883308890454],[119.45499635910623,10.990841326887523],[119.45642774511633,10.995942528492504],[119.45987457725595,10.998724992125757],[119.46555548671695,11.013957297874121],[119.47761292385498,11.029573087763483],[119.4918776136952,11.054303223908029],[119.49515948713815,11.050843013468418],[119.50191499851258,11.052136108585154],[119.50367634169076,11.049509755125872],[119.50339539920456,11.058682113663917],[119.49766100795865,11.057683243066924],[119.49579708695748,11.065558028649612],[119.50021612593547,11.067627047400464],[119.50550457879905,11.063337405352957],[119.50627605160797,11.074418231493302],[119.50174106702949,11.074690288812926],[119.50074668830165,11.08607433212125],[119.48246886785554,11.087987315881097],[119.47801422797049,11.094997018394455],[119.48583106993742,11.110577099736576],[119.4800921740166,11.111335137971256],[119.48311989118699,11.120610094018822],[119.48023036628453,11.119856473931007],[119.48482330278163,11.151145986056655],[119.48999582505411,11.151716738349275],[119.48650881241146,11.154909454954073],[119.47939651868442,11.153241789587204],[119.47463422628438,11.149612103485124],[119.47646247713821,11.147311198669005],[119.47112488665164,11.142432894482916],[119.45619142484442,11.156875961923319],[119.46382537531596,11.167631299835733],[119.46339729328568,11.178845965636778],[119.47631976621862,11.177838155340975],[119.48056482466657,11.175354460102135],[119.47041148138302,11.194385919590468],[119.46346422822226,11.205341917536874],[119.46382537531596,11.20979211004311],[119.45465750300687,11.222326648205607],[119.44000040024657,11.227258399649847],[119.43562158636524,11.235868956413],[119.43651785125627,11.239792930181636],[119.43940284621804,11.23765256951323],[119.4446110827198,11.228123463648755],[119.46258132204805,11.223057914134444],[119.46754870595811,11.214117445943222],[119.47589172114536,11.212690525600003],[119.48291034945854,11.227427844551864],[119.49250628745065,11.218380330872396],[119.50173221554888,11.221296574087958],[119.50504528674934,11.21277528153899],[119.51220216328845,11.228671953258479],[119.52451819601906,11.240140771768628],[119.52631970693649,11.244960995721204],[119.51989855722422,11.249567325529089],[119.52111591964243,11.251988539675546],[119.53481427518668,11.243913128032942],[119.53488560169738,11.254276099248761],[119.52599411621979,11.262231152950658],[119.52082607238243,11.260532184333446],[119.5170046360812,11.274631857284014],[119.52371106649058,11.271077969284352],[119.5315948109148,11.272638681140373],[119.53699033726892,11.266708038245236],[119.5360895630713,11.274605147542463],[119.53287455218354,11.278671875632256],[119.53499710460842,11.280723048928838],[119.53037744877075,11.286372680855743],[119.54296995759206,11.284548941936903],[119.54891835854728,11.286667017330803],[119.54414712753234,11.293707954872183],[119.53838153071267,11.290461720285013],[119.529525749318,11.303910358683687],[119.52247151203223,11.298068908335958],[119.51893094367041,11.296254049000083],[119.53031948310164,11.29201790111385],[119.51619303908157,11.289066019549013],[119.51643386348906,11.285859945432241],[119.50572754159225,11.288905477621034],[119.50307435934134,11.294327743207981],[119.49474920171589,11.294943102655365],[119.4951995861686,11.303339604593416],[119.48810967424592,11.308342733591587],[119.48889885612694,11.317091479001208],[119.48444423745508,11.321720029483922],[119.4672633549288,11.309631408459685],[119.46788762044304,11.306559049905601],[119.48229500145999,11.304833414998134],[119.47390738147777,11.296182735792007],[119.48108651799838,11.291415967224488],[119.47359973291074,11.28719320137236],[119.48129163600451,11.282216829969386],[119.47711352752421,11.276428891331014],[119.483414240588,11.277454508571942],[119.47991378982393,11.273815879943411],[119.4853985382686,11.268995553618478],[119.48311989118699,11.265945571892253],[119.46977828478074,11.274096822187433],[119.46964893597297,11.284651533379886],[119.44787074015159,11.3006017025288],[119.44874913145794,11.32008348648838],[119.45480457391182,11.323601720543914],[119.45815785631592,11.31950826615041],[119.46629574248861,11.321657546196462],[119.46030718524547,11.323731043427339],[119.45619585197934,11.333170989840328],[119.451455818327,11.347961817986313],[119.41546200453847,11.372723212278341],[119.34301938977534,11.29162549539787],[119.25880927949729,11.243208612164768],[119.21545789615107,11.213943547431287],[119.19745651391217,11.117359434396324]],[[119.48620110214218,11.289846341245882],[119.48271408639793,11.29402006319909],[119.48108651799838,11.291415967224488],[119.48620110214218,11.289846341245882]],[[119.42420176178426,11.22526963302577],[119.41590342436005,11.222745777888049],[119.41747300463614,11.211812065335643],[119.41387894019407,11.206456682948911],[119.41880627549071,11.200347758646016],[119.41669716185496,11.187523341389449],[119.4332180885383,11.193400415567158],[119.43248678537941,11.207745390406211],[119.42819267402844,11.208699659938222],[119.42269911918848,11.215089510840363],[119.43328946522992,11.220806109754589],[119.43630381438663,11.224168226363437],[119.43382452363086,11.225283063022264],[119.43340981369133,11.235044023099126],[119.42420176178426,11.22526963302577]]]]},"properties":{"rank":14,"site_id":"71275","name":"El Nido Managed Resource Protected Area","desig":"Managed Resource Protected Area","iucn_cat":"IV","status_yr":"1998","loss_ha":2218.7,"forest2000_ha":35184.0,"area_ha":91667.8,"rep_area_ha":91955.0,"pct_of_forest2000":6.31,"pct_of_pa":2.42,"lon":119.3718,"lat":11.1631}},{"type":"Feature","geometry":{"type":"Polygon","coordinates":[[[118.8212733726443,10.174602889588162],[118.82207156579315,10.1586705130824],[118.8282652721433,10.147103599598863],[118.84677496454702,10.141748258825775],[118.85168890045752,10.129298433820804],[118.85634417396477,10.122400166549939],[118.85358402511423,10.118886442488655],[118.85575559400586,10.107248150531516],[118.89672138273517,10.11619756981056],[118.89899553317083,10.11148427687246],[118.95849778381917,10.108006220408878],[118.99473240372062,10.123943045094133],[119.02662831609472,10.187743888771848],[119.02457715168575,10.1891395342516],[119.02930378391899,10.201848012526282],[118.98507843912061,10.227095438579887],[118.95741867068041,10.265880712468775],[118.93733932796462,10.262554171558493],[118.94760858593895,10.244619710571653],[118.9242562881257,10.204385229188015],[118.9088367682949,10.201384269934442],[118.88742856249783,10.203435460976259],[118.88192602101732,10.207577910167808],[118.84364018876859,10.174776818907187],[118.8212733726443,10.174602889588162]]]},"properties":{"rank":15,"site_id":"7289","name":"St. Paul Subterranean National Park","desig":"National Park","iucn_cat":"II","status_yr":"1999","loss_ha":1753.3,"forest2000_ha":20720.1,"area_ha":21818.1,"rep_area_ha":21909.0,"pct_of_forest2000":8.46,"pct_of_pa":8.036,"lon":118.9332,"lat":10.1695}},{"type":"Feature","geometry":{"type":"Polygon","coordinates":[[[124.45400982000587,7.446961862005182],[124.45941429175055,7.422258455659978],[124.45426844023098,7.415034681847872],[124.45938747535857,7.408109710178203],[124.45546348083803,7.396029975469564],[124.45837529862625,7.387316935031043],[124.46998235915386,7.3893279963160685],[124.48036757594996,7.3775916119707485],[124.49279511798889,7.384788568650088],[124.50544106879724,7.377631743064972],[124.51007411533818,7.365578759901093],[124.50756358542172,7.360134244270938],[124.50961477845433,7.343524062003763],[124.50763942487119,7.332380781980022],[124.51030154242748,7.311449763050224],[124.51575496579208,7.283272713443335],[124.53428257026167,7.271786090219427],[124.54376704395257,7.259193527400949],[124.56152766413754,7.250578609267152],[124.57619810723334,7.256723213833051],[124.58588329553011,7.251666586215653],[124.59256749093555,7.253200496233883],[124.59642461562174,7.277796957011612],[124.61512163650116,7.304377650413021],[124.6134004016727,7.317509697032522],[124.602167922892,7.325326519952588],[124.60047793448265,7.322191736066343],[124.59563979168036,7.326517086505196],[124.60211437753591,7.343987843257413],[124.60936491266517,7.369293222516877],[124.60150797830133,7.375959600909538],[124.61075612067128,7.390402594080481],[124.61065807645112,7.402370859693761],[124.60863357793215,7.417366761009313],[124.6163389696609,7.427578108420789],[124.61231239951844,7.444643107591195],[124.6149789263778,7.452589216334329],[124.6035190454323,7.481818602898164],[124.58187457638456,7.495615069826567],[124.57083826331463,7.498740898414862],[124.58507168312161,7.527479836601357],[124.58512076189692,7.547996142037507],[124.58273512974529,7.5670989462967],[124.5784811915146,7.570514612248421],[124.58108083572182,7.587258545659745],[124.57673321179682,7.592908250195539],[124.5798010868549,7.599891179581453],[124.57244358135125,7.623858830895647],[124.56636575784414,7.626369354100339],[124.5516953516093,7.641971736712386],[124.54843127395,7.660748955458535],[124.54551948700642,7.670527809034441],[124.54759294616683,7.679347897345986],[124.53991443602463,7.701540815740248],[124.50804516903857,7.693157717350974],[124.50852235356595,7.676115072313142],[124.49991623093503,7.663335304093532],[124.50161518396413,7.620394104212408],[124.50748334941102,7.6116899751424585],[124.50145909777967,7.595418673341939],[124.50157950231483,7.589100168728764],[124.49438698612826,7.589840376669488],[124.48996359309815,7.576828710097234],[124.48692241807568,7.571277126978964],[124.49117641428029,7.565105744623649],[124.48133966556706,7.544843596120133],[124.47744684455797,7.52512544316402],[124.46402498236304,7.496435593131952],[124.47362540630427,7.486362445903518],[124.46527351969193,7.457641403185851],[124.45400982000587,7.446961862005182]]]},"properties":{"rank":16,"site_id":"306536","name":"Libungan Watershed Forest Reserve","desig":"Watershed Forest Reserve","iucn_cat":"Not Assigned","status_yr":"1990","loss_ha":1392.9,"forest2000_ha":28427.2,"area_ha":52823.4,"rep_area_ha":52821.0,"pct_of_forest2000":4.9,"pct_of_pa":2.637,"lon":124.5402,"lat":7.4572}},{"type":"Feature","geometry":{"type":"MultiPolygon","coordinates":[[[[121.82432188690774,17.744979266556488],[121.81638915981077,17.710639713078635],[121.82201650998158,17.63526753720704],[121.8248257771474,17.607844095640473],[121.86324538876282,17.612147119027636],[121.87278333153627,17.637390113146193],[121.87248906688696,17.646807689055397],[121.88782392012745,17.653206525159742],[121.89283152409052,17.6499112084721],[121.89108352580293,17.629707060304547],[121.89124400690214,17.6249090519043],[121.90623111463165,17.60629227141623],[121.90051894929552,17.593178114169113],[121.88860871795251,17.591349891153474],[121.8842477524588,17.577120869256742],[121.90053683690545,17.56362316674293],[121.89925708398333,17.550437630457807],[121.90160253379344,17.54286160816839],[122.2364676628027,17.544105639456472],[122.2370562153693,17.54955027203099],[122.23184803151071,17.557848644943277],[122.22960060153193,17.56386840299378],[122.226568431022,17.563596408678677],[122.22429872695669,17.580483031632514],[122.21485881445159,17.595313990641348],[122.20900854782286,17.619562559103077],[122.21125589082462,17.64504634821533],[122.2103997327322,17.661157125393363],[122.2125446175077,17.667038659292253],[122.2037646218704,17.68410806121407],[122.21287008694414,17.697605790210165],[122.20853586813827,17.70330896918072],[122.20506668697763,17.702149605547625],[122.2068860187279,17.708392345312497],[122.19538598236782,17.72716519106675],[122.19606819958078,17.731896246074875],[122.18949550837212,17.739824551976138],[122.19333921809522,17.75361654818286],[122.18982988125228,17.767738523133843],[122.18422040236017,17.779100330706502],[122.18387700484504,17.79422556379211],[122.18841192870009,17.805837036785668],[122.19843150570017,17.810091099688222],[122.20306894530135,17.816864429594936],[122.19940362331764,17.823089348645002],[122.19506937945545,17.8213547508896],[122.1936870019078,17.827222907594077],[122.1978429139015,17.832226067996398],[121.91524737206613,17.831762283224894],[121.90952638329456,17.824881924068706],[121.91953262287777,17.815606996682455],[121.91881914947125,17.801195109556446],[121.9133745302191,17.79999566564199],[121.91042268420048,17.7986266677859],[121.90026930395153,17.806135810666625],[121.8869588731552,17.80691613950697],[121.87778206311619,17.80114166444318],[121.873037555413,17.80089196072041],[121.87193171637946,17.79710170137967],[121.86499330583193,17.802238620876295],[121.85456350527824,17.80082950236619],[121.85342195197644,17.79568814149625],[121.84028095104019,17.79299936443753],[121.83812273585738,17.784839201186404],[121.8360849863643,17.773026996262868],[121.83348974262276,17.76044790966751],[121.82432188690774,17.744979266556488]]]]},"properties":{"rank":17,"site_id":"71294","name":"Pe\u00f1ablanca Protected Landscape","desig":"Protected Landscape and Seascape","iucn_cat":"V","status_yr":"2018","loss_ha":1328.8,"forest2000_ha":93935.9,"area_ha":118721.4,"rep_area_ha":118654.0,"pct_of_forest2000":1.41,"pct_of_pa":1.119,"lon":122.0279,"lat":17.6865}},{"type":"Feature","geometry":{"type":"MultiPolygon","coordinates":[[[[123.09301637091178,10.377242286495717],[123.08094559843019,10.370986123324272],[123.08925292269606,10.369822335929113],[123.09444774674152,10.373367284872014],[123.09301637091178,10.377242286495717]]],[[[123.07803821768931,10.398587951918794],[123.0721611204388,10.394128865611483],[123.08409371205269,10.391230493676254],[123.08689403057781,10.3884747726686],[123.08326428124266,10.38689178878798],[123.08672009686245,10.380287800276532],[123.09348457061509,10.382321216615386],[123.09704295314866,10.379953367908145],[123.09301637091178,10.377242286495717],[123.09801502202731,10.376965798576949],[123.10561329370881,10.378615641400192],[123.10818623341723,10.372083091625926],[123.10925192030219,10.366397717837044],[123.11131648420519,10.36158633128882],[123.11424614410222,10.363017724266895],[123.12797569346269,10.351000435922693],[123.13569890890592,10.359967728731753],[123.13985477111976,10.360382411251297],[123.14156261113442,10.357198596101243],[123.13210038915153,10.341065549024261],[123.17891203898067,10.365051080999608],[123.16781331211531,10.376020496835],[123.18147156795253,10.398846618491122],[123.18973876188215,10.40487979081781],[123.18724162726367,10.409218449479358],[123.1897878171567,10.417169060039086],[123.19560695330684,10.413922864603416],[123.20355748378722,10.428553164114572],[123.2044850250146,10.436757870777873],[123.21139658926461,10.444641585492333],[123.20607683914982,10.446906796302587],[123.20949258380374,10.461479177612489],[123.22348074832315,10.461256219490503],[123.22389543019564,10.516932501172352],[123.24063940664834,10.518903472239272],[123.22419866037738,10.528530646296163],[123.22530003728258,10.532089015064608],[123.2155703350631,10.530207291363507],[123.21232405610603,10.528396904703186],[123.20248733191842,10.537359642484098],[123.20158652593503,10.534617336356911],[123.19127267094937,10.536606059685283],[123.17595565778866,10.54403491199878],[123.16405435255652,10.550291090813388],[123.16338987156344,10.547481802959322],[123.1556221617083,10.550384724679057],[123.15452969510801,10.554487086356598],[123.1447508315483,10.559017532204846],[123.1436405689905,10.55546363858947],[123.13321962046918,10.552141596765411],[123.13524850047445,10.527794919536623],[123.13298776051491,10.518943606122374],[123.12786868214289,10.523478517501687],[123.1174210026779,10.517311536271608],[123.12466704187992,10.512558132492899],[123.12252672145935,10.505731242381026],[123.11963721510686,10.50562873723546],[123.12400710040768,10.49135066643029],[123.11378688314083,10.498699281018327],[123.10048541079216,10.504308835776818],[123.08723288279545,10.50034463914082],[123.09166970493429,10.495956905146274],[123.10052549755261,10.494311483372153],[123.10648287861981,10.488398702459033],[123.10578727997179,10.485023228342303],[123.11407225859283,10.48501872902833],[123.11800520602198,10.479743638244553],[123.11089737796881,10.476537504826366],[123.1117446007164,10.471155398910184],[123.10146190934242,10.466321707279569],[123.10513622471953,10.460235081163674],[123.09329287855904,10.449002570664646],[123.09321699140851,10.443968238236593],[123.09760478677923,10.441252655757506],[123.08161887802312,10.442710791948873],[123.07998684106201,10.439870349246673],[123.08407139022991,10.434604134053309],[123.08275602499312,10.43096550700672],[123.08462436897818,10.426555485723812],[123.08267128674593,10.421168868003907],[123.06894170135878,10.417427714339365],[123.07440410765828,10.410426894521079],[123.08236358413109,10.411211725974994],[123.0758577333525,10.403626763277833],[123.07803821768931,10.398587951918794]],[[123.10129692846199,10.440757681202387],[123.09959354053991,10.443116589247207],[123.09760478677923,10.441252655757506],[123.10129692846199,10.440757681202387]]]]},"properties":{"rank":18,"site_id":"306453","name":"Mt. Kanlaon National Park","desig":"Natural Park","iucn_cat":"II","status_yr":"2001","loss_ha":1268.4,"forest2000_ha":14950.8,"area_ha":23577.8,"rep_area_ha":23560.0,"pct_of_forest2000":8.48,"pct_of_pa":5.38,"lon":123.1525,"lat":10.4529}},{"type":"Feature","geometry":{"type":"Polygon","coordinates":[[[125.67824263930024,9.300213262882048],[125.69069689701219,9.279371481615646],[125.70941623735136,9.26706881599885],[125.71191327394978,9.251368329764237],[125.7118196844053,9.242878205446083],[125.72366301611122,9.236211798574644],[125.72561166718823,9.218781167722668],[125.7258568908827,9.210728080038646],[125.7344495766337,9.201850020355417],[125.75120243934039,9.196659564111913],[125.75599599965992,9.18571249036911],[125.75861792986673,9.18304598518953],[125.76819612428743,9.192035507145489],[125.78396796207342,9.191264108203097],[125.7917356508233,9.197390901531906],[125.79949900048592,9.193386604217991],[125.80523785670597,9.181329167160897],[125.81888715815732,9.172455573357084],[125.82433616785009,9.162230865137253],[125.84131645825525,9.158373711147592],[125.8797092971202,9.178921297083127],[125.89661375848878,9.201078538384014],[125.89829925786019,9.208315693530862],[125.88993401423271,9.217211569860503],[125.88629095169355,9.241638503403992],[125.88315166781734,9.24803735496244],[125.89250686578342,9.244951648673917],[125.90302589691747,9.252380548253543],[125.90843036822521,9.247364019805087],[125.91180589626951,9.249968144583033],[125.92106742568562,9.2450497626408],[125.92714520555766,9.251417332715512],[125.92747067486127,9.263314227437519],[125.92304281382671,9.265610672113956],[125.91947550903011,9.263149260771833],[125.91098540811922,9.264790188209178],[125.91031205279462,9.26888813855431],[125.9000874009257,9.272892382968621],[125.89463837254345,9.281079290430858],[125.90471591480373,9.283059135802008],[125.918365254445,9.314897091234544],[125.91153838648256,9.318299434089916],[125.92639610574383,9.331756962510376],[125.91351817014166,9.336867106519403],[125.90840359951427,9.344394075009554],[125.91303661246513,9.351773891260956],[125.91062420773814,9.36315794227159],[125.90686072542547,9.366725249600353],[125.89779091797215,9.364941619755765],[125.8877089147302,9.370586815340044],[125.88167574294965,9.364928248329457],[125.87685101908829,9.375781681517225],[125.87521005510922,9.37230803737063],[125.86488719311892,9.37409170645486],[125.862666627965,9.385814619099163],[125.85056014024329,9.395669275500468],[125.831506428435,9.401987803842456],[125.82871056751232,9.41636393941538],[125.83360662942917,9.432862602555547],[125.81795076696018,9.430784679225503],[125.81828958688102,9.425384698239025],[125.80666476463448,9.409274001340142],[125.80497473081695,9.401555315774178],[125.79136999242849,9.389783255048359],[125.78491324698615,9.37156333815499],[125.78898442972329,9.359225009318648],[125.77692697184959,9.336818049443647],[125.7636120936771,9.335083437936907],[125.76250623026432,9.33025868880069],[125.75295483898121,9.327605581848545],[125.74335440149886,9.319311619509843],[125.73944825441662,9.308315483566284],[125.72141116748412,9.305519655076555],[125.70429716011586,9.309791477212842],[125.69219071090194,9.299633620393871],[125.67824263930024,9.300213262882048]]]},"properties":{"rank":19,"site_id":"555583095","name":"Alamio, Buayan, Carac-an, Panikian River and Sipangpang Falls Watershed Forest Reserve","desig":"Watershed Forest Reserve","iucn_cat":"Not Assigned","status_yr":"2009","loss_ha":1171.7,"forest2000_ha":42687.1,"area_ha":43276.2,"rep_area_ha":43346.0,"pct_of_forest2000":2.74,"pct_of_pa":2.708,"lon":125.8182,"lat":9.2812}},{"type":"Feature","geometry":{"type":"MultiPolygon","coordinates":[[[[126.121009081495,8.197887842035996],[126.16768697743733,8.151116304082578],[126.2134551367729,8.138653128037921],[126.21525220914477,8.133119381795789],[126.22366200358799,8.122872391170304],[126.22416143199464,8.111078094358005],[126.23406512676533,8.1081751816958],[126.257698345543,8.144516829585246],[126.23264716256595,8.18521064548958],[126.20559818734361,8.194601482987178],[126.19327771787553,8.20633785576482],[126.16026256388909,8.190503579397323],[126.121009081495,8.197887842035996]]]]},"properties":{"rank":20,"site_id":"555645336","name":"Pangasananan","desig":"Pangasananan","iucn_cat":"VI","status_yr":"0","loss_ha":1160.3,"forest2000_ha":6828.0,"area_ha":6905.4,"rep_area_ha":6996.0,"pct_of_forest2000":16.99,"pct_of_pa":16.803,"lon":126.2012,"lat":8.1644}},{"type":"Feature","geometry":{"type":"Polygon","coordinates":[[[125.7529504242953,8.815807734070823],[125.75894342666264,8.797654756036273],[125.75484555149913,8.768403053149814],[125.764593099431,8.745715189887045],[125.77688683527738,8.747975913845176],[125.77883102089864,8.759230731957942],[125.7949506581039,8.759110322980234],[125.81446818686305,8.779961030806918],[125.82325262090743,8.779073699544794],[125.82721673281249,8.78399205653529],[125.82662371814698,8.789757731877527],[125.83782941342689,8.808682157205295],[125.84968169411763,8.817328319111242],[125.8592241961079,8.848216514961946],[125.88307141906242,8.865468751624],[125.88707128355564,8.867078475440882],[125.88440470203838,8.876192907047061],[125.8733238732965,8.88703296212722],[125.87441189107454,8.90185056292831],[125.8817292153546,8.910541359029928],[125.88103365545653,8.925296545756067],[125.87214668139079,8.930192610268932],[125.86919023384426,8.937746355338733],[125.86249718836277,8.94564341708319],[125.84725595412266,8.943619013875415],[125.8312879091379,8.941536610934977],[125.82410431335227,8.93575758322278],[125.81644799036052,8.928145896312433],[125.81165890678494,8.92694637271318],[125.80840828443405,8.911491172646182],[125.8020495712288,8.904699969763687],[125.79768860245255,8.880259620729236],[125.78766002976859,8.875582054043623],[125.78107400313293,8.864215758395241],[125.76688062229427,8.864768694275858],[125.75365052378646,8.84596020997959],[125.74940543584653,8.841915788935278],[125.7493430443701,8.829635419416583],[125.74364872102883,8.819606941960009],[125.7529504242953,8.815807734070823]],[[125.77109896282815,8.791086500877304],[125.76698763881087,8.79081003474385],[125.76935987071035,8.787037678314569],[125.77109896282815,8.791086500877304]],[[125.77931705987677,8.766797811462999],[125.77641868479996,8.776986809069875],[125.76944015143042,8.783836031342613],[125.7648830097602,8.779305581781161],[125.76442811408101,8.76283810927537],[125.77931705987677,8.766797811462999]],[[125.7816179815311,8.796321513170412],[125.7773327497917,8.790225911974641],[125.77894701436651,8.781521754932314],[125.78628223740756,8.777428267020221],[125.79175355072428,8.796129786046103],[125.78704024263898,8.79841280076775],[125.7816179815311,8.796321513170412]],[[125.7809000591555,8.798747280809884],[125.78704024263898,8.79841280076775],[125.78861434595848,8.800361418698401],[125.78147085043814,8.804651099984698],[125.7821441374109,8.81375656351761],[125.77957569102239,8.816048552433948],[125.78252765697357,8.818634837589647],[125.77881769787643,8.82216200991587],[125.77195512882234,8.799893258476985],[125.77209336699646,8.793271452509453],[125.7809000591555,8.798747280809884]]]},"properties":{"rank":21,"site_id":"306540","name":"Andanan Watershed Forest Reserve","desig":"Watershed Forest Reserve","iucn_cat":"Not Assigned","status_yr":"1991","loss_ha":1152.4,"forest2000_ha":16020.2,"area_ha":17157.9,"rep_area_ha":17186.0,"pct_of_forest2000":7.19,"pct_of_pa":6.716,"lon":125.8168,"lat":8.8521}},{"type":"Feature","geometry":{"type":"MultiPolygon","coordinates":[[[[125.74846456053228,8.406159067597043],[125.78280859262193,8.422911878211316],[125.79738982078887,8.423188372290662],[125.81938660111264,8.394048180731005],[125.80857767333995,8.393134059144458],[125.81057535305538,8.371244336705175],[125.81205135633971,8.35889262745385],[125.80946506552631,8.351940893058647],[125.80977270803821,8.339705069816947],[125.82842513416902,8.319376033943653],[125.82928134789782,8.300982239674777],[125.85001613540643,8.296741657747265],[125.87874169065411,8.31939833139789],[125.89050027827393,8.319563354411114],[125.89916876588825,8.311849097225638],[125.89953442532061,8.300331224349383],[125.84002330166052,8.276051428395641],[125.84371991612603,8.261626228719818],[125.85709714015168,8.248998079674944],[125.85635253226515,8.214475673157542],[125.86457510666978,8.211840349148856],[125.86899851754974,8.199996987029007],[125.87432265122645,8.176149753058864],[125.882540777314,8.17328249973255],[125.89425489681854,8.180626651753903],[125.89430836069695,8.157345700761558],[125.89087038492374,8.157180714146904],[125.88799879073525,8.134764813587704],[125.89047358662407,8.128602337718618],[125.8819745392986,8.121334005424753],[125.90766787206523,8.124535656224959],[125.90865773563618,8.128468562508209],[125.90542490010036,8.130176386180654],[125.9143520152481,8.15215084918337],[125.91778106988124,8.151468606194292],[125.91618916987679,8.142487967605343],[125.92936137886375,8.134992231744869],[125.95380171291632,8.144249304973107],[125.92370276161672,8.147566866396824],[125.9230205384143,8.160511626089749],[125.94655564716666,8.161639784753572],[125.91979211615589,8.19202409201318],[125.91791489740521,8.202141788423893],[125.92527240108961,8.204027985845089],[125.92570044136761,8.230149430299916],[125.9383330634378,8.244735173375686],[125.97731455876355,8.269304809370954],[125.94495036980699,8.354232810825621],[125.95592424840689,8.356935047879263],[125.96271993063115,8.36689222509713],[125.95037713718762,8.38186146410921],[125.915025336025,8.392692586146847],[125.91614902076327,8.397923143512624],[125.91259960858591,8.396866341197617],[125.91290726555481,8.402408991147842],[125.91583688772266,8.401098002080216],[125.92187450980786,8.412308194278221],[125.92573609743326,8.411559035139897],[125.92592343696248,8.416914451711081],[125.93273243561917,8.411523353967079],[125.94180228901912,8.42170793167814],[125.94429492128343,8.420588693743571],[125.94722005072367,8.422332206494795],[125.94472742818077,8.424298731223125],[125.94809408681267,8.427500294648937],[125.93893953247738,8.431611629540729],[125.94267621919823,8.44630436356483],[125.93564428334354,8.449706638816217],[125.92994996538138,8.445211868972846],[125.92629794845493,8.455958350728766],[125.92104514971396,8.457947076107459],[125.9272343856106,8.462308067051866],[125.92642278522287,8.466107241982316],[125.92714520555766,8.470807131526612],[125.91719247544269,8.48248549332766],[125.87145544515596,8.457505596842209],[125.87230720103207,8.450883860266709],[125.8112843507861,8.421204115505283],[125.80583985482602,8.433444280025824],[125.78860984999213,8.43612421263289],[125.77278447098871,8.474258499381348],[125.75855104793968,8.473937424503898],[125.76062902568279,8.463543250922376],[125.74846456053228,8.406159067597043]]]]},"properties":{"rank":22,"site_id":"145492","name":"Agusan Marsh Wildlife Sanctuary","desig":"Wildlife Sanctuary","iucn_cat":"IV","status_yr":"2018","loss_ha":1098.1,"forest2000_ha":35581.2,"area_ha":40869.9,"rep_area_ha":40941.0,"pct_of_forest2000":3.09,"pct_of_pa":2.687,"lon":125.8854,"lat":8.3284}},{"type":"Feature","geometry":{"type":"Polygon","coordinates":[[[121.10130540315896,16.131917277802266],[121.10904641257503,16.11899928959538],[121.10899290319848,16.098621203898233],[121.12294536188973,16.093899039215167],[121.12823838423101,16.08847229868022],[121.14899549135369,16.090184545905913],[121.17957600769816,16.062118997116034],[121.17691388853352,16.052567625613598],[121.18110098668406,16.04873274211608],[121.17498758332772,16.035912829838306],[121.18045891105159,16.029433769746596],[121.18143984882603,16.019686211124828],[121.18773614741596,16.01235093900376],[121.17978554928992,15.997649296024056],[121.18479311633068,15.992160135633965],[121.20429280954373,15.989275108820445],[121.22210239201806,15.977083956321444],[121.22912106169711,15.965472437839262],[121.22962495597339,15.942766701344942],[121.25114008243598,15.932622203202381],[121.25506406112224,15.924105396046384],[121.27142452738713,15.91049620945052],[121.28048990528508,15.907914340586606],[121.29343468014689,15.893600639389724],[121.2945450139022,15.885360224346734],[121.31712583363075,15.865245214594646],[121.32444324940268,15.871358651834164],[121.33701787841146,15.866707815195937],[121.34751462258637,15.868433466557164],[121.35034172606174,15.873476727926626],[121.37181229957574,15.879594575070417],[121.37523690927563,15.896013016913276],[121.41328641842908,15.906050472143496],[121.4163274962485,15.911477143600406],[121.42281106022665,15.910282163804126],[121.43432884630356,15.897404293684362],[121.44894132941553,15.893159160443213],[121.46612223306391,15.898233652565501],[121.47966902532085,15.910888608359368],[121.48772657950158,15.920716407580745],[121.48760177804053,15.935141637149892],[121.50244610107464,15.933580960098444],[121.51209556428061,15.946432085054353],[121.5325360925517,15.955412664447312],[121.54334498370746,15.971461031772263],[121.54787546247938,15.981266588739171],[121.54774610982581,15.992329629816608],[121.53002114849835,16.011307544013505],[121.53612572493049,16.018379631973062],[121.52216424980736,16.039881420259462],[121.51639865013846,16.041990597396374],[121.50881372768045,16.051773854832973],[121.4827903693443,16.04092933760488],[121.47361801539193,16.040577104620798],[121.46393734238988,16.04450995968371],[121.46095417845322,16.04929903864744],[121.45216977630167,16.059648678909152],[121.44126721614212,16.059211692470804],[121.43746807035564,16.054806089090413],[121.39149475290853,16.04650324739189],[121.37504516310734,16.065512388219105],[121.35774378804969,16.06904400458749],[121.33696883536949,16.058533864223037],[121.32830037258283,16.060571717372746],[121.31849036157608,16.050547596284368],[121.31739343387893,16.04006425914162],[121.31341593743483,16.038356459576164],[121.30593800765685,16.0453259840721],[121.291325549599,16.07117542393764],[121.2827907790238,16.08073123922723],[121.28318321694321,16.095428493560735],[121.27883559515291,16.09837595377394],[121.27850111574963,16.12382402374473],[121.2643256834801,16.134383203234833],[121.26228780833364,16.143546665662818],[121.27118371507527,16.155224993288382],[121.26843695296813,16.170863110541006],[121.27510327143601,16.161356277188176],[121.29519153251532,16.155586211075686],[121.28410620480949,16.186175653269796],[121.28323673507182,16.21721539926315],[121.26617613925632,16.22746249009221],[121.25301738030002,16.22748921703051],[121.23935024464441,16.23950204678864],[121.23282208843723,16.24796094905221],[121.2226152259333,16.236915720723726],[121.2073606330208,16.231011871198223],[121.19757295371969,16.23874839210647],[121.18819985033772,16.23409760577724],[121.18827569228631,16.213001580892684],[121.17757380953644,16.202197196265352],[121.1750410630989,16.186300504925335],[121.15973743937775,16.175099196478765],[121.15175568895174,16.177030043078872],[121.12600881479926,16.16087913436391],[121.10130540315896,16.131917277802266]]]},"properties":{"rank":23,"site_id":"61479","name":"Casecnan River Watershed Forest Reserve","desig":"Protected Lanscape","iucn_cat":"V","status_yr":"2018","loss_ha":929.2,"forest2000_ha":75783.7,"area_ha":86244.4,"rep_area_ha":86247.0,"pct_of_forest2000":1.23,"pct_of_pa":1.077,"lon":121.3136,"lat":16.0322}},{"type":"Feature","geometry":{"type":"Polygon","coordinates":[[[120.29917107377004,13.44488082499968],[120.30937791694353,13.430665243976001],[120.30968114714868,13.420123894964554],[120.31569650472117,13.418099454590031],[120.33881251380785,13.389217865087597],[120.3468076208935,13.383135639987845],[120.35569014541687,13.383586069726746],[120.3554270457631,13.39393117650775],[120.37170277213129,13.379006556719192],[120.38985584859546,13.378114745118552],[120.38516035464947,13.381236079021077],[120.39262937535226,13.387443173409958],[120.38236450570118,13.395598876485817],[120.38310025664258,13.40255507130259],[120.38372897476314,13.41132161509168],[120.39937602858043,13.412084116359523],[120.3882906735416,13.420761540179841],[120.40516837959146,13.42006149515852],[120.42480625696817,13.430584952962613],[120.42278178187898,13.439119690509456],[120.43235553601762,13.429706523362235],[120.43475453367441,13.435744148210087],[120.43973532871289,13.435744128433578],[120.4326943469255,13.448885133318338],[120.43721141825317,13.453067761142153],[120.44157247516108,13.448153800529427],[120.44737822710545,13.454994053866209],[120.46167854349808,13.442972373154143],[120.45797306885788,13.511410647963812],[120.45283617036164,13.513033757454625],[120.44501488948926,13.52210802824486],[120.41499622009714,13.527004099402628],[120.39479203248897,13.525537039030734],[120.34583555215792,13.505167923206299],[120.34234405013054,13.496650981126642],[120.32688439279147,13.489975689203549],[120.32011989746049,13.478613941871721],[120.31369883695922,13.47625949632461],[120.31053733310688,13.454615082731218],[120.29917107377004,13.44488082499968]]]},"properties":{"rank":24,"site_id":"14729","name":"Mt. Calavite Wildlife Sanctuary","desig":"Wildlife Sanctuary","iucn_cat":"IV","status_yr":"2018","loss_ha":876.9,"forest2000_ha":12688.2,"area_ha":18150.5,"rep_area_ha":18173.0,"pct_of_forest2000":6.91,"pct_of_pa":4.831,"lon":120.3821,"lat":13.46}},{"type":"Feature","geometry":{"type":"Polygon","coordinates":[[[125.17122499487527,6.9618518046523405],[125.17710654678692,6.924274955566257],[125.18952514569229,6.9138629499336135],[125.20195715211807,6.909073855364734],[125.20216672373417,6.899745400788265],[125.21239592604203,6.87272769409096],[125.19696291827864,6.8579903994265505],[125.22170646947595,6.839859677214816],[125.22171544060551,6.835449614438605],[125.23379514970847,6.824212677035218],[125.27513544546734,6.8234591245173375],[125.28221650233736,6.8332691504477845],[125.30100267606586,6.834602433064657],[125.31968633761198,6.820333316445567],[125.33635443375216,6.799424560456385],[125.34746654578409,6.805243692667323],[125.34823345201725,6.823989777025276],[125.34080459942834,6.831481081042892],[125.3334426443165,6.853566975790121],[125.3381826535713,6.859007066134351],[125.34257486999147,6.857548937380493],[125.35174282936417,6.8630381004222025],[125.35713384544985,6.855319387569078],[125.37684311597093,6.855890179763311],[125.37803368902378,6.871336507775717],[125.38946237681644,6.87969730791319],[125.40122544736522,6.87885452331208],[125.4125158883086,6.863689109217235],[125.42960317447924,6.881806464668534],[125.42838583714007,6.888374747897626],[125.43321502022589,6.902273752679732],[125.42190678142721,6.920493619694357],[125.41238656810931,6.926624884435038],[125.40764658228834,6.943743377652255],[125.39214669049501,6.950182346035371],[125.38192646680626,6.943542735408795],[125.37358344981939,6.945772299474589],[125.37559453128286,6.965191654514661],[125.35827540331414,6.989056780390283],[125.35896654116542,6.993627363000195],[125.36669413216713,6.993729904643121],[125.37405611823615,7.012739056461525],[125.3715055343206,7.0200742357178045],[125.37611622776214,7.02290580322221],[125.37965679708515,7.033295531655048],[125.39580319620003,7.038896151132112],[125.38447706102419,7.038414532559549],[125.38504338408276,7.044532409731663],[125.37203612792554,7.043573722756493],[125.36968625843532,7.048295943224198],[125.38834309190915,7.062903935859865],[125.37283435517791,7.061423511538445],[125.36975312829317,7.060701150505756],[125.36814338242513,7.064692020587321],[125.38278702195839,7.08824945324977],[125.36702414098959,7.087130218996794],[125.34637406246867,7.073382828430323],[125.33900314567072,7.081400299982079],[125.33769663372416,7.098090727009354],[125.2849855862352,7.065204836673326],[125.27694583747356,7.065022008825063],[125.27049353195147,7.050043866764901],[125.25792330261507,7.048585726507394],[125.23899446501683,7.056322305191047],[125.2080170721121,7.045776507946751],[125.22024391085249,7.035935318814768],[125.21933428430478,7.030686943838394],[125.22530498830608,7.027436241855681],[125.2277441554645,7.019026395690829],[125.25386550025137,6.998759764755885],[125.24475562984371,6.987050133963461],[125.21421523751206,7.010759190397074],[125.21875457977602,7.016618479178454],[125.20001739452744,7.014437976239637],[125.19564308745174,7.003325886239992],[125.18319327604978,6.997239202744703],[125.17442663746654,6.997818873468154],[125.17732507311783,6.990421274670605],[125.17122499487527,6.9618518046523405]]]},"properties":{"rank":25,"site_id":"840","name":"Mt. Apo Natural Park","desig":"Natural Park","iucn_cat":"II","status_yr":"2018","loss_ha":746.9,"forest2000_ha":44393.5,"area_ha":54966.4,"rep_area_ha":55012.0,"pct_of_forest2000":1.68,"pct_of_pa":1.359,"lon":125.2957,"lat":6.9459}},{"type":"Feature","geometry":{"type":"Polygon","coordinates":[[[121.19042047902757,14.694182729625082],[121.2077128737564,14.678245904799855],[121.20540310942816,14.666839489156194],[121.22294968923183,14.64425863991145],[121.23300489639574,14.64578806935736],[121.23642063682588,14.659678216029727],[121.24617715481135,14.65728808583588],[121.2510420118603,14.66056110449693],[121.2642186299861,14.651107798927429],[121.26312617233009,14.656895732837123],[121.2591263164073,14.658318169733993],[121.26548501593882,14.665747072387283],[121.27498286910767,14.6598832934965],[121.26785725904611,14.656021715007707],[121.26428996988646,14.64303680498805],[121.26298794441001,14.647451369641097],[121.2607672814622,14.644066904406275],[121.25421690706618,14.644352238021844],[121.24264999486856,14.621842707274508],[121.261462885866,14.592818441396506],[121.26351413523376,14.583592584177394],[121.26958742607617,14.587730627569151],[121.26592204385261,14.58216566198363],[121.28295578645107,14.576025451093443],[121.29658276633563,14.571570829083655],[121.32117477120767,14.582607119792494],[121.31770554611583,14.593567574796465],[121.31937327267961,14.606521232234867],[121.31150739641501,14.646327661395699],[121.327421892459,14.662117344661501],[121.32343993667567,14.696140304791578],[121.313487247452,14.730872189848984],[121.29755488303209,14.764444752340294],[121.29479023046844,14.777741807559126],[121.32507197369556,14.789001014881462],[121.30256243088793,14.832825108341302],[121.260477459635,14.831121709209814],[121.25692356955318,14.82002747641964],[121.24696637810653,14.82215447285776],[121.2359122298432,14.805009247221209],[121.23682196324495,14.792773412512627],[121.24072362339027,14.789085732002505],[121.23970693163686,14.783913205145728],[121.2171795624638,14.76647370410008],[121.20889905769535,14.750808810946126],[121.19908450892568,14.74404435584306],[121.1987902547326,14.718707801395022],[121.19076831405131,14.720638536851382],[121.19042047902757,14.694182729625082]],[[121.25982638395698,14.637075044219241],[121.28510060000521,14.618079206449549],[121.29066111324788,14.62088845118262],[121.28523880193728,14.626466782714935],[121.28514521227017,14.638394898095083],[121.28189449653786,14.637043769075953],[121.26428996988646,14.64303680498805],[121.25982638395698,14.637075044219241]]]},"properties":{"rank":26,"site_id":"306416","name":"Marikina Watershed Reservation","desig":"Protected Landscape","iucn_cat":"V","status_yr":"2018","loss_ha":693.2,"forest2000_ha":19534.4,"area_ha":26123.1,"rep_area_ha":26126.0,"pct_of_forest2000":3.55,"pct_of_pa":2.654,"lon":121.2677,"lat":14.7078}},{"type":"Feature","geometry":{"type":"Polygon","coordinates":[[[126.12838892972756,8.208433635565818],[126.15510778651607,8.18488956973143],[126.17050066216228,8.17681415714383],[126.18897916627921,8.152257834935098],[126.21051664848133,8.146345104034854],[126.2349034088142,8.159298794782757],[126.235278008495,8.178834125561846],[126.2019685175444,8.18939328149513],[126.19578823623316,8.20326105508319],[126.17611910811468,8.201990197555265],[126.17074590913569,8.21125621985633],[126.15963378314211,8.214225993161548],[126.14671132311898,8.224450692843982],[126.12838892972756,8.208433635565818]]]},"properties":{"rank":27,"site_id":"555715055","name":"Tinuy-an Falls Protected Landscape","desig":"Protected Landscape","iucn_cat":"V","status_yr":"2018","loss_ha":680.2,"forest2000_ha":4269.5,"area_ha":4311.8,"rep_area_ha":4322.0,"pct_of_forest2000":15.93,"pct_of_pa":15.775,"lon":126.1861,"lat":8.1829}},{"type":"Feature","geometry":{"type":"MultiPolygon","coordinates":[[[[122.28360036194383,11.129568422485523],[122.31074736856112,11.127365585115506],[122.32988578679463,11.139940261227078],[122.3125667143673,11.168844192260838],[122.31249534940329,11.174435879948971],[122.32457056929657,11.172384724472787],[122.33617757522848,11.18851328040089],[122.3398073196338,11.188647075953124],[122.34036918335619,11.180049914919719],[122.33476407647542,11.176179416281501],[122.3348176105766,11.170453945887296],[122.34731643312503,11.163430832654333],[122.3546427376911,11.153741188623368],[122.38212864517568,11.161005084323417],[122.3894950615057,11.163479897865637],[122.39557732389045,11.162824409519372],[122.40361702947152,11.16809503742723],[122.4091330055402,11.164171068782538],[122.42462835600062,11.162744162171158],[122.42386136799246,11.16634264215196],[122.43137944054939,11.173022348139568],[122.44076586253708,11.174034593675458],[122.44681681947907,11.200320945320586],[122.3988191058419,11.190577822125267],[122.32363419017467,11.22415043602287],[122.28617769709388,11.182640609636316],[122.26054675970006,11.145273372236096],[122.28360036194383,11.129568422485523]]]]},"properties":{"rank":28,"site_id":"306457","name":"Jalaur River Watershed Forest Reserve","desig":"Watershed Forest Reserve","iucn_cat":"Not Assigned","status_yr":"1990","loss_ha":449.7,"forest2000_ha":7311.5,"area_ha":9469.1,"rep_area_ha":9463.0,"pct_of_forest2000":6.15,"pct_of_pa":4.75,"lon":122.3434,"lat":11.1758}},{"type":"Feature","geometry":{"type":"Polygon","coordinates":[[[122.10597202990631,18.2164846292948],[122.11235300362324,18.21148154082208],[122.1203125294032,18.21546797120224],[122.1309787055266,18.18894519353428],[122.13653030831406,18.18388854067112],[122.14719644090482,18.193930486957136],[122.1612158862023,18.193203676288064],[122.16073875139674,18.20316085167038],[122.1665801287455,18.20252315286772],[122.17655964869024,18.20836454609876],[122.18121942603427,18.222326051002028],[122.1741962941045,18.22217889867871],[122.17576141819632,18.232274298821295],[122.18877756877974,18.240474534631797],[122.19091794989369,18.247979228388747],[122.18339546700945,18.247707216823787],[122.18695377277328,18.255087088691127],[122.18033202170372,18.27061365941178],[122.1843987261347,18.278528530513608],[122.17890961315285,18.287473468109912],[122.17184189572171,18.289364163009232],[122.1683503930836,18.303829470354813],[122.16333394764943,18.302072568498687],[122.15076815986215,18.317786437704598],[122.14034723232194,18.323757248140645],[122.13439880944412,18.320247866675857],[122.12357213809199,18.320832072329917],[122.10628421462546,18.28454383192786],[122.10985148076311,18.227721538661832],[122.10500444222777,18.2224018013252],[122.10597202990631,18.2164846292948]]]},"properties":{"rank":29,"site_id":"306402","name":"Wangag Watershed Forest Reserve","desig":"Watershed Forest Reserve","iucn_cat":"Not Assigned","status_yr":"1987","loss_ha":435.8,"forest2000_ha":9257.1,"area_ha":9452.6,"rep_area_ha":6924.0,"pct_of_forest2000":4.71,"pct_of_pa":4.61,"lon":122.1442,"lat":18.2552}},{"type":"Feature","geometry":{"type":"Polygon","coordinates":[[[120.85285319009539,16.604894160301466],[120.86173571480977,16.60495656394113],[120.86799184901724,16.598022647679063],[120.86410796513915,16.573386157739566],[120.8853555963097,16.545614823005305],[120.92238395491437,16.539345386450716],[120.92605381820472,16.565654039900796],[120.94416666131345,16.594482124776608],[120.93301442487628,16.597068459541045],[120.9299331979171,16.5930507932885],[120.9431098907959,16.629579744563625],[120.93645684147008,16.651906483346874],[120.94069303004271,16.65687830968031],[120.93030332753466,16.658398921860503],[120.9174254492888,16.684796790715392],[120.8998789045778,16.702312134189324],[120.88099905650287,16.707966235084612],[120.85696891005006,16.706503718560047],[120.87949182973075,16.669493144650172],[120.87058702309491,16.640531271724424],[120.85285319009539,16.604894160301466]]]},"properties":{"rank":30,"site_id":"5215","name":"Mt. Pulag National Park","desig":"National Park","iucn_cat":"Not Assigned","status_yr":"1987","loss_ha":434.2,"forest2000_ha":10892.3,"area_ha":11596.4,"rep_area_ha":11602.0,"pct_of_forest2000":3.99,"pct_of_pa":3.744,"lon":120.8998,"lat":16.6214}},{"type":"Feature","geometry":{"type":"MultiPolygon","coordinates":[[[[125.68869479256206,8.597458952747274],[125.69100016349395,8.581798626797386],[125.7058444776786,8.581905602957601],[125.70388692632758,8.573058793899218],[125.76982364898079,8.57232744161092],[125.8182271662233,8.59715130953844],[125.8042701717842,8.609667970785233],[125.79418814943966,8.6474098034179],[125.76082516852232,8.66285170687543],[125.73514075733048,8.656029261602487],[125.70729817045442,8.625056348324195],[125.68738381508024,8.61302124158429],[125.69555285718155,8.605226736864722],[125.70087703616372,8.600000677897482],[125.69546816757328,8.596527006314878],[125.68869479256206,8.597458952747274]]]]},"properties":{"rank":31,"site_id":"555645495","name":"Inuyog No Banwa","desig":"Inuyog No Banwa","iucn_cat":"VI","status_yr":"0","loss_ha":397.6,"forest2000_ha":7084.2,"area_ha":9663.2,"rep_area_ha":9789.0,"pct_of_forest2000":5.61,"pct_of_pa":4.114,"lon":125.7514,"lat":8.6121}},{"type":"Feature","geometry":{"type":"Polygon","coordinates":[[[121.148264176861,15.0700447686479],[121.15249143950471,15.04798558878646],[121.16957420493293,15.045943334957267],[121.1672376556938,15.037618244675993],[121.17454611214015,15.014207949551526],[121.17931735701671,15.008357634748815],[121.1806016045345,14.992434126832206],[121.17426071045604,14.973291204667742],[121.17941548705438,14.96710642663337],[121.17211143724151,14.955214073933583],[121.1713757206004,14.943152164049526],[121.1589793599585,14.927478439942112],[121.15661603342672,14.91851115983772],[121.15406099053497,14.902088329513434],[121.15740532905205,14.898244568657441],[121.15757925131322,14.9092094729284],[121.16283202084999,14.902030341510864],[121.17721711010631,14.902859749191286],[121.19531218123298,14.907051267405864],[121.2039851142414,14.90061682605208],[121.2154315924715,14.900126279489557],[121.22298532799189,14.87569041052221],[121.22153164220448,14.853715989269885],[121.23649644788398,14.83950032823343],[121.23469496135061,14.825770753420967],[121.25692356955318,14.82002747641964],[121.260477459635,14.831121709209814],[121.30256243088793,14.832825108341302],[121.3051398401755,14.827808575574277],[121.33808809368857,14.814400084983593],[121.3120692435368,14.849774150846539],[121.31956057186572,14.880020229716003],[121.31456631894818,14.89639846004899],[121.29715358906815,14.920236860286765],[121.30585770233814,14.933636421005922],[121.30512639767575,14.937993009770917],[121.31259984051165,14.939339660239664],[121.32295835049266,14.951200845168165],[121.3281889265825,14.996830859703875],[121.30608063675031,15.005098009101447],[121.30163941356038,15.026185053225888],[121.3145039123502,15.028494932209648],[121.32247231124971,15.053011071786678],[121.32702061352899,15.087711759254859],[121.3309045307928,15.103296308828117],[121.33094912562427,15.13351121790462],[121.33653634815087,15.13672617961039],[121.3367102682438,15.151410058808807],[121.31988158067779,15.158789834252463],[121.30459576686034,15.191345774615222],[121.29149499729009,15.191827272013038],[121.27785904533754,15.203572577549194],[121.27658816514202,15.17632750913244],[121.25251349856904,15.164287900011365],[121.25457363642602,15.148551746291615],[121.24590956700453,15.135187785051087],[121.23310306930594,15.136534451543971],[121.22267768128287,15.149474795801657],[121.21569470684695,15.154749895920666],[121.21245290825524,15.133337267275296],[121.19571792824019,15.132235860868047],[121.19078168221952,15.127241673045829],[121.18382994414861,15.140043772296831],[121.17954926883623,15.130140143468513],[121.17892492343768,15.106667385629567],[121.15827485041947,15.100879474004623],[121.16096369297074,15.076831533007365],[121.148264176861,15.0700447686479]]]},"properties":{"rank":32,"site_id":"306405","name":"Angat (Metro Water District) Watershed Forest Reserve","desig":"Watershed Forest Reserve","iucn_cat":"Not Assigned","status_yr":"1968","loss_ha":389.0,"forest2000_ha":52318.5,"area_ha":54569.2,"rep_area_ha":54574.0,"pct_of_forest2000":0.74,"pct_of_pa":0.713,"lon":121.2514,"lat":15.0085}},{"type":"Feature","geometry":{"type":"MultiPolygon","coordinates":[[[[122.82714689380434,13.107853094027664],[122.95747310624415,13.115348806310406],[122.98498130708063,13.128039389173091],[123.00199275431487,13.131236580393178],[123.03732222477112,13.12537287974579],[123.08593979519742,13.055137557173637],[123.09696269094036,13.028338378801923],[123.11276124123646,13.01881823181907],[123.13494087607965,12.984719418677756],[123.14481329416965,12.964586581969675],[123.17235715461926,12.916660162865949],[123.18676006583372,12.905414294965826],[123.20887274082392,12.897597541122028],[123.23728166937985,12.901057796398849],[123.26672513000837,12.885410771416828],[123.2737794076196,12.856720944673382],[123.28263074204072,12.819491945171041],[123.30433765538626,12.788474375639762],[123.30716020203228,12.778231864869348],[123.31908832455407,12.773121746067691],[123.34173607918088,12.738273877782714],[123.36173520306964,12.71747211882234],[123.37473795281542,12.696309222279732],[123.6218791162881,12.668587039798586],[123.63500673867466,12.659124814475843],[123.64570858083752,12.644445428133189],[123.6753794362695,12.62976163550067],[123.69704177086699,12.614489188379935],[123.71259064993986,12.5960285016878],[123.72719417619611,12.546782237102757],[123.7540067368571,12.492354434467085],[123.78167549115959,12.394356741296003],[123.78446240318624,12.388756165107761],[123.80152297134424,12.38705273032831],[123.79980175104741,12.364841944506741],[123.79791995269284,12.362447458076462],[123.7935634556106,12.35767169920573],[123.78871194448938,12.365310206825352],[123.79383547635108,12.346519484523604],[123.7874901637272,12.345195163649736],[123.8054558642884,12.299739120128189],[123.81759799797693,12.287418567044718],[123.91230482200808,12.339402835152303],[123.90069334201252,12.372226234079232],[123.90073794542616,12.456802016542227],[124.00935719379919,12.473157999398634],[124.03371725128149,12.47214133299752],[124.0670133565332,12.463669041647035],[124.13312846319671,12.511791616038328],[124.13861762257166,12.536098229514607],[124.12074999302466,12.566758983304261],[124.09237670528643,12.570299514827218],[124.09184164983797,12.556244439629276],[124.08078307376802,12.55324345689037],[124.07923129937862,12.546215871056853],[124.03866686209412,12.539986520247451],[124.03765017139482,12.548525752674157],[124.03044427817314,12.544766721408932],[124.0250353614855,12.539001056470461],[124.01886842073013,12.544026489623537],[124.00600835578716,12.544039865139617],[123.97522276516936,12.564150430024823],[123.95353372911407,12.59668398486941],[123.94635004355816,12.620286063258776],[123.93786891418958,12.633351191841198],[123.9270644880176,12.63109934578006],[123.90999949543851,12.646068573394881],[123.88351244220068,12.662152509193396],[123.85564752504365,12.718912456312134],[123.8490034113799,12.83215129345954],[123.77577607159186,12.885887901112142],[123.76598833872428,12.888148706746426],[123.75877795970122,12.883381923896131],[123.75491641258314,12.862290383219191],[123.7466759783185,12.853256199724145],[123.73586269348144,12.851749052661175],[123.73045379063852,12.85802748896493],[123.73353950195627,12.867315796815033],[123.73070348249617,12.878111270410828],[123.7133843895617,12.881620533211144],[123.69304194191298,12.876844851746036],[123.68659404873685,12.898690027210034],[123.68865862062637,12.907492259839696],[123.7010148141726,12.915277849544237],[123.67551322977333,12.930082090522658],[123.6577481709172,12.916521940367646],[123.6513136432829,12.903969617873257],[123.65415411396862,12.884639393021583],[123.65132260497008,12.878615106939293],[123.64359048532282,12.887399535537838],[123.6017329056479,12.909217911879418],[123.56460642018101,12.946103620946534],[123.54367984694092,12.955623788475508],[123.53157786148483,12.951093358738342],[123.504631497063,12.974994127646161],[123.49302450298697,12.989544164598938],[123.47111247839025,13.00132514620682],[123.4466052436809,13.038045836540018],[123.41153444601139,13.050562538763707],[123.37643679667944,13.04297764326449],[123.35250487892645,13.023861400476424],[123.33139100673802,13.015045797334295],[123.32107711566796,13.017538391449573],[123.307601680604,13.056939026486615],[123.29986960441742,13.124200154799782],[123.30163538248627,13.14736959183118],[123.31808504910587,13.17526125628921],[123.31291691098032,13.18152636975533],[123.33044121076348,13.186328789730156],[123.33428940677682,13.197886754584603],[123.30790045269863,13.246664864823284],[123.2712243551792,13.273468565552474],[123.23826263572725,13.312343002715755],[123.04640987884716,13.26695604799356],[122.79278957067223,13.20074062893261],[122.7605190306888,13.173825463982665],[122.7500803183489,13.154080573380245],[122.82714689380434,13.107853094027664]]]]},"properties":{"rank":33,"site_id":"555715057","name":"Ticao-Burias Pass Protected Seascape","desig":"Protected Seascape","iucn_cat":"V","status_yr":"2018","loss_ha":387.8,"forest2000_ha":16334.2,"area_ha":414029.8,"rep_area_ha":414244.0,"pct_of_forest2000":2.37,"pct_of_pa":0.094,"lon":123.4762,"lat":12.858}},{"type":"Feature","geometry":{"type":"Polygon","coordinates":[[[120.86030876801364,14.019560837528521],[120.90718291420436,13.974604236057733],[120.90643375568007,13.946601051103007],[120.96468300122783,13.877569705990737],[121.00844462753021,13.858070042316031],[121.02159451367604,13.865632670964802],[121.04770698538631,13.8949468550268],[121.05227309039412,13.918936824625787],[121.10471662227172,13.938048470167988],[121.12890722946022,13.98432949266952],[121.16496354629905,13.998518357084896],[121.13189482644923,14.071201736384891],[121.05136789601204,14.1485270148074],[120.84867056491775,14.060482038718225],[120.86030876801364,14.019560837528521]]]},"properties":{"rank":34,"site_id":"7216","name":"Taal Volcano Island National Park","desig":"Protected Landscape","iucn_cat":"V","status_yr":"2018","loss_ha":382.1,"forest2000_ha":27480.9,"area_ha":62264.9,"rep_area_ha":62292.0,"pct_of_forest2000":1.39,"pct_of_pa":0.614,"lon":121.0086,"lat":14.0112}},{"type":"Feature","geometry":{"type":"Polygon","coordinates":[[[120.61785407255012,16.44900393853029],[120.62604992156878,16.43470812344723],[120.63887427178074,16.436910906551677],[120.64494757986053,16.430587868030397],[120.65128396460649,16.433316868564212],[120.66450518850878,16.419944050650578],[120.67887689345889,16.426770918232258],[120.69021194058271,16.413357941710373],[120.69576349597179,16.41281394135765],[120.70345993990931,16.395231691521005],[120.71203476027232,16.390085851423283],[120.72646442121071,16.388614335186073],[120.73190456047224,16.397947253378398],[120.74045708050531,16.403632590910018],[120.74856818458953,16.40023032726657],[120.75477524420833,16.40396705261445],[120.76809459492391,16.389421465936227],[120.77715102154924,16.385501941341825],[120.78029473012835,16.380886731454694],[120.77956338532735,16.366537343885103],[120.78960974960995,16.360905520398507],[120.79005122145728,16.35345437310008],[120.79730617727557,16.34767978967389],[120.7992235913512,16.338025880199275],[120.80273734162908,16.337490779604625],[120.80270166642433,16.319418063055803],[120.81488840113,16.318798205826713],[120.81893729096622,16.323141344649816],[120.83291207025464,16.323493630741506],[120.8356633537537,16.339109405890106],[120.85568472277873,16.355282587521604],[120.85579170239012,16.363745958465767],[120.8763392604274,16.391633209879732],[120.8820023165009,16.40349883155335],[120.87902360980875,16.418196054247257],[120.89269077858123,16.441521597099936],[120.8889139266837,16.4651949590815],[120.89316788044007,16.47073765115696],[120.88743798060926,16.48772235382745],[120.88473577072024,16.50282087038798],[120.89997253276591,16.51834746643512],[120.90380290650012,16.542471171204728],[120.8853555963097,16.545614823005305],[120.86410796513915,16.573386157739566],[120.86799184901724,16.598022647679063],[120.86606104877684,16.60332450295634],[120.85285319009539,16.604894160301466],[120.87058702309491,16.640531271724424],[120.87949182973075,16.669493144650172],[120.85696891005006,16.706503718560047],[120.88099905650287,16.707966235084612],[120.87864465258185,16.714387350029888],[120.87151450220932,16.71320569218336],[120.87144319160515,16.72666774786916],[120.88912353586252,16.739429662534924],[120.89830481920664,16.741935733172127],[120.90695546967112,16.746002380237513],[120.90498902457584,16.751718985079222],[120.9076198482412,16.768610077947862],[120.90995197586466,16.787873321139603],[120.90511382773617,16.794441622738898],[120.90487306699906,16.80185709673884],[120.90864995193154,16.826716589741785],[120.89917874913985,16.828192528784452],[120.87846629875227,16.82705989289717],[120.86917796330164,16.848597379289124],[120.86159746281506,16.834515564357933],[120.8505656264715,16.83480536332905],[120.83386629832258,16.81629117405732],[120.82318683038409,16.800572885303577],[120.81699310069774,16.785398557199635],[120.8070091757735,16.770705817575763],[120.80757995792978,16.756855862117312],[120.80132829469987,16.74397354154494],[120.80361580742908,16.73560374136115],[120.79951338354263,16.728968624620197],[120.769401086302,16.71399940076633],[120.78425436742444,16.68966612451559],[120.78442382789036,16.67496889731356],[120.78446845039562,16.670768460881003],[120.78108393242134,16.666518935425895],[120.78640368405866,16.654055742889152],[120.77440422226472,16.648753841692958],[120.77761033516144,16.640170114298748],[120.77093508479994,16.638051980213884],[120.77146123069542,16.60898311979075],[120.75822659449135,16.592587023719517],[120.7615173887713,16.588462385474088],[120.74629851078349,16.572779657840726],[120.73415195709421,16.564467946047],[120.72384245368066,16.548107456721617],[120.71251185778263,16.540803520280893],[120.71050529915846,16.535662174364738],[120.70694692262376,16.53341478022489],[120.70773623919698,16.527015954973667],[120.69444359933844,16.520345145909346],[120.69142037387593,16.50470256164532],[120.6738069240837,16.494058733881324],[120.65811532481797,16.49697501910383],[120.63267173153244,16.473702928719373],[120.62554159726128,16.461690143113564],[120.62175582901847,16.45980390996776],[120.61785407255012,16.44900393853029]]]},"properties":{"rank":35,"site_id":"306383","name":"Ambuklao-Binga & Upper Agno Watershed Forest Reserve","desig":"Resource Reserve","iucn_cat":"Ib","status_yr":"2000","loss_ha":370.3,"forest2000_ha":56379.4,"area_ha":77959.9,"rep_area_ha":78005.0,"pct_of_forest2000":0.66,"pct_of_pa":0.475,"lon":120.8024,"lat":16.5493}},{"type":"Feature","geometry":{"type":"MultiPolygon","coordinates":[[[[123.32826069534383,10.453617776369915],[123.33315680945842,10.453015771639935],[123.33680880162427,10.456204026669498],[123.32826069534383,10.453617776369915]]],[[[123.1512299157796,10.781990385909344],[123.14621345891344,10.781477633259428],[123.14760468073439,10.777825586441521],[123.1512299157796,10.781990385909344]]],[[[123.18170785914316,10.819491420051593],[123.1843788962952,10.814153885501407],[123.17565244955794,10.809806316223131],[123.17553202373733,10.805329339750116],[123.174372703213,10.80126267333769],[123.17805587439727,10.799162375508166],[123.17732458624266,10.795858182787189],[123.1673986498426,10.795657587067273],[123.1563668233533,10.79541677703769],[123.15896648896627,10.780576909978361],[123.1512299157796,10.781990385909344],[123.15591642383966,10.776452192851762],[123.15288874179704,10.771779033676193],[123.1398056908738,10.778017380588023],[123.13685825707212,10.771779106063594],[123.14438077402265,10.764430479816564],[123.15151535424569,10.756029483281866],[123.1562776015185,10.755605950832292],[123.16112471760987,10.750032017395448],[123.16664060424735,10.748310831150036],[123.16038000626742,10.735397274539709],[123.14693133698036,10.736320268379322],[123.15126560635754,10.72855697571995],[123.14599939003936,10.72533752922862],[123.13631869980011,10.728137839424424],[123.14170083985401,10.720000021465648],[123.12715075074556,10.718314469304898],[123.13609130916001,10.69680373348537],[123.14162061402241,10.693414832798023],[123.13783482418172,10.680322896693058],[123.13262212089057,10.681500132517915],[123.1370901079042,10.677709862025516],[123.14064846050742,10.678169174456428],[123.13984138560056,10.670008975752252],[123.13764750870449,10.671070278707354],[123.14095169106425,10.665523184068263],[123.14698041366879,10.659119846858326],[123.13635439579251,10.652248414950005],[123.13932861587784,10.645127216350504],[123.15014194749256,10.643793932077019],[123.1498832733448,10.641064985690353],[123.15260330732187,10.642737149716643],[123.15536796312806,10.639432919069506],[123.15280843930537,10.634915875266902],[123.14694026001644,10.626474797904041],[123.15442708807139,10.623420323304794],[123.14892012440978,10.61754322848229],[123.13674679343168,10.616566701915357],[123.12616086184987,10.60983788720085],[123.13078051563667,10.604607383133455],[123.13439684620377,10.605824713331709],[123.13315723629391,10.601686664105978],[123.13657732383642,10.599127099670861],[123.14234298735977,10.603733362105922],[123.14206206979276,10.597281064344774],[123.15660317503345,10.599367916396481],[123.15778483911105,10.5876984692502],[123.15824406627442,10.581897155685454],[123.1640231273692,10.585192431210283],[123.16987347309286,10.583542589737052],[123.1694542732563,10.576871736928174],[123.1743682429418,10.578343288212306],[123.17380633292595,10.581268461410259],[123.18072692534375,10.579636371916632],[123.18806212015244,10.582592778172684],[123.19137969893056,10.582418912521675],[123.18921253102731,10.577580756399596],[123.21395612600374,10.571939989972467],[123.21840180268985,10.5630663781777],[123.22745380318366,10.571583257947323],[123.23741993445826,10.563258145489721],[123.23965837850223,10.564319360205852],[123.2420886015874,10.557162499935355],[123.24811281114852,10.555356630945866],[123.25577358911309,10.568992524645518],[123.25843565915778,10.569179829371821],[123.27094792083635,10.55826396350102],[123.28193065376685,10.560502413586116],[123.28256828179398,10.55174024264414],[123.30048047320929,10.546955649098217],[123.31228376511714,10.546505303509107],[123.3039541541161,10.530260751128655],[123.30896173718011,10.526889690299086],[123.31160153553857,10.519153125701457],[123.32184852026424,10.522680308093237],[123.32142046726847,10.525373602525136],[123.32466670266037,10.520539922766215],[123.32200901823839,10.514109885653887],[123.31889656048436,10.500366972342652],[123.31835706676499,10.492318299548037],[123.31166397708961,10.48485819751156],[123.29442506953512,10.453983415274058],[123.29130367251315,10.427353635639147],[123.2805706465415,10.420205674818785],[123.27588857344499,10.395060811381784],[123.27299905178988,10.392947213756333],[123.29690429616323,10.389094588874832],[123.29419761830721,10.395212454972905],[123.31159708154438,10.408701217310531],[123.31009881479508,10.411354360173762],[123.32379272033434,10.417913744770928],[123.3267847817041,10.423282503573018],[123.3223256455317,10.42950291887371],[123.31843286500046,10.427906562138787],[123.3156726575411,10.429877504318515],[123.31996680297706,10.43593298789844],[123.3138533459951,10.435362160173582],[123.30978668724804,10.443352905954374],[123.32861746672432,10.43871989116582],[123.33214014948355,10.440762178296266],[123.3270968544475,10.448289152406769],[123.32826069534383,10.453617776369915],[123.33059278824194,10.461318638878952],[123.33056161639571,10.471003798032408],[123.33515447406033,10.473144130118015],[123.35309341185935,10.485540473537469],[123.35433750421458,10.494035037662544],[123.34892865512447,10.505129260305779],[123.3548904955918,10.50933422924753],[123.36032606347189,10.501290014954131],[123.3625868407616,10.51067191470513],[123.36911050579033,10.508081250224542],[123.36978830609726,10.514417590020766],[123.37401105385113,10.5175523136208],[123.37601326547616,10.524802830274373],[123.3749207038707,10.527950980212895],[123.38172085094139,10.53483134003372],[123.38306308840427,10.53205776720912],[123.38514993006333,10.542175481033771],[123.3888063728945,10.543321474167444],[123.38471736476485,10.554032248913874],[123.39255202434101,10.556649772393397],[123.39368460886472,10.563102048046732],[123.38749091849857,10.566513301057174],[123.39350625806843,10.572978935263459],[123.37874666952904,10.588848880005736],[123.38184572894423,10.591020504257319],[123.37744460171845,10.593695967746054],[123.38072652867166,10.594882042921816],[123.38348667418904,10.593588903185546],[123.38583215365352,10.600103692158232],[123.39120093300531,10.607465686561138],[123.39673466437327,10.61075203223171],[123.39644481056476,10.62576578098953],[123.41420985583639,10.653875967775237],[123.41539600335116,10.658357339598398],[123.38950200735032,10.669045828259286],[123.33331728866953,10.629796835973936],[123.3131131408182,10.641305753316537],[123.32328434246581,10.663868807688239],[123.32630313946773,10.662905667588648],[123.33398172457488,10.673282024520839],[123.33218022691544,10.688068363002998],[123.34220873936074,10.708031745330766],[123.32995068043623,10.731896884320175],[123.32596871185989,10.733488734178007],[123.32247278223348,10.749238340856094],[123.29739036792725,10.754638307986836],[123.28394171251593,10.755654972444452],[123.28434748346444,10.77069102900947],[123.27158107942633,10.76976358840104],[123.27426987951637,10.78681071494542],[123.2636617159298,10.793236238978123],[123.27880928335958,10.801815536185632],[123.28264410801422,10.811117234693999],[123.27761871502295,10.822077736804749],[123.26960121333384,10.844854827961539],[123.27572354347377,10.855008178297302],[123.26758128848607,10.859239838787724],[123.25704884133424,10.854892273303868],[123.24716305689999,10.85564582346251],[123.24593233098237,10.85966349268235],[123.21037548241947,10.85763457134375],[123.20680371096651,10.855106314296563],[123.19879959148466,10.85897681048802],[123.19691343494787,10.838108213331061],[123.19113888580834,10.82698716395808],[123.18330870622847,10.823540301248991],[123.18170785914316,10.819491420051593]],[[123.34079520453379,10.50878576235636],[123.34521418748156,10.509998629991017],[123.34070606586171,10.512344118551662],[123.34079520453379,10.50878576235636]],[[123.1843788962952,10.814153885501407],[123.1923071841066,10.80469169423743],[123.19766704438592,10.807674827962275],[123.18563638469968,10.816891774944096],[123.1843788962952,10.814153885501407]]]]},"properties":{"rank":36,"site_id":"555583089","name":"Bago River Watershed Forest Reserve","desig":"Natural Park","iucn_cat":"II","status_yr":"2018","loss_ha":327.7,"forest2000_ha":43340.4,"area_ha":70879.2,"rep_area_ha":70826.0,"pct_of_forest2000":0.76,"pct_of_pa":0.462,"lon":123.2607,"lat":10.6595}},{"type":"Feature","geometry":{"type":"Polygon","coordinates":[[[124.15518317656277,6.878867885780485],[124.15545072955622,6.872629615063241],[124.16473904575281,6.871465801855724],[124.16298662092385,6.86886170775195],[124.17045110130488,6.867720158166627],[124.1726138000345,6.870489253033407],[124.17868712174413,6.869164899487147],[124.20051884037763,6.860705987403549],[124.21450259524417,6.874600574614387],[124.21732069830976,6.8828722169694485],[124.19026293533635,6.906492053018994],[124.18138483001209,6.907388317346775],[124.18174598922208,6.889734731232043],[124.17212326585008,6.882399543155908],[124.17031734716889,6.8770797813609725],[124.16298662092385,6.880299265407752],[124.15518317656277,6.878867885780485]]]},"properties":{"rank":37,"site_id":"555583094","name":"South Upi Watershed Forest Reserve","desig":"Watershed Forest Reserve","iucn_cat":"Not Assigned","status_yr":"1987","loss_ha":313.0,"forest2000_ha":1368.5,"area_ha":1739.1,"rep_area_ha":1739.0,"pct_of_forest2000":22.87,"pct_of_pa":18.0,"lon":124.1905,"lat":6.8814}},{"type":"Feature","geometry":{"type":"MultiPolygon","coordinates":[[[[123.68081507047545,8.379230534989816],[123.68163552909378,8.37242595980367],[123.68452055819638,8.375253041732304],[123.68081507047545,8.379230534989816]]],[[[123.64942748785418,8.400268587700092],[123.65530458217687,8.405343082298376],[123.65203603788002,8.409240323046587],[123.64942748785418,8.400268587700092]]],[[[123.6161982767326,8.132758199992976],[123.61872655170922,8.130876501158573],[123.61831630502257,8.134425890326288],[123.6161982767326,8.132758199992976]]],[[[123.64263175722826,8.423745787613793],[123.64772412019093,8.438995912054665],[123.64300638958777,8.438108513469981],[123.64263175722826,8.423745787613793]]],[[[123.69549000832806,8.153314662122213],[123.70351189151594,8.161126994471834],[123.6959938434462,8.164426752338303],[123.6890198456487,8.160765818908263],[123.69549000832806,8.153314662122213]]],[[[123.68147060178835,8.133988908361161],[123.69338079852062,8.13674465679996],[123.69495486183021,8.140253939511899],[123.68830635237134,8.14592594842153],[123.68147060178835,8.133988908361161]]],[[[123.62826904348367,8.457452084873584],[123.63153755936985,8.466637865083218],[123.63145278956684,8.473830359745662],[123.62775622271366,8.467003502671895],[123.62826904348367,8.457452084873584]]],[[[123.71005781983072,8.338251439768309],[123.70754291911841,8.335130076431307],[123.71355821644607,8.331928419716363],[123.71883334200716,8.338095323480305],[123.70581279811442,8.346536451188971],[123.70291887046471,8.344034909930324],[123.71005781983072,8.338251439768309]]],[[[123.58906457930169,8.163673144236334],[123.59515125160212,8.156222033357693],[123.59796053672105,8.156944403142635],[123.59573538755863,8.149742915971647],[123.59942757274672,8.14217137624729],[123.60441279723909,8.140294089487218],[123.6059601709364,8.159325560192427],[123.5956953350769,8.162237294184937],[123.59726488434174,8.165091186536745],[123.58906457930169,8.163673144236334]]],[[[123.68095772976879,8.385219157528038],[123.68081507047545,8.379230534989816],[123.706316663011,8.41562131593608],[123.70436806329923,8.420062535028507],[123.70531336612261,8.426719988342619],[123.68804323809104,8.416981287355721],[123.6851315272753,8.424365578978652],[123.68122086392506,8.416258906026101],[123.67598585721217,8.41546970203084],[123.6674020806848,8.404745572239868],[123.66860162430177,8.39632231261386],[123.67176309970267,8.397441520144056],[123.66878440893016,8.393263340243832],[123.6699661004091,8.384028524850079],[123.67571386402295,8.3839482914763],[123.6775421234506,8.385629362076008],[123.68095772976879,8.385219157528038]],[[123.67595914985758,8.404415551792793],[123.67270838995876,8.404513657911751],[123.6743939832164,8.401806984573708],[123.67595914985758,8.404415551792793]],[[123.6841014691594,8.38953109560141],[123.68750821971446,8.399457064077586],[123.68254522638296,8.396032455801452],[123.67976269551806,8.387292602125868],[123.6841014691594,8.38953109560141]],[[123.69147680433457,8.401311994660817],[123.69466506418088,8.414105213275674],[123.68966636159325,8.4113806497481],[123.68804323809104,8.416981287355721],[123.68640234044959,8.41285216992863],[123.68118963598012,8.412013860850996],[123.67722991661746,8.406301802828418],[123.68916249246367,8.407991799722943],[123.68750821971446,8.399457064077586],[123.69147680433457,8.401311994660817]]],[[[123.71480680938934,8.358085483865375],[123.71843206115865,8.355583914434602],[123.7243804788518,8.356779008452321],[123.7438176773001,8.362067505713439],[123.74068293540702,8.36389125300325],[123.75172372714945,8.370392633858039],[123.74754548198929,8.364038382388582],[123.75018531983358,8.362045178812895],[123.76530612118216,8.36959441288108],[123.75491641258314,8.37146723951697],[123.75428765453496,8.37482939852093],[123.74442416658911,8.373808296669317],[123.719783189516,8.36438174809099],[123.73165772904176,8.376541692953726],[123.72518759301184,8.378677654197988],[123.71295178268512,8.374927518402448],[123.70368138634214,8.375181703628291],[123.70555860419698,8.372992264689499],[123.69944963914402,8.358888166865311],[123.71480680938934,8.358085483865375]]],[[[123.6982055332537,8.271222207944016],[123.68327651012672,8.262847995937292],[123.69363050400315,8.256128162561687],[123.6932738182436,8.249296822056017],[123.68415496454585,8.24428478515072],[123.68346378815251,8.233440281375396],[123.69295270605674,8.231741373810001],[123.70301696827988,8.222560034414867],[123.69297062148402,8.213793415298278],[123.6964665383063,8.209829304318355],[123.70509039084291,8.20858078596137],[123.70443937505239,8.202507468132177],[123.71427620846733,8.205463863736178],[123.7086175859827,8.210221706996535],[123.71496732815595,8.21523822600706],[123.73159087240737,8.218569158577603],[123.73620599973482,8.227656807266149],[123.7432960234416,8.227108355944708],[123.74747863673085,8.229074768743375],[123.7229490792059,8.241961598594235],[123.71741089811239,8.250086055758628],[123.71359838934545,8.252106051191245],[123.71208229822491,8.258825929809326],[123.70808251448409,8.25995852212404],[123.70948710263093,8.265750891226034],[123.70446615959635,8.270259035113826],[123.70596437583671,8.276265476243202],[123.71400864662968,8.274611096832828],[123.71448577102996,8.277567501849143],[123.7098572034505,8.27948935989308],[123.73054742516334,8.298449512107291],[123.73171128253583,8.311492361264095],[123.71407551583775,8.318435151222495],[123.70348510669903,8.284216048501117],[123.68549711711957,8.287257159890894],[123.68170242141024,8.283065620720473],[123.6982055332537,8.271222207944016]]],[[[123.54645340547792,8.402368849875684],[123.55313319619955,8.397972170645462],[123.56517724718542,8.400946358449666],[123.5732214245851,8.405873658416109],[123.58364679541664,8.403323122075982],[123.58607703877499,8.40494622448935],[123.57760918034272,8.391519857213495],[123.56088758859,8.384068665841264],[123.55601822820864,8.383034157899683],[123.55582651060898,8.274816230603156],[123.56549384026724,8.275779398065518],[123.5619488087245,8.254152789090332],[123.56558746823988,8.235750080209835],[123.56265334913112,8.232980978539198],[123.56968086792966,8.229467187362363],[123.56672005184325,8.226024762469034],[123.55880065283901,8.222742906803964],[123.55892999839936,8.184042321538028],[123.5758077377133,8.187025488469061],[123.57838953858959,8.173193310305665],[123.58121213357613,8.173318189187173],[123.58906457930169,8.163673144236334],[123.58498457293526,8.20425991085933],[123.58772241832423,8.205784906454253],[123.58572472824738,8.211042161210191],[123.59060298066804,8.210854911688127],[123.60014993807438,8.229168450297404],[123.59497293569615,8.22846836668431],[123.59328737260444,8.235388890960923],[123.59685915592117,8.235950703389014],[123.59104443480743,8.27070053842914],[123.58041838867348,8.271360439069605],[123.59250261090654,8.274521951307277],[123.58048082596667,8.28976761566981],[123.59768401850243,8.291876782515725],[123.59872749052258,8.29673722763318],[123.60819413043784,8.296879881829598],[123.60592447770597,8.314100901359643],[123.5871829009689,8.314310532186441],[123.58353533445553,8.323937676541629],[123.57830036487735,8.326965443651227],[123.58193002581994,8.330158183382734],[123.57599941488873,8.334608334173918],[123.57691799076115,8.343981369989447],[123.58296009131594,8.352324379458937],[123.57752888917736,8.354785790358456],[123.58116754806024,8.366098508538292],[123.5787329078465,8.377362205275505],[123.59892817332016,8.396844039739449],[123.60910829493959,8.398284311741387],[123.6132909158251,8.395073722909407],[123.62319902130358,8.413819806946886],[123.62600824016165,8.410707335402167],[123.63018200168757,8.406087726793656],[123.63675020081139,8.416816295079158],[123.63085086201505,8.413619151694853],[123.63283957298567,8.420437153724269],[123.62175429637122,8.419906458010223],[123.62025601759468,8.431830138599079],[123.62826904348367,8.457452084873584],[123.61947122386232,8.4414795959303],[123.61691615934697,8.451320865038467],[123.62047893812216,8.47055740042705],[123.6118818155224,8.459561246302954],[123.61379476461704,8.442808421718274],[123.6071685239903,8.44186313183009],[123.60796230046533,8.438674819653285],[123.59735856628268,8.438576734625677],[123.57356925441357,8.45945867167356],[123.55989760694719,8.463427335956405],[123.55574620098236,8.46733350037305],[123.55393579890672,8.462838733644272],[123.56329996345481,8.456172375236545],[123.57226719233383,8.455414320612151],[123.56663530929367,8.449706666943982],[123.56329543571759,8.450763496466202],[123.56582820105137,8.441426096081768],[123.56676908630806,8.426737847951571],[123.56175710311673,8.423438066878834],[123.57150019481811,8.423157189857198],[123.5751968281904,8.43480430698617],[123.58107393549109,8.427709924872776],[123.58290662384721,8.431228158578593],[123.58044520852813,8.440302371037824],[123.58592987989479,8.443356904517527],[123.60225910391607,8.42563197272186],[123.59161074682096,8.425939626382885],[123.59088396061601,8.415683740147673],[123.55950521664363,8.419821748963564],[123.55230820171069,8.41575954679998],[123.54938751319109,8.408437701010474],[123.54645340547792,8.402368849875684]]]]},"properties":{"rank":38,"site_id":"555715059","name":"Mt. Malindang National Park","desig":"Natural Park","iucn_cat":"Not Assigned","status_yr":"2018","loss_ha":299.5,"forest2000_ha":13264.5,"area_ha":17327.1,"rep_area_ha":17286.0,"pct_of_forest2000":2.26,"pct_of_pa":1.729,"lon":123.6227,"lat":8.3148}},{"type":"Feature","geometry":{"type":"Polygon","coordinates":[[[126.19270693834828,7.772293412332564],[126.19738453885265,7.747540943005839],[126.20222716419134,7.740477744250437],[126.20960696551936,7.712719813111303],[126.21693323129199,7.704403579702321],[126.245056773982,7.6892381804854235],[126.23749866416782,7.682433606488335],[126.24076268396652,7.676940001005735],[126.248873789828,7.679321176906887],[126.2511568731312,7.67684185180232],[126.25927242677619,7.679459402463292],[126.268703410549,7.682518343654664],[126.27085715179804,7.678933193253134],[126.28497024004918,7.700666863525816],[126.29238122891573,7.702945453214296],[126.29917246163323,7.712416622167108],[126.27971740508632,7.735091141489824],[126.29519937406977,7.76925673929245],[126.27531181501202,7.778826012269681],[126.23887200310058,7.788007264382471],[126.2265426143947,7.7924797573801],[126.2261145699987,7.796002436550373],[126.20771626465003,7.794686990167061],[126.20011349128858,7.791360503364569],[126.20206657644573,7.782362081915207],[126.19270693834828,7.772293412332564]]]},"properties":{"rank":39,"site_id":"555583080","name":"Aliwagwag Protected Landscape","desig":"Protected Landscape","iucn_cat":"V","status_yr":"2018","loss_ha":276.7,"forest2000_ha":10200.6,"area_ha":10236.3,"rep_area_ha":10261.0,"pct_of_forest2000":2.71,"pct_of_pa":2.704,"lon":126.2451,"lat":7.7396}},{"type":"Feature","geometry":{"type":"Polygon","coordinates":[[[121.71041857760653,20.335351335103507],[121.73172420497801,20.30910948052783],[121.7437281044802,20.27922911494818],[121.7694927658886,20.246169312647883],[121.80414441715334,20.222290838930082],[121.86157761928975,20.19749824833614],[121.91929178922184,20.22415918794363],[121.93348514298162,20.262262176067967],[121.95678395436617,20.300561380147137],[121.99119929406332,20.299451140771513],[122.02731349998561,20.349995036313626],[122.04693354348957,20.381899887745014],[122.0282588828645,20.41086616717384],[122.10138813235451,20.4652315331452],[122.00698448486139,20.69430006020826],[121.9892372533294,20.743354599609724],[121.9529848005326,20.77171005075122],[121.94961809916076,20.819908476329587],[121.9757350577749,20.902000519151674],[121.97166841996352,20.974777529855913],[121.99725021636348,21.050533166435567],[122.02217663184491,21.112322910568512],[122.0083980491973,21.150724697171864],[121.94604194000158,21.18098413959935],[121.89762059720461,21.161475612311516],[121.87888784368205,21.11823570111402],[121.8606144709839,21.062305205310157],[121.87975738312369,21.01728611342997],[121.87536514892193,20.982522974101286],[121.85098730554812,20.951951369267142],[121.83208965860564,20.903177719155945],[121.81147969243317,20.88366465202854],[121.76986284987416,20.82331072967503],[121.75049695482504,20.76854407387936],[121.71824880081365,20.719284394917736],[121.73308867526757,20.67053305845355],[121.92394263331832,20.518611439291565],[121.89005350601214,20.468147771468068],[121.89503426300529,20.440184823455322],[121.85970039310936,20.409345613602646],[121.84663519631084,20.418040937490545],[121.81491760238421,20.412582973064545],[121.80936158950746,20.398362911543508],[121.7824553204326,20.4022957871125],[121.72622606520228,20.376236856880578],[121.71041857760653,20.335351335103507]]]},"properties":{"rank":40,"site_id":"101391","name":"Batanes Protected Landscape & Seascape","desig":"Protected Landscape and Seascape","iucn_cat":"V","status_yr":"2001","loss_ha":265.1,"forest2000_ha":11771.6,"area_ha":210788.2,"rep_area_ha":210688.0,"pct_of_forest2000":2.25,"pct_of_pa":0.126,"lon":121.9037,"lat":20.6407}},{"type":"Feature","geometry":{"type":"Polygon","coordinates":[[[121.00003476194067,16.07072503594294],[121.00332108655647,16.045812038695672],[121.01013463351136,16.031641053588796],[121.0011183409261,16.0210105015192],[121.00128776412582,16.002268948438886],[121.03203326900315,15.957205284082212],[121.03821355527974,15.950351616558844],[121.02406925987421,15.922616040513603],[121.02771233977144,15.898090935232204],[121.05672775823483,15.874074224475713],[121.06939159871108,15.859002439895397],[121.06437954195236,15.83810268822344],[121.06813414347961,15.798702039002993],[121.07946021191547,15.783857741226345],[121.09527666449878,15.782083002557572],[121.1055013646673,15.7878174142816],[121.12066682304986,15.78293022144926],[121.13719225979223,15.795803643308416],[121.15223272992098,15.789725886855662],[121.19060335247916,15.789757103685481],[121.20156379864908,15.77264302727865],[121.19722959446673,15.760487531671632],[121.20519798123802,15.755671685481335],[121.2077352382122,15.745005588254934],[121.21736684967084,15.735833218315184],[121.21914606334973,15.718848449286392],[121.22937523640563,15.709248026609465],[121.24764861490203,15.710973693990757],[121.2505827470547,15.705542528381706],[121.26418300367938,15.71421991771537],[121.26813370328803,15.721720100830446],[121.28002167536773,15.717154011944027],[121.28977370815701,15.738749430695245],[121.28217990030394,15.74657958482408],[121.30014113164576,15.754012966086686],[121.3057373315454,15.764161814239538],[121.30337842313263,15.781302635821513],[121.32211116244956,15.789748177891235],[121.3440767201364,15.782613596817281],[121.34863386708152,15.792882896594598],[121.3704566825298,15.800209253579622],[121.36951588077994,15.813640032164821],[121.3795399486592,15.830299202314807],[121.3782155642922,15.840162788207655],[121.38586288666568,15.84971416516407],[121.37604846838121,15.877833262541728],[121.37181229957574,15.879594575070417],[121.35034172606174,15.873476727926626],[121.34751462258637,15.868433466557164],[121.33701787841146,15.866707815195937],[121.32444324940268,15.871358651834164],[121.31712583363075,15.865245214594646],[121.2945450139022,15.885360224346734],[121.2908037609171,15.897957180335629],[121.28048990528508,15.907914340586606],[121.27142452738713,15.91049620945052],[121.25506406112224,15.924105396046384],[121.25114008243598,15.932622203202381],[121.22962495597339,15.942766701344942],[121.22912106169711,15.965472437839262],[121.22210239201806,15.977083956321444],[121.20429280954373,15.989275108820445],[121.18479311633068,15.992160135633965],[121.17978554928992,15.997649296024056],[121.18773614741596,16.01235093900376],[121.18143984882603,16.019686211124828],[121.18045891105159,16.029433769746596],[121.17498758332772,16.035912829838306],[121.18110098668406,16.04873274211608],[121.17691388853352,16.052567625613598],[121.17957600769816,16.062118997116034],[121.14899549135369,16.090184545905913],[121.12823838423101,16.08847229868022],[121.12294536188973,16.093899039215167],[121.10899290319848,16.098621203898233],[121.10904641257503,16.11899928959538],[121.10145256333665,16.12806909698575],[121.0828714405184,16.13246574513584],[121.05207242264801,16.121741612430235],[121.0343698327423,16.132889380969154],[121.0126139020891,16.125344544199564],[121.0105136193393,16.117773060173093],[121.01483000122258,16.11373310087052],[121.00003476194067,16.07072503594294]]]},"properties":{"rank":41,"site_id":"306408","name":"Pantabangan-Caranglan Watershed Reservation","desig":"Watershed Reservation","iucn_cat":"Not Assigned","status_yr":"1969","loss_ha":240.3,"forest2000_ha":53053.8,"area_ha":94847.8,"rep_area_ha":94865.0,"pct_of_forest2000":0.45,"pct_of_pa":0.253,"lon":121.1621,"lat":15.9147}},{"type":"Feature","geometry":{"type":"Polygon","coordinates":[[[125.63438740360478,9.155827573730948],[125.63712084652467,9.132238947170851],[125.64027785404093,9.12785118204326],[125.66246190903075,9.122014219184651],[125.68085119925396,9.110697011930743],[125.69215061503391,9.107477553172744],[125.69729189178611,9.096267419952504],[125.71738461319497,9.09849696586645],[125.72536194320226,9.10447656142047],[125.72389041396106,9.13184657112509],[125.72957131695418,9.135592224337408],[125.73385653615642,9.160973402585103],[125.74160645599277,9.188802650185325],[125.7272303129605,9.202273571850359],[125.71845926972931,9.213693385486895],[125.72039454834864,9.220662901574348],[125.70652223751263,9.244001887925293],[125.70464946607969,9.263885019494271],[125.69726963624962,9.271871227159364],[125.68409293860333,9.27242864848697],[125.67773430704932,9.264174839585397],[125.66748726866767,9.262092446289184],[125.66091458688183,9.242369817119707],[125.64595426635627,9.225344989190887],[125.63635382686728,9.193038794410947],[125.64247618310017,9.175211341018509],[125.63438740360478,9.155827573730948]]]},"properties":{"rank":42,"site_id":"306541","name":"Cabadbaran Watershed","desig":"Watershed","iucn_cat":"Not Assigned","status_yr":"1991","loss_ha":230.0,"forest2000_ha":14285.5,"area_ha":15159.3,"rep_area_ha":15180.0,"pct_of_forest2000":1.61,"pct_of_pa":1.517,"lon":125.6864,"lat":9.1798}},{"type":"Feature","geometry":{"type":"Polygon","coordinates":[[[121.29064775638871,13.138014400439356],[121.30109541129383,13.130986899979268],[121.29696625406555,13.123740878835404],[121.30323133894241,13.110145064622461],[121.32747547766644,13.100406337987126],[121.32700726081366,13.095693120394118],[121.3230743398071,13.094957335888973],[121.32697601719926,13.093164783313727],[121.33545721749321,13.093561643070085],[121.33942584899785,13.09762390715659],[121.34730956766421,13.096674120932107],[121.35868468486201,13.08568241418018],[121.37099626170561,13.088527313912532],[121.40345408337129,13.17404395730906],[121.40419427813772,13.205971100756365],[121.39215913916435,13.213792420525124],[121.37974058520759,13.234130375295317],[121.35159025436846,13.249710452213264],[121.34691708281275,13.248390541131112],[121.34617687268596,13.243418643299949],[121.3281621341453,13.24801596462981],[121.3092912293253,13.227053744199427],[121.31259538905832,13.18729638518595],[121.30381993646603,13.165268426480456],[121.30285232351996,13.146580323082617],[121.29591835974647,13.151204447199936],[121.29027760491553,13.147360727367015],[121.29064775638871,13.138014400439356]]]},"properties":{"rank":43,"site_id":"7217","name":"Naujan Lake National Park","desig":"National Park","iucn_cat":"Not Assigned","status_yr":"1968","loss_ha":221.7,"forest2000_ha":5696.2,"area_ha":15326.0,"rep_area_ha":15326.0,"pct_of_forest2000":3.89,"pct_of_pa":1.446,"lon":121.3494,"lat":13.1686}},{"type":"Feature","geometry":{"type":"MultiPolygon","coordinates":[[[[119.86397616006121,12.308233687622463],[119.86746320859781,12.301567351767337],[119.87189558892933,12.29304155085305],[119.86733387057586,12.290861042879092],[119.87690755756017,12.289585686414132],[119.87979258119148,12.28962587000729],[119.8759979252516,12.283802301177737],[119.87501245403807,12.27916482837316],[119.86884998707347,12.276756872090575],[119.868974821171,12.268610118316065],[119.87028133475536,12.26633149098732],[119.88621814225897,12.27373808662716],[119.89261701044053,12.271994548138954],[119.89276856849186,12.274331152083153],[119.91555456855397,12.275646575820572],[119.9168165122564,12.273559685389955],[119.90828627373,12.269180876165581],[119.91231285820592,12.264534499929457],[119.91960344357642,12.264570136573209],[119.91961685784626,12.262278178591636],[119.9281827478767,12.272645592193133],[119.92545379375132,12.27660524364444],[119.9347331979825,12.278879441010659],[119.9386349395034,12.282067695407552],[119.93511219691753,12.290388346215886],[119.93091173578378,12.290736168298931],[119.92998428311034,12.293202014161407],[119.92294779215803,12.298856164701357],[119.92655962504983,12.317807397090805],[119.90906215703379,12.322306621978292],[119.90224418931533,12.325436876721703],[119.89130152895927,12.32937875624549],[119.88022072586566,12.32783144002532],[119.8713782527643,12.313392848996347],[119.86397616006121,12.308233687622463]]]]},"properties":{"rank":44,"site_id":"14747","name":"Calauit Island Game Preserve and Wildlife Sanctuary","desig":"Wildlife Sanctuary","iucn_cat":"Not Assigned","status_yr":"1976","loss_ha":204.6,"forest2000_ha":2875.7,"area_ha":3693.9,"rep_area_ha":3702.0,"pct_of_forest2000":7.12,"pct_of_pa":5.54,"lon":119.8995,"lat":12.2969}},{"type":"Feature","geometry":{"type":"MultiPolygon","coordinates":[[[[123.57599941488873,8.334608334173918],[123.58193002581994,8.330158183382734],[123.57830036487735,8.326965443651227],[123.58594320363338,8.317824293473818],[123.5871829009689,8.314310532186441],[123.60592447770597,8.314100901359643],[123.60819413043784,8.296879881829598],[123.59872749052258,8.29673722763318],[123.59768401850243,8.291876782515725],[123.58048082596667,8.28976761566981],[123.59250261090654,8.274521951307277],[123.58041838867348,8.271360439069605],[123.59104443480743,8.27070053842914],[123.59685915592117,8.235950703389014],[123.59328737260444,8.235388890960923],[123.59497293569615,8.22846836668431],[123.60014993807438,8.229168450297404],[123.59060298066804,8.210854911688127],[123.58572472824738,8.211042161210191],[123.58772241832423,8.205784906454253],[123.58580057120633,8.19898922110919],[123.58906457930169,8.163673144236334],[123.59726488434174,8.165091186536745],[123.5956953350769,8.162237294184937],[123.6059601709364,8.159325560192427],[123.60674490625371,8.137212863900302],[123.61831630502257,8.134425890326288],[123.62037639986761,8.126497600964742],[123.63065468624256,8.13185744517213],[123.64291275297691,8.1268677275086],[123.64497282225368,8.128914438082813],[123.65142067137694,8.125266904768587],[123.6513136432829,8.127987003508057],[123.66160527960125,8.12927562317789],[123.67063937118432,8.125347173659893],[123.67854093942847,8.135429204284339],[123.68147060178835,8.133988908361161],[123.69119143221671,8.152003671914114],[123.69549000832806,8.153314662122213],[123.6890198456487,8.160765818908263],[123.69260497546605,8.160533925363525],[123.69605628946589,8.169755342553042],[123.69359928019036,8.171338343731032],[123.69874961834782,8.174468670985142],[123.69263611429822,8.183971007280894],[123.69230169123084,8.1920062950923],[123.70378835473586,8.196434166163858],[123.70509039084291,8.20858078596137],[123.6964665383063,8.209829304318355],[123.69297062148402,8.213793415298278],[123.70301696827988,8.222560034414867],[123.69295270605674,8.231741373810001],[123.68346378815251,8.233440281375396],[123.68642017181105,8.244012784520148],[123.6932738182436,8.249296822056017],[123.69363050400315,8.256128162561687],[123.68327651012672,8.262847995937292],[123.6982055332537,8.271222207944016],[123.68170242141024,8.283065620720473],[123.68549711711957,8.287257159890894],[123.70348510669903,8.284216048501117],[123.71407551583775,8.318435151222495],[123.70967441357661,8.319804116552415],[123.71355821644607,8.331928419716363],[123.70754291911841,8.335130076431307],[123.71005781983072,8.338251439768309],[123.70291887046471,8.344034909930324],[123.70581279811442,8.346536451188971],[123.71027634789844,8.344583381532207],[123.70888064248943,8.350353405008311],[123.71480680938934,8.358085483865375],[123.69944963914402,8.358888166865311],[123.70555860419698,8.372992264689499],[123.70368138634214,8.375181703628291],[123.70794868215813,8.378329842163716],[123.69713535352561,8.383199180961753],[123.68163552909378,8.37242595980367],[123.67932575252114,8.382985100593588],[123.67657896331036,8.384742024622737],[123.6699661004091,8.384028524850079],[123.6658235443019,8.395185208288956],[123.66842771404033,8.396250963439334],[123.66498084521815,8.404883778282208],[123.66315256756936,8.400464811414563],[123.65484968804694,8.403287393259559],[123.64652012783367,8.400455848781519],[123.64669851701129,8.426942941068422],[123.63018200168757,8.406087726793656],[123.62319902130358,8.413819806946886],[123.6132909158251,8.395073722909407],[123.60910829493959,8.398284311741387],[123.59892817332016,8.396844039739449],[123.5787329078465,8.377362205275505],[123.58116754806024,8.366098508538292],[123.57752888917736,8.354785790358456],[123.58296009131594,8.352324379458937],[123.57691799076115,8.343981369989447],[123.57599941488873,8.334608334173918]]]]},"properties":{"rank":45,"site_id":"10326","name":"Mt. Malindang National Park","desig":"Natural Park","iucn_cat":"II","status_yr":"2018","loss_ha":200.3,"forest2000_ha":33861.3,"area_ha":35160.2,"rep_area_ha":35138.0,"pct_of_forest2000":0.59,"pct_of_pa":0.57,"lon":123.644,"lat":8.2717}},{"type":"Feature","geometry":{"type":"Polygon","coordinates":[[[124.11197001092714,13.658685777409504],[124.1301765426484,13.65734363291677],[124.15220447381972,13.625452154999927],[124.1717843883385,13.629554515829568],[124.17220355069357,13.636006819826154],[124.15275292378341,13.642570616421942],[124.1517050851996,13.647413201323156],[124.14522602493103,13.648211416678867],[124.14162750627959,13.65445412375831],[124.18077392794585,13.668005308944034],[124.20006850346753,13.655515390286633],[124.2091204528565,13.631240042016463],[124.2218155515498,13.634909894215825],[124.22503054269619,13.628355002396926],[124.244418725448,13.62847543604793],[124.25023781311039,13.619423464369246],[124.25665444832224,13.624506828918548],[124.2571851338818,13.633344725550817],[124.27243080285098,13.641375565740454],[124.27162367657562,13.650405225967846],[124.25778703721065,13.662168403309506],[124.26293285278722,13.66762182957247],[124.2593700770443,13.679260080374286],[124.26409673105509,13.68263118665726],[124.2623130949922,13.691700978087066],[124.25499564350454,13.692213796683946],[124.24956005267792,13.716230523459757],[124.2277283015701,13.72303952341846],[124.22839715204586,13.736630892041774],[124.2206338199528,13.745945942746356],[124.22434826579585,13.756487289259443],[124.2357100779189,13.756139461757394],[124.23933086889289,13.747792056719994],[124.25194563131704,13.758431422594663],[124.26077470362216,13.759920796036342],[124.26654474285789,13.769539072658638],[124.27430807864256,13.774172105574037],[124.27542730449619,13.760879459240304],[124.28080944646001,13.760001044383582],[124.28156300351375,13.737411231480944],[124.2879930700106,13.737081246111432],[124.28757834762403,13.727012625937219],[124.29659467089137,13.72163049737867],[124.29850313423069,13.715775692099909],[124.33659274170155,13.697377421114872],[124.34508732566395,13.70609942935809],[124.34655438267825,13.714567290558685],[124.34145761065382,13.718687468064061],[124.35903990314152,13.729108425079385],[124.36421687903453,13.74937501870941],[124.35211491855904,13.745954844265825],[124.35006370155466,13.765695310202947],[124.33444798094698,13.777065992557876],[124.33170117487052,13.797216734008478],[124.35719829027194,13.813416590769],[124.38748446873964,13.8143441456513],[124.38874645034089,13.818977149467205],[124.37368802313632,13.82912600076387],[124.37659093846413,13.843631461109005],[124.35229329037986,13.85765088510203],[124.35199007501062,13.846868802659316],[124.3487036790805,13.844590166849528],[124.35101351120848,13.830477123180646],[124.33726611372677,13.81944535592697],[124.33259298122582,13.819463181115257],[124.31600952839821,13.841919232545843],[124.29404849226628,13.832902913036008],[124.28447926869738,13.792253702571545],[124.2723148334703,13.790296196481366],[124.26312013579543,13.796672714610832],[124.25230684582736,13.796610276376782],[124.2438925433748,13.810656457924118],[124.24770947684894,13.839618287484122],[124.25521414557105,13.856776908322807],[124.25848270997986,13.878858370315099],[124.24967155746813,13.888784329190095],[124.24885108246933,13.894442972553716],[124.25682834802721,13.912805547425343],[124.250442929387,13.92293213101293],[124.24808410622128,13.938494389147102],[124.25229344869553,13.959590428513739],[124.24784328534707,13.97967421897498],[124.23064895154734,14.008453268825766],[124.19022280097778,14.01009863843668],[124.20370710684561,13.99532119554542],[124.21253168580242,13.973230802197346],[124.2021375063512,13.968254443810316],[124.19350917712623,13.972218580858161],[124.19977860000866,13.960121055876316],[124.17516886283173,13.949530653053287],[124.17966811592393,13.923636684057794],[124.17070978259832,13.907766742199843],[124.18726197291892,13.898393680048324],[124.15312752482151,13.86545877179319],[124.1522847764063,13.850757118169838],[124.15858542044082,13.829683429099369],[124.15388555026205,13.81552578070445],[124.1700542515249,13.792405302065232],[124.17025488324039,13.778412705740868],[124.17585558671634,13.764018683091235],[124.16913120408536,13.736969822783326],[124.15619540888346,13.716341954482887],[124.14475775361014,13.715387730051145],[124.13393106121276,13.702309228275272],[124.1153009353572,13.688646512946361],[124.10625790738044,13.67186246009847],[124.11197001092714,13.658685777409504]]]},"properties":{"rank":46,"site_id":"71274","name":"Catanduanes Watershed Forest Reserve","desig":"Natural Park","iucn_cat":"II","status_yr":"2018","loss_ha":199.2,"forest2000_ha":48642.9,"area_ha":48940.4,"rep_area_ha":48924.0,"pct_of_forest2000":0.41,"pct_of_pa":0.407,"lon":124.231,"lat":13.7912}},{"type":"Feature","geometry":{"type":"MultiPolygon","coordinates":[[[[122.02340291034238,7.0719068337908535],[122.03143817134982,7.051457385359174],[122.03484051526212,7.0407421856408465],[122.02996219926658,7.02122474738329],[122.032454896161,7.017608389789646],[122.02589107360134,7.012382294960245],[122.04252354135598,6.990002090786778],[122.05124555389345,6.987567422470681],[122.07325559524011,6.957276735369064],[122.08163878663025,6.983991223216066],[122.07940477712393,6.997127762692984],[122.08481807470268,7.002385007170941],[122.08398865142695,7.00614849383139],[122.09495805859014,7.016243864665832],[122.09529697205778,7.03665323750804],[122.09949741740428,7.041901556902945],[122.09638053457275,7.052746128073689],[122.08299876181036,7.058596463894571],[122.09812404112996,7.070270365182861],[122.10125430819612,7.082568578059309],[122.11155932411098,7.095544531442573],[122.11709303309553,7.102554279259135],[122.11338751686189,7.1157442651179155],[122.09602827609805,7.136358710210495],[122.09400831512295,7.15399890613994],[122.08993716104666,7.1615392667413795],[122.07777713742075,7.149004745720117],[122.04943955288245,7.149009150109762],[122.05383626794548,7.130753626783414],[122.04778969831635,7.087705455267297],[122.02340291034238,7.0719068337908535]]]]},"properties":{"rank":47,"site_id":"306506","name":"Pasonanca Watershed Forest Reserve","desig":"Natural Park","iucn_cat":"II","status_yr":"2018","loss_ha":191.8,"forest2000_ha":11867.6,"area_ha":12108.3,"rep_area_ha":12102.0,"pct_of_forest2000":1.62,"pct_of_pa":1.584,"lon":122.069,"lat":7.0645}},{"type":"Feature","geometry":{"type":"Polygon","coordinates":[[[124.9897618780478,6.356007078062749],[125.00063318872137,6.346986327865705],[125.00383480183062,6.347427775104628],[125.00715237728915,6.342629810480043],[125.02669666422851,6.340783748509789],[125.027258458519,6.32793260478116],[125.03535619931597,6.321493625392895],[125.04030582130495,6.318100282949243],[125.03579769003946,6.316330010497444],[125.0388967148943,6.311273417348864],[125.04520188332852,6.313618920964801],[125.04933547318063,6.318951944508622],[125.0565592520361,6.315362375495523],[125.05712109879302,6.322438996521911],[125.06838034326786,6.327049667329418],[125.0699276310256,6.321185957432684],[125.07806543606699,6.32227397215677],[125.08162825407692,6.316762582581608],[125.08577079907795,6.3226842336042015],[125.09260659592603,6.321132458110458],[125.093917562109,6.312727039852565],[125.11005952210861,6.318211732692469],[125.11005507250181,6.330723969771839],[125.11449633390363,6.3268088977211105],[125.12069004796196,6.341889609520798],[125.12428848896865,6.344578413384663],[125.12270107414273,6.347615096861554],[125.13171295238408,6.346482468420763],[125.13359017869165,6.363025697401185],[125.13709062379873,6.370775668098759],[125.12581795572646,6.379992609224382],[125.12284377566785,6.392567264038299],[125.10161844408346,6.400187906963311],[125.09785495567164,6.412423617436976],[125.10317023971056,6.414871663465378],[125.09205817066248,6.424949249181061],[125.08242651215176,6.426924669622741],[125.07077480118825,6.424686181453829],[125.0652856821301,6.431994675793788],[125.05751349880606,6.435062493776577],[125.04859529164908,6.42581436011917],[125.05023174783085,6.421502377853709],[125.03196729850791,6.421350751592025],[125.02906886447333,6.413507175266596],[125.01878173124662,6.407723758263125],[125.00480687917039,6.3961077717965145],[124.99680279481167,6.387448196539242],[125.00819132559892,6.38757757010709],[125.00664853318166,6.383426099724459],[124.99603583765122,6.382436189245962],[124.9937349243302,6.376848937111788],[124.99325336311678,6.371127893380633],[125.0024346679692,6.363850690249246],[124.9897618780478,6.356007078062749]]]},"properties":{"rank":48,"site_id":"101403","name":"Mt. Matutum Protected Landscape","desig":"Protected Landscape","iucn_cat":"V","status_yr":"2018","loss_ha":187.7,"forest2000_ha":8545.4,"area_ha":13939.5,"rep_area_ha":13947.0,"pct_of_forest2000":2.2,"pct_of_pa":1.347,"lon":125.0646,"lat":6.3706}},{"type":"Feature","geometry":{"type":"MultiPolygon","coordinates":[[[[125.26071473845495,7.050953565648136],[125.27049353195147,7.050043866764901],[125.27694583747356,7.065022008825063],[125.26479474648872,7.053192014656572],[125.26071473845495,7.050953565648136]]],[[[125.17562617306753,6.930923484984012],[125.1710154291297,6.926312742245271],[125.16587410774146,6.920752248958871],[125.17879652472315,6.917073462552911],[125.18674716426757,6.910037057424496],[125.18634580873187,6.905216727544125],[125.19874658972873,6.9037675123274065],[125.19325296361572,6.889797136461086],[125.20957326041966,6.873186987181303],[125.20409301349041,6.867876201542092],[125.20839653790303,6.868908731586558],[125.21239592604203,6.87272769409096],[125.20216672373417,6.899745400788265],[125.20195715211807,6.909073855364734],[125.18007635858932,6.919325362424278],[125.17562617306753,6.930923484984012]]],[[[125.19696291827864,6.8579903994265505],[125.1849144173592,6.849299622072255],[125.19605328812023,6.837902165071911],[125.20360704255853,6.838120612337644],[125.22789573122888,6.814072721474947],[125.23530676039367,6.803981741075252],[125.24791261260934,6.8044142867733175],[125.24982560257557,6.800744436557211],[125.25988533761274,6.800811329372676],[125.27301289524942,6.819240847813703],[125.28788401008877,6.819949844946792],[125.29218257460603,6.825612889332903],[125.30527450795559,6.8219296821188555],[125.33496323135606,6.789841954392945],[125.33635443375216,6.799424560456385],[125.31968633761198,6.820333316445567],[125.30100267606586,6.834602433064657],[125.27862246955317,6.830491104200065],[125.27513544546734,6.8234591245173375],[125.2306157480748,6.824141386350095],[125.22170646947595,6.839859677214816],[125.19696291827864,6.8579903994265505]]],[[[125.432037794681,6.892254133133281],[125.43919471578884,6.9073838641028305],[125.42393122793713,6.930187725209442],[125.41615450341872,6.932194319306066],[125.41015254190947,6.951671623440835],[125.39979410033911,6.950909126001585],[125.39369405081406,6.959278848925073],[125.38723274482159,6.951475441651839],[125.38387952235672,6.953450841778409],[125.38066900575241,6.94952239166897],[125.37963897286214,6.962926395785017],[125.38267556199918,6.962676743294415],[125.38259087910595,6.969494703905691],[125.38634094196065,6.969976281642442],[125.37803812424637,6.987656617303186],[125.36669413216713,6.993729904643121],[125.35896654116542,6.993627363000195],[125.35827540331414,6.989056780390283],[125.37559453128286,6.965191654514661],[125.37358344981939,6.945772299474589],[125.38192646680626,6.943542735408795],[125.39214669049501,6.950182346035371],[125.40764658228834,6.943743377652255],[125.41238656810931,6.926624884435038],[125.42190678142721,6.920493619694357],[125.43321502022589,6.902273752679732],[125.432037794681,6.892254133133281]]],[[[125.3376297377441,6.85431611293443],[125.35099370265416,6.857959175402821],[125.35865884868578,6.851225944485897],[125.38283162263532,6.8491390708278415],[125.38126648416441,6.8657938085579175],[125.38410252252343,6.871447976108391],[125.38888713138272,6.871216089232823],[125.3920932259706,6.8590204203857805],[125.4035263088415,6.862436157776346],[125.40426658970551,6.854610380110553],[125.41604752208215,6.856572424974187],[125.41993581471993,6.866868500875883],[125.42713728646125,6.872981872829442],[125.43678230210779,6.88252438717115],[125.432037794681,6.892254133133281],[125.42838583714007,6.888374747897626],[125.42960317447924,6.881806464668534],[125.4125158883086,6.863689109217235],[125.39749321752724,6.880647094917644],[125.38946237681644,6.87969730791319],[125.37803368902378,6.871336507775717],[125.37684311597093,6.855890179763311],[125.35713384544985,6.855319387569078],[125.35174282936417,6.8630381004222025],[125.34257486999147,6.857548937380493],[125.33573017059203,6.8563717402670195],[125.3376297377441,6.85431611293443]]],[[[125.15293374152922,6.9992992832656515],[125.16273489479224,7.00668803439961],[125.16957513274009,6.998456571461544],[125.17226400700068,6.990849330570759],[125.16322538364142,6.975028460854042],[125.16803673645168,6.966921776927271],[125.16740356700024,6.957513088483274],[125.16930314480166,6.953673809377122],[125.17267423914055,6.937924274193495],[125.17431514747605,6.935801729428834],[125.17258506206012,6.973958253441307],[125.17732507311783,6.990421274670605],[125.17442663746654,6.997818873468154],[125.18731342037023,6.998786514778511],[125.19926387076615,7.007348016160413],[125.20001739452744,7.014437976239637],[125.21875457977602,7.016618479178454],[125.22330733959745,7.022468806359367],[125.22530498830608,7.027436241855681],[125.21933428430478,7.030686943838394],[125.22024391085249,7.035935318814768],[125.2080170721121,7.045776507946751],[125.23899446501683,7.056322305191047],[125.25792330261507,7.048585726507394],[125.26071473845495,7.050953565648136],[125.23753631902824,7.062685429619657],[125.22085479464427,7.0603220846070975],[125.21732316008742,7.052206520969203],[125.18709492028702,7.041366468409361],[125.18296578982093,7.036773602863073],[125.18425453470095,7.032697978757185],[125.17612556201243,7.025487615465386],[125.160705955216,7.02941607369892],[125.15723679201813,7.023008325491439],[125.16254762562248,7.021947105267771],[125.16163350774796,7.012458105437769],[125.15293374152922,6.9992992832656515]]]]},"properties":{"rank":49,"site_id":"555715012","name":"Mt. Apo Natural Park","desig":"Natural Park","iucn_cat":"Not Assigned","status_yr":"2018","loss_ha":179.4,"forest2000_ha":7302.3,"area_ha":9092.0,"rep_area_ha":9099.0,"pct_of_forest2000":2.46,"pct_of_pa":1.973,"lon":125.2673,"lat":6.9242}},{"type":"Feature","geometry":{"type":"MultiPolygon","coordinates":[[[[121.68418568704952,18.108810677821026],[121.68365950008297,18.11545032252578],[121.68179564048877,18.110259922524328],[121.68418568704952,18.108810677821026]]],[[[121.68233071046153,18.105992584256146],[121.67141034332113,18.102781971395295],[121.671414867917,18.099067570106076],[121.68895692841107,18.096454517468363],[121.69249299074394,18.093092334785716],[121.68967926989738,18.080865512479953],[121.70805970570055,18.076424284370002],[121.70920570315275,18.08139615134213],[121.70688699246577,18.090871740247845],[121.7184360584578,18.091348889084102],[121.72303338362448,18.095143536910022],[121.72750137305766,18.09130428920972],[121.7208617690838,18.081226679647227],[121.71735251687278,18.080267976760997],[121.72066555721992,18.074863568036072],[121.73113553832694,18.071644095835445],[121.75048356447844,18.073369746774933],[121.75341766418792,18.0852844639338],[121.75069763593173,18.09244132756782],[121.74445044190244,18.097484609282926],[121.74373253921313,18.112467144319677],[121.73088142539856,18.12471629050267],[121.72914679796239,18.141562793665276],[121.73210763237128,18.14492050646591],[121.71882848962885,18.156888708931916],[121.70909419180714,18.16852255733121],[121.71507833281542,18.1745289451543],[121.71868576382293,18.17293699905013],[121.7258916684586,18.182185201775535],[121.72623058759615,18.18615380025589],[121.72435769217084,18.18952936935164],[121.70148697829937,18.18202024553688],[121.69508820162929,18.174546763297297],[121.696341244641,18.169574844315346],[121.68950988588868,18.163764690998317],[121.69575256670056,18.160219718988902],[121.69981035424348,18.161940866634193],[121.70974525297737,18.151974811657603],[121.71422220762581,18.143587225634544],[121.71603256159034,18.13813819830497],[121.71242965537016,18.13202474314869],[121.71410182944761,18.12384676192247],[121.72111599165852,18.12262947062958],[121.71209965355324,18.108391520395898],[121.70761826523736,18.106491971278682],[121.7058613585217,18.104686065254224],[121.70285599108688,18.103499901337507],[121.69859301593458,18.10862787325629],[121.69167697282326,18.103803110149784],[121.68802943967889,18.103401813758175],[121.68771728811065,18.099152275736195],[121.68240205293277,18.103464255010074],[121.68233071046153,18.105992584256146]]]]},"properties":{"rank":50,"site_id":"10325","name":"Magapit Game Refuge and Bird Sanctuary","desig":"Protected Landscape","iucn_cat":"V","status_yr":"2000","loss_ha":169.6,"forest2000_ha":2767.2,"area_ha":3852.2,"rep_area_ha":3851.0,"pct_of_forest2000":6.13,"pct_of_pa":4.403,"lon":121.7188,"lat":18.1171}},{"type":"Feature","geometry":{"type":"MultiPolygon","coordinates":[[[[123.77477727132431,10.472635783514221],[123.77716736767037,10.392880353214442],[123.78360185211835,10.392635045145495],[123.77918732242703,10.388795776766452],[123.77867899244156,10.376907806164471],[123.78174682910304,10.371079811976298],[123.77619526106967,10.363392319923888],[123.7800702451223,10.360186205175248],[123.78036003354268,10.347080925073207],[123.77791649225685,10.340209399906703],[123.78176464227275,10.340659807264307],[123.78150605267079,10.32535615577734],[123.77638252342888,10.31408800342637],[123.78298198109503,10.310690210966682],[123.79589111611564,10.314890652736898],[123.80121083796519,10.308273363078078],[123.80594189370188,10.295127956776707],[123.81535062852255,10.287048022531913],[123.82470133121154,10.287529631414545],[123.82299800528533,10.296996254122933],[123.82475934631286,10.307024779401855],[123.82270366425898,10.316473672823319],[123.83456039538348,10.340334306991886],[123.84630565292795,10.348048551738758],[123.84181983257974,10.356391488798852],[123.85202225247028,10.363994287981217],[123.85502770957171,10.369893691537994],[123.85192414125808,10.375538912953669],[123.85949568730611,10.399265790652919],[123.87133016435821,10.40530781939736],[123.8747591867886,10.420847854873925],[123.90255279233982,10.436793539721297],[123.90587485437784,10.445261382462874],[123.93390030256741,10.4552364188351],[123.93988884875195,10.451941127791471],[123.94739795286557,10.454241990831584],[123.96009306492378,10.445957004388116],[123.96642499114759,10.433007765695233],[123.97394748692494,10.431536303950038],[123.98661578904017,10.432089233732983],[123.99079394707934,10.44069975349986],[123.97722486684128,10.465643914578125],[123.96969796217854,10.46126958364001],[123.9648597859593,10.487591622700768],[123.97193638279634,10.50161548187741],[123.95840304256717,10.497419477302584],[123.91574729918707,10.507283005132365],[123.90593281852567,10.506141472188611],[123.90114371632882,10.511862547018492],[123.89403144351664,10.501303370573934],[123.88209447612653,10.505869501662822],[123.8828837040042,10.512727582241649],[123.87977128040171,10.512495702067556],[123.88068534276738,10.514760970833542],[123.87485735890161,10.519532151990758],[123.86525685834818,10.514288304755437],[123.85851916327762,10.524370341816827],[123.85607555127466,10.522096201321922],[123.85661070901944,10.526238674594781],[123.86044103312781,10.528882953600936],[123.8581936813623,10.529730125599782],[123.8610786954006,10.531754545262661],[123.850260918943,10.538028555515185],[123.83980430682513,10.532080084904692],[123.82820619599698,10.535085551441144],[123.82212400990797,10.527598715426302],[123.82018430538676,10.524365808126046],[123.82929420882681,10.522809655504561],[123.82295336433306,10.518444129051977],[123.8274659958144,10.511095534722063],[123.82445163584552,10.512348585094113],[123.82317631330206,10.50380049165799],[123.80277592535342,10.499947841661541],[123.80162548175016,10.497062761674188],[123.79686318728689,10.49949296012175],[123.79811168772932,10.503702382932074],[123.79446865437706,10.505847218342574],[123.78509564504927,10.491408649060862],[123.78144357854245,10.49314325008787],[123.78590274518503,10.481455933135113],[123.77477727132431,10.472635783514221]]]]},"properties":{"rank":51,"site_id":"7219","name":"Central Cebu National Park, Mananga River Watershed Forest Reserve, Buhisan Watershed Forest Reserve, Sudlon National Park","desig":"Protected Landscape","iucn_cat":"V","status_yr":"2007","loss_ha":168.8,"forest2000_ha":17072.3,"area_ha":28504.3,"rep_area_ha":28489.0,"pct_of_forest2000":0.99,"pct_of_pa":0.592,"lon":123.8494,"lat":10.4354}},{"type":"Feature","geometry":{"type":"Polygon","coordinates":[[[122.13291392699162,11.44329742731901],[122.146215447183,11.436167293695691],[122.16888102494376,11.40020019042963],[122.16895239932002,11.376308329424848],[122.18146912085591,11.373320752367311],[122.18424266037054,11.363171838455646],[122.25249809042005,11.364835060139301],[122.25033098395608,11.406973567705528],[122.24605030437286,11.412074763496836],[122.24285309876707,11.436702390640752],[122.24535014210498,11.443752232191422],[122.24518074871408,11.447158949831646],[122.2472318881126,11.456527551702514],[122.24479729717356,11.459372419520545],[122.2492608301577,11.470457785441269],[122.23841630561644,11.478078340221268],[122.23735944982086,11.474114233321952],[122.23496047215139,11.479598904974765],[122.24524315683674,11.486987656996984],[122.2600206496026,11.479750532373888],[122.26320444578181,11.49597717504243],[122.26161697334548,11.502755052117516],[122.25747003035227,11.507512938424034],[122.25844213063739,11.526954614741975],[122.25388490120729,11.540639572609422],[122.25031765470432,11.530187395970637],[122.24640250442533,11.529500756168355],[122.2506341807072,11.542494591292677],[122.25660048121502,11.545366226964745],[122.25597179112779,11.549820825991107],[122.25990026444637,11.560924036652453],[122.22200230916152,11.576156291719856],[122.15056309699857,11.53476690557778],[122.14168498226385,11.493172438809044],[122.12919508929413,11.4725089579129],[122.12585965478898,11.45358896045815],[122.13291392699162,11.44329742731901]]]},"properties":{"rank":52,"site_id":"317292","name":"Aklan River Watershed Forest Reserve","desig":"Watershed Forest Reserve","iucn_cat":"Not Assigned","status_yr":"1990","loss_ha":162.7,"forest2000_ha":22246.6,"area_ha":24146.1,"rep_area_ha":24132.0,"pct_of_forest2000":0.73,"pct_of_pa":0.674,"lon":122.2012,"lat":11.4685}},{"type":"Feature","geometry":{"type":"Polygon","coordinates":[[[122.91160678842218,13.889292654105615],[122.91717620865916,13.879375632603345],[122.91569128375491,13.87404253123953],[122.95958226261943,13.87536692905265],[122.96136137739798,13.90415932036098],[122.96136137739798,13.911574823126662],[122.98522649053352,13.917304783342848],[122.98521763884558,13.935020738919425],[122.98351870178008,13.940483133283905],[122.98055784653079,13.956263958894587],[122.95242981050103,13.962399612636565],[122.94798410289019,13.96239964954771],[122.94798410289019,13.96687655015754],[122.93664013264764,13.971322321271293],[122.92635298156708,13.970787241052905],[122.92545223913444,13.965547787788951],[122.9305802145792,13.960299403111474],[122.92926032512618,13.955728871359131],[122.92513123751209,13.957998549070112],[122.92661610861629,13.951639859446285],[122.92099759410716,13.93809758948824],[122.92887243769528,13.922107189498579],[122.93215434273698,13.92006936493319],[122.92348579784087,13.906437925933293],[122.9183801624453,13.904342111983402],[122.92048033923356,13.901434803782278],[122.92444451588277,13.902999976820256],[122.92148810233212,13.896404921815472],[122.92222386017038,13.892458688035383],[122.91529887188611,13.893016034047678],[122.91515172778946,13.889346161624937],[122.91160678842218,13.889292654105615]]]},"properties":{"rank":53,"site_id":"5211","name":"Bicol National Park","desig":"Natural Park","iucn_cat":"II","status_yr":"2018","loss_ha":149.8,"forest2000_ha":5095.8,"area_ha":5470.7,"rep_area_ha":5466.0,"pct_of_forest2000":2.94,"pct_of_pa":2.739,"lon":122.9482,"lat":13.9224}},{"type":"Feature","geometry":{"type":"Polygon","coordinates":[[[121.15074793580898,14.855089376319118],[121.15186266935723,14.842523648763263],[121.16700135029349,14.825427447109229],[121.20818558406937,14.81396306377018],[121.2151105606931,14.818390971092292],[121.22426508428819,14.818720986568298],[121.23288008392151,14.82907050845647],[121.23589441241397,14.841685363174182],[121.22132654196598,14.85684623571381],[121.22310569607755,14.879449444969005],[121.2154315924715,14.900126279489557],[121.2039851142414,14.90061682605208],[121.19531218123298,14.907051267405864],[121.17645905472331,14.9002912960425],[121.16669810266072,14.88956714985713],[121.1605935721463,14.886789161182893],[121.15951894799518,14.88435448114201],[121.15496619552049,14.881161721543158],[121.15761936701479,14.873050643008852],[121.15023059591032,14.872381786108358],[121.1440636859171,14.857617670171296],[121.15074793580898,14.855089376319118]]]},"properties":{"rank":54,"site_id":"306406","name":"Angat Watershed and Forest Range (Pilot)","desig":"Watershed and Forest Range","iucn_cat":"Not Assigned","status_yr":"1968","loss_ha":146.7,"forest2000_ha":6430.9,"area_ha":6670.5,"rep_area_ha":6672.0,"pct_of_forest2000":2.28,"pct_of_pa":2.199,"lon":121.1916,"lat":14.8582}},{"type":"Feature","geometry":{"type":"MultiPolygon","coordinates":[[[[124.12460263738875,9.884823709953627],[124.12678757788191,9.87783183743053],[124.12900821197002,9.881960968609329],[124.12460263738875,9.884823709953627]]],[[[124.11600993944441,9.78595653838836],[124.11222418899312,9.782019189071438],[124.116643189446,9.781742716119169],[124.11600993944441,9.78595653838836]]],[[[124.10829568661785,9.769725409962787],[124.11120747244644,9.770166878277028],[124.11034242212952,9.773488916692529],[124.10829568661785,9.769725409962787]]],[[[124.14083822061204,9.919564614884917],[124.14581908588386,9.91752234199489],[124.15255675207757,9.926587672407681],[124.13867560875538,9.930096974906725],[124.14083822061204,9.919564614884917]]],[[[124.12730043516756,9.759522983939455],[124.12768792211945,9.76594802023644],[124.12549896865772,9.763317704544539],[124.12388469986216,9.760486168622181],[124.12730043516756,9.759522983939455]]],[[[124.11220635493895,9.77490241017386],[124.11309372225803,9.778434031513044],[124.11222418899312,9.782019189071438],[124.10910725250889,9.781604468139493],[124.11220635493895,9.77490241017386]]],[[[124.09494074841918,9.943193391127396],[124.10119680776556,9.946091797379369],[124.10009095510306,9.950729241004383],[124.0915161470265,9.952709054558012],[124.09494074841918,9.943193391127396]]],[[[124.12285911345832,9.765083472573105],[124.1214857027512,9.7707197874477],[124.11776242696634,9.770586049359942],[124.11761076175219,9.773997236617564],[124.11418616826597,9.766113543710281],[124.11732543344861,9.765172675314348],[124.11832424841084,9.761569719820445],[124.12285911345832,9.765083472573105]]],[[[124.0535246174705,9.912786771067223],[124.07889241333251,9.927582061947263],[124.08681618770096,9.918793141678746],[124.0750308580885,9.912737742038026],[124.07579777893795,9.910075604536726],[124.07183362806084,9.909130289849665],[124.0736038770068,9.88307129336863],[124.08231698168447,9.870501101456348],[124.1030205858193,9.882625402636407],[124.10969587951736,9.87742165392677],[124.12000977672591,9.884716716391827],[124.12286361390426,9.882442589158106],[124.12460263738875,9.884823709953627],[124.12588242862003,9.895958091929813],[124.12118696999894,9.901951110389225],[124.13374384841273,9.908925197556492],[124.13614727468978,9.907944197171412],[124.14383920128736,9.901741533048165],[124.15082217157897,9.911020940913488],[124.14705867765548,9.912055493255915],[124.14300086557083,9.911872642949128],[124.14083822061204,9.919564614884917],[124.13136710362066,9.91620688513165],[124.11898414638006,9.91429390534941],[124.11556852157447,9.920130886850393],[124.09943100434093,9.916880253939828],[124.1005502847911,9.923796303460916],[124.10564700630387,9.925811758768116],[124.10337288594035,9.935706540198227],[124.11033800598655,9.941378547683666],[124.1001979736926,9.94145880865789],[124.09720590712611,9.935742217443252],[124.09402211478745,9.939091001257156],[124.09494074841918,9.943193391127396],[124.09012484717651,9.943144326804738],[124.08200486716612,9.950350193237407],[124.0725961579346,9.941583636017246],[124.07120490780564,9.937610555164577],[124.06769563425584,9.943857745273784],[124.06668334639137,9.93537214035659],[124.07319810596421,9.927863003689835],[124.05792574442336,9.923716006653047],[124.05278436220605,9.92152656984246],[124.0535246174705,9.912786771067223]]],[[[124.12678757788191,9.87783183743053],[124.12148128715202,9.867308390839227],[124.13349406093442,9.84976185260261],[124.13136710362066,9.84617674243925],[124.14287157016439,9.838453513936917],[124.14057070918983,9.8287371771761],[124.11839557978355,9.831430461322322],[124.09843665246134,9.82018908771856],[124.08838584099946,9.816207084366686],[124.08512621888143,9.818396476762437],[124.0787809519147,9.812943040245838],[124.073679746475,9.813223944499132],[124.0802568700969,9.803547672244674],[124.08731117763276,9.805763890600513],[124.08538488961912,9.799195584675994],[124.09125749377651,9.794089938740711],[124.10332829643953,9.796364087784376],[124.10524120876052,9.793644074213448],[124.10822884845808,9.794852473725236],[124.11106929934463,9.79113805593164],[124.11381166050901,9.793768899410107],[124.11476142954326,9.789323201526798],[124.11675460430224,9.78811472722862],[124.11961737556354,9.789934040704189],[124.1236038068456,9.783120559042597],[124.13338258179961,9.781738222209727],[124.13825637544953,9.778277989965197],[124.14098984685488,9.775085232297009],[124.13681612696634,9.766960797640314],[124.12730043516756,9.759522983939455],[124.11895298157334,9.752896747256134],[124.1073637696792,9.760468328519002],[124.10577185365443,9.769324078724297],[124.10460804885291,9.778969114394398],[124.10449211768614,9.78151084009183],[124.09964062628801,9.779147512050876],[124.09694285331526,9.779263403853834],[124.0964523327877,9.771424346438366],[124.09283598913218,9.77278437904758],[124.09307680005786,9.767981920372701],[124.09577010138185,9.768757760578547],[124.1034620648761,9.763001060141722],[124.10101844534591,9.759924297899989],[124.10696248106598,9.753891147827513],[124.10329704130967,9.750974901967059],[124.11176491851592,9.748317252350091],[124.1066815355139,9.746769959384219],[124.10531705176312,9.73710711814977],[124.10705607277036,9.733165251026145],[124.10504501883992,9.728608080623937],[124.104634802178,9.72611095679899],[124.11011949156524,9.727765250218866],[124.11506459942692,9.734297864070895],[124.12440198907147,9.73228678390914],[124.115590770853,9.722650666256563],[124.11862299061777,9.715872843877355],[124.1230286017968,9.723390928703397],[124.127180032841,9.726507803747378],[124.13151424574693,9.73334804418318],[124.13729326912798,9.735961137306628],[124.14020505519592,9.740553981278048],[124.14622928551135,9.752615883681129],[124.15052786511872,9.752446368182884],[124.15165602052173,9.756339222118095],[124.15910717928728,9.747679606524612],[124.16514483074769,9.73167141261702],[124.17392473528761,9.734913192156945],[124.18572797890856,9.747478952663423],[124.18946915415759,9.743822481431588],[124.19228736381255,9.759491798287353],[124.19861481952601,9.765150360917257],[124.20102270938823,9.76039253099628],[124.21018620137133,9.753958019149314],[124.21526951960087,9.757547650630652],[124.20421095797592,9.777925726849867],[124.19922568525847,9.772985001331435],[124.18827418420196,9.776868904533549],[124.18699884194064,9.784904202581739],[124.18051527556455,9.787419115095693],[124.1803993569661,9.79065198298717],[124.18937556303416,9.789189374445797],[124.18609811527084,9.796328392581236],[124.17786217883057,9.802116359431793],[124.19129293127715,9.81802195020487],[124.17554786852988,9.824153220829917],[124.15767133783866,9.83515384113511],[124.15549087941346,9.839474669915685],[124.14974307149438,9.8387255697343],[124.15048771305246,9.842868055447132],[124.15405056637813,9.84289035193437],[124.14639431563033,9.848829836144615],[124.142809172118,9.847875627523313],[124.13325777255172,9.866099990360343],[124.14303210698073,9.865876983923915],[124.14402647805551,9.870416356608972],[124.13969668586421,9.873948016479765],[124.13714613641346,9.869805457738439],[124.12678757788191,9.87783183743053]]]]},"properties":{"rank":55,"site_id":"317294","name":"Chocolate Hills Natural Monument","desig":"Natural Monument","iucn_cat":"III","status_yr":"2018","loss_ha":140.4,"forest2000_ha":7681.1,"area_ha":14000.0,"rep_area_ha":13995.0,"pct_of_forest2000":1.83,"pct_of_pa":1.003,"lon":124.1316,"lat":9.8233}},{"type":"Feature","geometry":{"type":"Polygon","coordinates":[[[122.44769975064922,11.201301950191896],[122.44743659992646,11.20467308653579],[122.45875830802137,11.208053038627135],[122.45618985100701,11.211825448629709],[122.47902490327516,11.225349888860737],[122.4775980368183,11.23046893952681],[122.4803135660422,11.232355188018914],[122.47850765456185,11.252407739259402],[122.47066405718398,11.25665280289675],[122.4656833168282,11.267885260681792],[122.47007550884,11.271381239521707],[122.46653050167987,11.275630760208834],[122.46014059952047,11.273343184908642],[122.43802347293068,11.283759698950522],[122.43362682539654,11.287536516679516],[122.42820899939343,11.28414317073137],[122.42674195100066,11.196660091969434],[122.44769975064922,11.201301950191896]]]},"properties":{"rank":56,"site_id":"306455","name":"Pan-ay River Watershed Forest Reserve","desig":"Watershed Forest Reserve","iucn_cat":"Not Assigned","status_yr":"1990","loss_ha":137.1,"forest2000_ha":2146.3,"area_ha":4079.4,"rep_area_ha":4077.0,"pct_of_forest2000":6.39,"pct_of_pa":3.361,"lon":122.449,"lat":11.2415}},{"type":"Feature","geometry":{"type":"Polygon","coordinates":[[[122.91109395725191,9.945364982057658],[122.91953947028635,9.955522792885613],[122.9221391571412,9.946216626925903],[122.91686851015153,9.947634641966477],[122.92305325813209,9.93823931453055],[122.91830431378335,9.932393428726908],[122.94261981290002,9.90703896574446],[122.95816424324961,9.903899767179535],[122.95984977226193,9.900038219153357],[122.955256879591,9.887169256530198],[122.96484395637678,9.874273472757368],[122.99308794000531,9.90674467330503],[123.01298890436074,10.003199485482696],[122.97268303238347,10.009406530484004],[122.93717527394277,9.998294484843798],[122.92142128534658,9.98070328846641],[122.92394955056885,9.977608723924025],[122.90057943778902,9.96334406435593],[122.91109395725191,9.945364982057658]]]},"properties":{"rank":57,"site_id":"306458","name":"Ilog-Hilabangan Watershed Forest Reserve","desig":"Watershed Forest Reserve","iucn_cat":"Not Assigned","status_yr":"1990","loss_ha":130.9,"forest2000_ha":5601.4,"area_ha":10483.4,"rep_area_ha":10476.0,"pct_of_forest2000":2.34,"pct_of_pa":1.249,"lon":122.9632,"lat":9.9533}},{"type":"Feature","geometry":{"type":"Polygon","coordinates":[[[124.2964430531303,12.560199617102406],[124.3295607861757,12.534657883789128],[124.34941710693235,12.537159497845424],[124.37976131831901,12.527630409206523],[124.3901376909671,12.532829659195281],[124.39850296030012,12.530497558483017],[124.4046163682787,12.52115573643888],[124.45188727810944,12.523206920529363],[124.45484811224438,12.526007288846722],[124.46672716362133,12.521458941424514],[124.4877518552692,12.528236788077951],[124.49118089615709,12.532713783000444],[124.50792925440348,12.51914468099606],[124.53746637614069,12.553765177652172],[124.41048897262888,12.699894337691125],[124.34540843703957,12.703666733263136],[124.34419555999591,12.616549324762078],[124.28893837218169,12.58407366461718],[124.2964430531303,12.560199617102406]]]},"properties":{"rank":58,"site_id":"306496","name":"Biri Larosa Protected Landscape & Seascape","desig":"Protected Landscape and Seascape","iucn_cat":"V","status_yr":"2018","loss_ha":111.3,"forest2000_ha":7538.1,"area_ha":32287.8,"rep_area_ha":32284.0,"pct_of_forest2000":1.48,"pct_of_pa":0.345,"lon":124.409,"lat":12.597}},{"type":"Feature","geometry":{"type":"Polygon","coordinates":[[[121.69886947136608,16.107111290276848],[121.71606378633092,16.104569597269457],[121.72735422289045,16.102710219373208],[121.73949189790352,16.091638226166012],[121.74150741166386,16.08260854034728],[121.7462207445468,16.072303571732245],[121.75796599716917,16.076776067341218],[121.76113194935637,16.09098718118898],[121.77718473178163,16.1065762471051],[121.7786294917018,16.11739401788901],[121.78815852783707,16.118401769782768],[121.78653100686338,16.12676706590862],[121.77216374154585,16.128238500688706],[121.7612612320937,16.13117262838612],[121.74191767532191,16.145646831642416],[121.73730694893838,16.15023528756881],[121.72717141549926,16.14354218065067],[121.72219506137093,16.12788626581381],[121.71886414930832,16.12197796209262],[121.72301555444777,16.1138578966722],[121.70831387024162,16.112471180961588],[121.69798660360998,16.112926002000872],[121.69886947136608,16.107111290276848]]]},"properties":{"rank":59,"site_id":"306412","name":"Dinadiawan River Watershed Forest Reserve","desig":"Protected Landscape","iucn_cat":"V","status_yr":"2018","loss_ha":93.7,"forest2000_ha":3231.9,"area_ha":3367.6,"rep_area_ha":3367.0,"pct_of_forest2000":2.9,"pct_of_pa":2.783,"lon":121.7467,"lat":16.1135}},{"type":"Feature","geometry":{"type":"MultiPolygon","coordinates":[[[[123.46968553213917,7.656214114225813],[123.47174569125383,7.654809429598692],[123.47307897327153,7.657591943398388],[123.46968553213917,7.656214114225813]]],[[[123.46548059002986,7.64344767916313],[123.46779935132868,7.640839137022625],[123.46810258624534,7.6442860205015215],[123.46548059002986,7.64344767916313]]],[[[123.4516038753106,7.6287147803297755],[123.45394940102489,7.629325672731047],[123.45134078694102,7.630953282730507],[123.4516038753106,7.6287147803297755]]],[[[123.39619954238438,7.611703309901048],[123.3984603333374,7.6112485404484715],[123.3974927131018,7.613701012148891],[123.39619954238438,7.611703309901048]]],[[[123.38382107369297,7.51623843858927],[123.38373642545127,7.51880691286216],[123.38146672926882,7.518499185720192],[123.38382107369297,7.51623843858927]]],[[[123.38330385380013,7.562711186940224],[123.38600161755161,7.560784887276362],[123.38729030370376,7.563081325365878],[123.38330385380013,7.562711186940224]]],[[[123.38146672926882,7.518499185720192],[123.38231836375692,7.521714213975629],[123.37944674196613,7.519747754085912],[123.38146672926882,7.518499185720192]]],[[[123.3820775958962,7.604689196545279],[123.3842669949506,7.60727099774319],[123.3817833327588,7.607177378542645],[123.3820775958962,7.604689196545279]]],[[[123.38227822155679,7.600158753967188],[123.3820775958962,7.604689196545279],[123.38042327417033,7.603097254265347],[123.38227822155679,7.600158753967188]]],[[[123.3721561184259,7.533290068564791],[123.37359196311897,7.530797428637576],[123.3750411396225,7.534877452491147],[123.3721561184259,7.533290068564791]]],[[[123.37373465618529,7.5910844462141815],[123.37502333534174,7.588721105739635],[123.37603106957397,7.590888277742742],[123.37373465618529,7.5910844462141815]]],[[[123.36437946729524,7.535644443122507],[123.36776833069801,7.535996706487768],[123.36360797423036,7.5378205176402195],[123.36437946729524,7.535644443122507]]],[[[123.36748292668375,7.583129395309061],[123.36704600180462,7.579941165669285],[123.36988195481763,7.58291093601696],[123.36748292668375,7.583129395309061]]],[[[123.338079649175,7.567491347855392],[123.33609977086464,7.556909939203827],[123.3418253025296,7.564749018261156],[123.338079649175,7.567491347855392]]],[[[123.33908742685124,7.601915632189612],[123.33689349106169,7.60450188510664],[123.33670176228979,7.601095122503498],[123.33908742685124,7.601915632189612]]],[[[123.33456137887353,7.597857805222561],[123.33525706220314,7.594027436127408],[123.33705404970041,7.595494490475275],[123.33456137887353,7.597857805222561]]],[[[122.93505721885612,7.342181869498083],[122.93670702546594,7.336416254858511],[122.93939138534552,7.338369367568492],[122.93505721885612,7.342181869498083]]],[[[122.93455327782415,7.356018496066593],[122.93595787493709,7.349887188451741],[122.9381161492688,7.351323023657793],[122.93455327782415,7.356018496066593]]],[[[122.93667581455499,7.398901688529922],[122.94065783551736,7.398014257841699],[122.94209811293958,7.400275061828016],[122.93667581455499,7.398901688529922]]],[[[122.92905971760442,7.3557152346009245],[122.93455327782415,7.356018496066593],[122.93093696868466,7.357267029534953],[122.92905971760442,7.3557152346009245]]],[[[122.92149257399494,7.3642053575553055],[122.91922292149673,7.363438432269702],[122.9219964947201,7.361980311729561],[122.92149257399494,7.3642053575553055]]],[[[122.91143289224989,7.428599257515111],[122.91986951927795,7.423970723782267],[122.92236213663685,7.426316194983207],[122.91143289224989,7.428599257515111]]],[[[122.90935050088102,7.370457035645844],[122.91183417742329,7.370381256604108],[122.91059901205607,7.372744592785077],[122.90935050088102,7.370457035645844]]],[[[122.8937971212523,7.434654745932547],[122.89611586124795,7.43458337364191],[122.89534000064666,7.436826285323833],[122.8937971212523,7.434654745932547]]],[[[122.86722529529999,7.460223185457043],[122.8682018440475,7.462680158326602],[122.86585639033066,7.462662344129014],[122.86722529529999,7.460223185457043]]],[[[122.85733950808988,7.396573978792911],[122.85706303422634,7.394268647032466],[122.85936394829601,7.392444862150228],[122.85733950808988,7.396573978792911]]],[[[122.85223825830158,7.453084194990257],[122.85648779750619,7.458176461282089],[122.85236312075578,7.45563922389921],[122.85223825830158,7.453084194990257]]],[[[122.8230802401526,7.435880985522004],[122.82701313453022,7.4353057433275485],[122.82637997046889,7.438645656736161],[122.8230802401526,7.435880985522004]]],[[[122.8174305524329,7.439029083123744],[122.82265665148084,7.442061281492337],[122.8204939200424,7.443011112523078],[122.8174305524329,7.439029083123744]]],[[[122.81821088627959,7.464338935908756],[122.82458744739925,7.4728424762423],[122.81976714582305,7.47112123345362],[122.81821088627959,7.464338935908756]]],[[[122.82065893485219,7.459928941512331],[122.81893775775661,7.462118299796475],[122.81809493412938,7.459737205839436],[122.82065893485219,7.459928941512331]]],[[[122.26631683741508,6.996815604240134],[122.26962999280232,6.995990660514163],[122.26802470248641,6.998942601905516],[122.26631683741508,6.996815604240134]]],[[[122.18046133063805,6.91223091711957],[122.18473761843633,6.915793760462958],[122.18025173402854,6.918660945737633],[122.18046133063805,6.91223091711957]]],[[[123.4396445980011,7.448433372542712],[123.4389713107204,7.446234997208894],[123.44207484257396,7.44270340000674],[123.44153082077656,7.4471491254809195],[123.4396445980011,7.448433372542712]]],[[[123.39409488290538,7.460022572060524],[123.3960033958527,7.455768565285769],[123.39835781243652,7.458631337093498],[123.39608366878359,7.458773975380304],[123.39409488290538,7.460022572060524]]],[[[123.39980695832597,7.613593992367164],[123.40487255019465,7.614374341977258],[123.39922726836139,7.615836938644503],[123.3974927131018,7.613701012148891],[123.39980695832597,7.613593992367164]]],[[[123.38729030370376,7.563081325365878],[123.3894306297354,7.559317789445424],[123.39395222001964,7.567433397800432],[123.39099579003131,7.56911444476699],[123.38729030370376,7.563081325365878]]],[[[123.3842669949506,7.60727099774319],[123.38980968363335,7.60893865649347],[123.3882623914618,7.611948604829527],[123.38556460549792,7.613201593164292],[123.3842669949506,7.60727099774319]]],[[[123.37466656425283,7.573386290525265],[123.38330385380013,7.562711186940224],[123.38221137491342,7.567584993979015],[123.37708783959809,7.573265901993829],[123.37466656425283,7.573386290525265]]],[[[123.37353846386446,7.579388223965119],[123.37127323537082,7.575490959776357],[123.37466656425283,7.573386290525265],[123.37527302295938,7.576859918020865],[123.37353846386446,7.579388223965119]]],[[[123.34944143599542,7.57393917465669],[123.35139449912094,7.57555341949383],[123.35148371354595,7.577814193539147],[123.3488260814993,7.576949069182323],[123.34944143599542,7.57393917465669]]],[[[122.96233795585175,7.379629445261614],[122.96734104075253,7.37456831280717],[122.9698158870746,7.374871582328774],[122.96636004155606,7.379772123429874],[122.96233795585175,7.379629445261614]]],[[[122.90455695783288,7.431970358478062],[122.90578763917284,7.423845885383482],[122.91143289224989,7.428599257515111],[122.90636285217076,7.4335666956173645],[122.90455695783288,7.431970358478062]]],[[[122.87928272900616,7.368437082274578],[122.88185119756004,7.369480539311508],[122.8802816143537,7.372860472584105],[122.87811443953446,7.371139326522709],[122.87928272900616,7.368437082274578]]],[[[122.86492447461826,7.488551909764116],[122.86553089623659,7.486286688301562],[122.87468537141491,7.483909991980838],[122.87490389647624,7.486576504324882],[122.86492447461826,7.488551909764116]]],[[[122.84767219640604,7.4336291593393655],[122.853611736799,7.430262484984445],[122.85629160532405,7.43262135833809],[122.85392832003741,7.433490888310189],[122.84767219640604,7.4336291593393655]]],[[[122.84689183180073,7.443220648142756],[122.84913919324478,7.443559564257079],[122.85223825830158,7.453084194990257],[122.84662875428329,7.447902746656989],[122.84689183180073,7.443220648142756]]],[[[122.84010951403378,7.427698541215337],[122.8431104891598,7.42595502737092],[122.84566559384574,7.426458908213808],[122.84263336847698,7.428648321942331],[122.84010951403378,7.427698541215337]]],[[[123.45880978631159,7.643826722320974],[123.46548059002986,7.64344767916313],[123.46747832831811,7.648811938741092],[123.46557876332498,7.650720458408908],[123.46046412540795,7.651424984924393],[123.45880978631159,7.643826722320974]]],[[[123.4293753193591,7.412287860645148],[123.43337953305772,7.41073167390137],[123.43589445337031,7.410330306216146],[123.44022430046054,7.414026953027206],[123.43149332090022,7.41343387510506],[123.4293753193591,7.412287860645148]]],[[[122.95594803192121,7.386059481404466],[122.95770047709252,7.383040651085032],[122.96233795585175,7.379629445261614],[122.95984977226193,7.384244568501261],[122.95872608941255,7.386915556832596],[122.95594803192121,7.386059481404466]]],[[[122.94377024283584,7.396466995443797],[122.9425708069219,7.394540651428486],[122.94463531341661,7.391686818501624],[122.94696293687456,7.391120559334076],[122.9451926790211,7.394460426489259],[122.94377024283584,7.396466995443797]]],[[[122.93047771955183,7.403744231503402],[122.93426790214147,7.396221710045246],[122.93667581455499,7.398901688529922],[122.94032338417765,7.404841167823586],[122.93969462982932,7.407360593386989],[122.93047771955183,7.403744231503402]]],[[[122.88911509384914,7.37644559486576],[122.88592683787613,7.375197099859353],[122.88526685979156,7.372503748173446],[122.88818760849871,7.373145867815807],[122.89053753111092,7.374381053337369],[122.88911509384914,7.37644559486576]]],[[[122.85704522215873,7.400801227514731],[122.86092017626733,7.404725238727127],[122.85984107592397,7.411583351155754],[122.85721017727326,7.408676000733142],[122.85786569263628,7.404720805786222],[122.85704522215873,7.400801227514731]]],[[[122.85466405599034,7.400448958383359],[122.85632731577157,7.398602894026965],[122.85733950808988,7.396573978792911],[122.85863263503914,7.3991870565399545],[122.85704522215873,7.400801227514731],[122.85466405599034,7.400448958383359]]],[[[122.82805213129421,7.456508795008419],[122.82065893485219,7.459928941512331],[122.81975819346091,7.455581255107657],[122.81576286457596,7.454979325023795],[122.810675011576,7.443626451167182],[122.82805213129421,7.456508795008419]]],[[[122.81177641715668,7.441463799743725],[122.8126325507064,7.435426120319514],[122.81677503291924,7.436233227466103],[122.8174305524329,7.439029083123744],[122.81465702595057,7.437075999428222],[122.81177641715668,7.441463799743725]]],[[[122.94337338426105,7.3522059178863115],[122.94329316980416,7.347033354854736],[122.94751590498227,7.3428685715233515],[122.95042323582999,7.341111733844037],[122.95222916344254,7.347898438103716],[122.947043234361,7.348473669810355],[122.94337338426105,7.3522059178863115]]],[[[122.92236213663685,7.426316194983207],[122.92357497130229,7.4193956738003415],[122.93111977350169,7.425183627766833],[122.9297017806413,7.428238085022693],[122.92623706786347,7.428710746420769],[122.92408782465517,7.4279348749178125],[122.92236213663685,7.426316194983207]]],[[[122.90432060749212,7.370341088516078],[122.90101190235178,7.36769241286409],[122.90505631920539,7.366171873449788],[122.90590804886496,7.363300183458732],[122.90787449071519,7.362073907242214],[122.90707188710317,7.367670144257797],[122.90432060749212,7.370341088516078]]],[[[122.13652580275115,6.883545495269589],[122.14010203412734,6.878395260527807],[122.16737392313996,6.885498587812687],[122.16891671213781,6.894327587920382],[122.16654002308975,6.896512555416335],[122.14233600301243,6.889939842218084],[122.13652580275115,6.883545495269589]]],[[[122.84307933524461,7.4918471613270405],[122.84303028071781,7.4833168874282485],[122.85176565552499,7.491847152796502],[122.8540843309281,7.4900858312906236],[122.85453919638388,7.492413474216565],[122.85101208530273,7.494263994576198],[122.8474715121279,7.493920668526253],[122.84649493474001,7.490955326624774],[122.84307933524461,7.4918471613270405]]],[[[122.183194796738,6.923423253185176],[122.19047645377597,6.920770085263707],[122.1952343490874,6.922393172466839],[122.18830488650833,6.931628018648076],[122.18919222494684,6.935761600014226],[122.19700015774237,6.938071382924394],[122.19604144095238,6.947613887806668],[122.18566958840194,6.936425979987469],[122.183194796738,6.923423253185176]]],[[[122.8743108665357,7.481069495477071],[122.86712273562242,7.472650744635048],[122.86821079211563,7.470523767839727],[122.86282416949956,7.46996191165747],[122.8682018440475,7.462680158326602],[122.87161753921588,7.465141632484689],[122.87607661085903,7.469658660738044],[122.87237560134734,7.47621355173394],[122.87621039114173,7.475847906670927],[122.8743108665357,7.481069495477071]]],[[[122.82448484439726,7.444001029939256],[122.83711301122446,7.44675674978966],[122.83867371341299,7.4437022410837415],[122.84422083596047,7.445869385680683],[122.84698993707822,7.452464362645312],[122.83626577755153,7.454720678429269],[122.83095052379103,7.455969219901981],[122.82879683518935,7.4510241080401265],[122.8230178338858,7.446145847521971],[122.82448484439726,7.444001029939256]]],[[[123.41695227031711,7.618454419704447],[123.42439443509126,7.614601729049694],[123.4292905401507,7.615065477240798],[123.43240302575119,7.622775264951604],[123.44089757893394,7.623742933675029],[123.44199007460091,7.629031391666236],[123.4361397056814,7.62818420887987],[123.43073083547038,7.627938911576781],[123.42547805031758,7.623595744639861],[123.41585974599563,7.620951521064884],[123.41695227031711,7.618454419704447]]],[[[123.38134630155282,7.585693397196723],[123.38197950828368,7.581751566222293],[123.37958497549891,7.581956641095412],[123.38192601368848,7.579263405881982],[123.37998178594924,7.577947945153536],[123.38914974033372,7.5709293493300684],[123.39099579003131,7.56911444476699],[123.3935018078524,7.5697520787448145],[123.38758009951452,7.575727328988887],[123.39172264633223,7.585720180352365],[123.38134630155282,7.585693397196723]]],[[[122.82868089517227,7.437856362793313],[122.82701313453022,7.4353057433275485],[122.83013456851685,7.4282202433123485],[122.83096395084806,7.430842220263548],[122.83595370045666,7.429205695151289],[122.8377417187393,7.427671794047008],[122.84010951403378,7.427698541215337],[122.83741174460539,7.43224681976948],[122.83617213731101,7.434351531698093],[122.83199395573389,7.435033743970255],[122.82868089517227,7.437856362793313]]],[[[123.37330212520224,7.507913311605421],[123.36935575739895,7.5024954961334815],[123.37329758845297,7.500818860894332],[123.37778792409458,7.5057595550738965],[123.37720382167042,7.501032876802079],[123.37376581409127,7.497920481614572],[123.37919697957528,7.494018731439059],[123.38059719840417,7.495829161475537],[123.37924157393589,7.507672487551198],[123.38099845547742,7.51238575145702],[123.3846727729407,7.51411588377123],[123.38382107369297,7.51623843858927],[123.37485830319807,7.5156454141056],[123.37330212520224,7.507913311605421]]],[[[122.88740721353072,7.380904727687042],[122.88911509384914,7.37644559486576],[122.89308369173112,7.374550530782831],[122.89856391162199,7.379308392870514],[122.90450346082483,7.377622785905774],[122.90205985569413,7.371228466907072],[122.90432060749212,7.370341088516078],[122.90668838617665,7.370639838382771],[122.90976959711944,7.38267943066828],[122.91512051016554,7.3837674831164115],[122.90710310723072,7.388931102954298],[122.9013508713847,7.384833171276228],[122.8946577200555,7.387816355254874],[122.88945840405556,7.385368264181961],[122.88740721353072,7.380904727687042]]],[[[122.91590533376352,7.375321920163094],[122.91742147241683,7.370131556366324],[122.92137665467119,7.366907614339675],[122.92357944287203,7.368994484445758],[122.92240668088084,7.371562938614512],[122.93402715070721,7.372053437623627],[122.93469153727796,7.374229445289652],[122.95733487826955,7.3676968780441765],[122.96399229802489,7.363969084433138],[122.95783423452195,7.372584040155471],[122.95112336225426,7.37383258950032],[122.938013575974,7.382010593490095],[122.93481638333719,7.382327152321716],[122.92729387255957,7.383473180476952],[122.9255280823893,7.381212397018107],[122.91590533376352,7.375321920163094]]],[[[122.85880206200875,7.388043719044129],[122.85622474500636,7.383878927494773],[122.85813768981848,7.382117616461264],[122.85939070880524,7.379352970101547],[122.86504932136495,7.378643928566193],[122.86918733131118,7.364513063618689],[122.86095141071975,7.350729990689377],[122.87622828585417,7.360000446358125],[122.87954133381172,7.366091586659476],[122.87928272900616,7.368437082274578],[122.87669199868759,7.369079208054763],[122.87811443953446,7.371139326522709],[122.87744116140178,7.3737790670099885],[122.87467203620879,7.3717501775281455],[122.87198319241472,7.372477010561306],[122.86638253042447,7.380797688457564],[122.8640727420663,7.380712999767188],[122.85880206200875,7.388043719044129]]],[[[122.90787449071519,7.362073907242214],[122.90563153639275,7.359884516062434],[122.90841847204825,7.35945197982136],[122.90589910414991,7.351630706757974],[122.90681326710569,7.347372248361967],[122.89795295828736,7.344714652913098],[122.90025388398118,7.335899006845245],[122.89925063834652,7.333112060038134],[122.90080237918033,7.33134178751939],[122.9035848043801,7.331395308093691],[122.90731261725709,7.340558753557352],[122.91489312861158,7.3419276954135455],[122.91327005310438,7.344982167557804],[122.92122504781628,7.347978736308081],[122.93109303208406,7.3423780628439035],[122.92882333900185,7.346939740271914],[122.92191617714963,7.351091162957273],[122.91054551826755,7.360923491963418],[122.90787449071519,7.362073907242214]]],[[[123.33203310497939,7.544406586744323],[123.3373082027763,7.5439071691674],[123.33997034757172,7.542480226762029],[123.3401174574265,7.539523838814615],[123.34290436763634,7.53883715503455],[123.33960907975438,7.537329977254268],[123.33854342173497,7.532879782795878],[123.33479327387305,7.5290806607793535],[123.3374107886331,7.527524401280896],[123.34026910536015,7.52979858619168],[123.34232022517477,7.533026930039022],[123.34184311293868,7.535412577835259],[123.34480396216817,7.536134935070914],[123.35032434768651,7.539456979781626],[123.35616127643155,7.537637645947976],[123.36121795020928,7.537343343901013],[123.35968843387964,7.540665367279109],[123.35716903663105,7.5401615183429165],[123.35183149490295,7.542025434423044],[123.3508728242537,7.544571595688639],[123.34678828572446,7.548526822289126],[123.3396983050674,7.5452850450325455],[123.33651003313757,7.547487827168436],[123.33892687159084,7.549391831814794],[123.33529268543927,7.552290295188412],[123.33203310497939,7.544406586744323]]],[[[122.19411956511145,6.927984886636923],[122.20310020495033,6.923142295577029],[122.20897728989752,6.9377057341241875],[122.21954982770653,6.937705733139349],[122.22431656133742,6.9432662520744355],[122.23654349355506,6.950378500409829],[122.24324547290107,6.954538843399053],[122.24025342140928,6.957753874815126],[122.23211552802248,6.957686996612027],[122.23455473636271,6.961388022927021],[122.23201744604586,6.963314394276864],[122.23815315305005,6.962525112360093],[122.24544829839755,6.963876212344119],[122.25046479570295,6.958378150477803],[122.25073233214,6.960893058531486],[122.2472408033896,6.970547009598221],[122.23854112973211,6.965178296643729],[122.23929024448799,6.971951636297279],[122.23724795520964,6.97341425038642],[122.22025881680719,6.963309881959585],[122.219166370782,6.966301956636278],[122.23041219575212,6.97550107358213],[122.23818890374926,6.981387097272486],[122.2457380926395,6.981886561863003],[122.24426660835636,6.985449357048655],[122.2516241731202,6.990653108900806],[122.25067884221693,6.994791144301594],[122.24264353766934,6.990835911238103],[122.228704334644,6.991464691017332],[122.21933580540644,6.985092606084419],[122.22339358494257,6.978252379822379],[122.21579970026067,6.98175717955969],[122.20862946909871,6.971603826739583],[122.20297533948359,6.963960966611625],[122.20406786408986,6.960424891183064],[122.20087061576695,6.960656746397306],[122.19728549362002,6.95074413030051],[122.20209244469578,6.939096990341929],[122.19700015774237,6.938071382924394],[122.19411956511145,6.927984886636923]]],[[[123.38042327417033,7.603097254265347],[123.3790899872631,7.609589692335151],[123.37992829024404,7.613812461551342],[123.38338858801232,7.612042196411499],[123.38276874268871,7.614311945192867],[123.38556460549792,7.613201593164292],[123.3882043643118,7.6142227395193975],[123.3882623914618,7.611948604829527],[123.39382735772823,7.61245244399212],[123.39248518483454,7.6147043119993745],[123.39531217297011,7.614713241966636],[123.3974927131018,7.613701012148891],[123.39598550987071,7.618980587432176],[123.36847284868705,7.63063666797595],[123.36969910860255,7.6226147363961125],[123.36301051658259,7.628768312451384],[123.35928263626752,7.623916835976381],[123.35526506218841,7.622057352618194],[123.35852462915095,7.617834622485398],[123.35985340638702,7.615707577835707],[123.35483698595932,7.610298708368817],[123.35093969263235,7.609665537593071],[123.34588753203734,7.606896397806965],[123.34487973967411,7.6043235476693924],[123.34164694137692,7.605924346963577],[123.33908742685124,7.601915632189612],[123.33676418764406,7.598660481876265],[123.33705404970041,7.595494490475275],[123.33699607735869,7.592466740656703],[123.33525706220314,7.594027436127408],[123.33029408618144,7.589733356836611],[123.33509204766641,7.586326591124039],[123.33689349106169,7.5901123674734245],[123.3398855752021,7.587918468516748],[123.34932550614532,7.5882083200483175],[123.3543107920567,7.593180214462248],[123.35167541297675,7.593782202311134],[123.3514926178602,7.596176752723911],[123.3491382543135,7.599757382817662],[123.35267431581954,7.598143224646873],[123.35367757476371,7.5955391069466],[123.35671425735669,7.593033062061288],[123.35926482907583,7.59316687735695],[123.35962157156355,7.590745562223274],[123.35629063949273,7.588324285291324],[123.35364187269147,7.579174161481964],[123.36438391885737,7.582402601165003],[123.36748292668375,7.583129395309061],[123.36735366423966,7.586567395263863],[123.37099674424962,7.588538303689407],[123.37056420097547,7.593434427446623],[123.37373465618529,7.5910844462141815],[123.37558065912725,7.593371986943539],[123.37603106957397,7.590888277742742],[123.38470846351943,7.592761101350887],[123.37978560635376,7.5962570437418195],[123.38039648364774,7.598861116498419],[123.37845684712335,7.600198885622974],[123.38042327417033,7.603097254265347]],[[123.3763030952356,7.600970305636947],[123.3739040557779,7.603659117427664],[123.37425184188054,7.59990011435182],[123.3763030952356,7.600970305636947]],[[123.36735366423966,7.586567395263863],[123.36881620303613,7.589314184461464],[123.36279195864755,7.586174983746734],[123.36735366423966,7.586567395263863]],[[123.33941735637026,7.596332809682405],[123.34053215530507,7.5927432080061665],[123.34122334302299,7.594937143783789],[123.33941735637026,7.596332809682405]],[[123.33941735637026,7.596332809682405],[123.34039840408795,7.598397342097745],[123.33676418764406,7.598660481876265],[123.33941735637026,7.596332809682405]],[[123.3710680499305,7.618441063685554],[123.37373910731533,7.620840002222865],[123.37148278600787,7.621116476527971],[123.3685531445781,7.620367386232162],[123.3710680499305,7.618441063685554]],[[123.35007014323782,7.604265528411205],[123.34965103407117,7.602031563919056],[123.3520723383235,7.602602321274392],[123.35327183748615,7.605148480480376],[123.35007014323782,7.604265528411205]],[[123.37683815668504,7.595610430498041],[123.37712353298873,7.598236844130282],[123.37425184188054,7.59990011435182],[123.37265550787683,7.598187811737236],[123.37027435395072,7.5969615627092555],[123.37401105385113,7.5963640607991225],[123.37683815668504,7.595610430498041]]]]},"properties":{"rank":60,"site_id":"555715048","name":"Mangrove Areas in Tumalong Bay, Baong River, Pongca Bay,Mangrove in Pisan, Sagayapan, Tintauan and Sacol Island Mangrove Swamp Forest Reserve","desig":"Mangrove Swamp Forest Reserve","iucn_cat":"Not Assigned","status_yr":"1981","loss_ha":92.5,"forest2000_ha":5551.7,"area_ha":8993.9,"rep_area_ha":8990.0,"pct_of_forest2000":1.67,"pct_of_pa":1.028,"lon":122.8288,"lat":7.313}},{"type":"Feature","geometry":{"type":"Polygon","coordinates":[[[120.35926194982538,16.374122321447672],[120.37248317538364,16.28471729844647],[120.41843864068673,16.28770043590306],[120.43781789618355,16.27616027296983],[120.4566129881005,16.272129240562847],[120.48982440591531,16.277881476227325],[120.52701332050741,16.3015192346107],[120.54003830450054,16.320042302847057],[120.54308834603155,16.33172957853804],[120.56715856891975,16.33080659999112],[120.5827877226563,16.337602244040834],[120.61318985462216,16.3604150362571],[120.57897073069911,16.443947392228807],[120.54349414607235,16.431368222035793],[120.50906541080724,16.431234491285185],[120.46488909497799,16.405768528101948],[120.452024608995,16.381635881032235],[120.43621708364083,16.387392574473598],[120.4020603639502,16.387405973491532],[120.38103572856873,16.37781884489209],[120.35926194982538,16.374122321447672]]]},"properties":{"rank":61,"site_id":"555715035","name":"Marcos Highway Watershed Forest Reserve","desig":"Watershed Forest Reserve","iucn_cat":"Not Assigned","status_yr":"1978","loss_ha":89.2,"forest2000_ha":20971.3,"area_ha":31510.8,"rep_area_ha":31542.0,"pct_of_forest2000":0.43,"pct_of_pa":0.283,"lon":120.4845,"lat":16.3537}},{"type":"Feature","geometry":{"type":"Polygon","coordinates":[[[124.68367581985584,7.99556501890947],[124.70902132194401,7.9115556162172105],[124.73227106874435,7.904465612197247],[124.75966781018107,7.889692582250863],[124.79660701664658,7.8903079798726425],[124.85674691541799,7.926658558012331],[124.88685918744814,7.918609919076854],[124.89997788556921,7.991418064012275],[124.84413656032312,8.015630985222648],[124.82634922489922,8.013174054891174],[124.76935743226478,7.974580547440799],[124.75111530186238,7.982183313481144],[124.7396330575291,8.001379707862043],[124.68367581985584,7.99556501890947]]]},"properties":{"rank":62,"site_id":"306522","name":"Muleta-Manupali Watershed Forest Reserve","desig":"Natural Park","iucn_cat":"II","status_yr":"2018","loss_ha":88.6,"forest2000_ha":20535.0,"area_ha":22220.5,"rep_area_ha":22225.0,"pct_of_forest2000":0.43,"pct_of_pa":0.399,"lon":124.7938,"lat":7.9532}},{"type":"Feature","geometry":{"type":"Polygon","coordinates":[[[123.08523967331921,9.336880493343749],[123.15160003330648,9.30506034686578],[123.16506204578072,9.317425458015475],[123.17503264956058,9.316426596211649],[123.18950686388791,9.329045809807955],[123.19807283167887,9.326303463044384],[123.19540182510042,9.335912886556116],[123.20214398904574,9.344906842192538],[123.20602333321327,9.34766260270218],[123.2061750190373,9.35394100470116],[123.2108703891773,9.356447044082278],[123.20490861954212,9.365512402195906],[123.19888431546224,9.365498975480953],[123.19499602672964,9.375273330161454],[123.19768934043474,9.376562053345687],[123.19098280291271,9.386309645836173],[123.19846961318835,9.393800909119603],[123.18690723606075,9.398554328452722],[123.17936241868986,9.388490118920307],[123.17610730443877,9.391508920150265],[123.17828779950315,9.39634262662966],[123.17319990223079,9.391348401000917],[123.15111400710649,9.372089552374387],[123.11363968916362,9.378430402657704],[123.0791352245657,9.336880476777438],[123.08523967331921,9.336880493343749]]]},"properties":{"rank":63,"site_id":"306474","name":"Balinsasayao Twin Lakes Natural Park","desig":"Natural Park","iucn_cat":"II","status_yr":"2018","loss_ha":84.6,"forest2000_ha":7239.0,"area_ha":8022.2,"rep_area_ha":8016.0,"pct_of_forest2000":1.17,"pct_of_pa":1.055,"lon":123.1507,"lat":9.3493}},{"type":"Feature","geometry":{"type":"Polygon","coordinates":[[[118.6035666796168,9.792310803047783],[118.63935542498966,9.812572889317074],[118.629081658416,9.83039591928527],[118.62604943298935,9.855777144560443],[118.66986460037552,9.867656174769971],[118.6142774228617,9.873105221240607],[118.58904337005598,9.838689901808136],[118.6035666796168,9.792310803047783]]]},"properties":{"rank":64,"site_id":"306433","name":"Palawan Flora, Fauna and Watershed Forest Reserve (Parcel 2)","desig":"Watershed Forest Reserve","iucn_cat":"Not Assigned","status_yr":"1985","loss_ha":77.6,"forest2000_ha":3215.2,"area_ha":3224.2,"rep_area_ha":3240.0,"pct_of_forest2000":2.41,"pct_of_pa":2.407,"lon":118.6167,"lat":9.8363}},{"type":"Feature","geometry":{"type":"MultiPolygon","coordinates":[[[[121.93784615802647,13.379733391419832],[121.94346906790958,13.37608580252742],[121.9475535892688,13.378979812238553],[121.94871291711864,13.363506714885297],[121.94677320379945,13.359123401319518],[121.953073935565,13.35435664177436],[121.94955126748823,13.348573193744404],[121.95788981027769,13.345924471054987],[121.97585107414112,13.359301725058083],[121.9815631446049,13.359471189711108],[121.98801545003931,13.36888435986364],[121.99972058369383,13.363323859279472],[122.01721812117009,13.351935342574398],[122.02458901679175,13.355582860161427],[122.02554327018014,13.36861236390249],[122.03109480884467,13.370922170696625],[122.03604444948837,13.375225249374491],[122.03374801279097,13.378872733879456],[122.021605901969,13.380968553622345],[122.01928712934699,13.39097478331585],[122.00195909169257,13.393846454731307],[121.99088712596688,13.400240766377946],[121.9803903674921,13.407567078464565],[121.96949680619885,13.40478909373285],[121.96135007270304,13.405346406813946],[121.95000164273927,13.402069017367499],[121.94926137378866,13.391862098247165],[121.94053938190275,13.388615886720027],[121.93784615802647,13.379733391419832]]],[[[121.89586815920457,13.382083340664888],[121.90558901548815,13.353647644393464],[121.91033342778671,13.346000281118355],[121.91627741717637,13.331913993852003],[121.92272531201655,13.332627449449815],[121.92548106441724,13.327811569929509],[121.93100139043342,13.327847288405769],[121.93006940451058,13.31908960970967],[121.92342096304309,13.31811303018924],[121.9274787095588,13.30824951131117],[121.91868093408384,13.303995506902416],[121.9198134790538,13.294408453308492],[121.92691686196201,13.290698465129978],[121.93678037764363,13.298814088123114],[121.93740024677079,13.29629912233147],[121.94267528625988,13.299786120805852],[121.94527499745348,13.295755128354594],[121.94207784135324,13.290029598691305],[121.94942637026655,13.287635100370823],[121.95480411292655,13.286636217392255],[121.95541945410852,13.283122497496443],[121.9599542994067,13.282698847300033],[121.96280371313915,13.276206392443653],[121.96500201480978,13.278395849893366],[121.9735947637317,13.271939078245921],[121.9857547048988,13.278056925168311],[121.99381225705966,13.271288004156437],[121.99663042519138,13.277842906138448],[122.00058569790582,13.282850474179286],[122.00079078414579,13.277691339812527],[122.00452304356774,13.279586417752517],[122.0043179643321,13.282556153764565],[122.00147301411378,13.291180121271173],[121.99110116683383,13.297757279093092],[121.99077121229463,13.303750311475204],[121.98624519060785,13.302113764024105],[121.9754720463955,13.308869312140592],[121.97160151494302,13.309163629758372],[121.9654256846406,13.317555644519086],[121.95982498791851,13.32116752293609],[121.95261914652171,13.335432172907248],[121.93838121442535,13.358695350985753],[121.93024337118548,13.37036036416984],[121.92744302989094,13.379082357794328],[121.92198511991432,13.378779104022701],[121.92112450794733,13.38375100445166],[121.92575747795209,13.384674019311635],[121.9127414154825,13.391933452081183],[121.90964229591137,13.390916827462673],[121.9061196266915,13.389587986605017],[121.89664404259852,13.400267557296218],[121.89913221653792,13.392624592612128],[121.89628731927085,13.391228928717906],[121.89797731622471,13.38739406832001],[121.89586815920457,13.382083340664888]]]]},"properties":{"rank":65,"site_id":"555583086","name":"Marinduque Wildlife Sanctuary","desig":"Wildlife Sanctuary","iucn_cat":"IV","status_yr":"2018","loss_ha":77.0,"forest2000_ha":9020.8,"area_ha":9763.8,"rep_area_ha":9760.0,"pct_of_forest2000":0.85,"pct_of_pa":0.789,"lon":121.9599,"lat":13.3481}},{"type":"Feature","geometry":{"type":"Polygon","coordinates":[[[118.629081658416,9.83039591928527],[118.63935542498966,9.812572889317074],[118.643609397745,9.78386970064592],[118.65651848574986,9.780088347959687],[118.66183374496183,9.77807730742474],[118.66180250437388,9.772904797330915],[118.66572212734935,9.772904720639636],[118.67506390119678,9.785519554201224],[118.6817391763214,9.792016470142293],[118.68012945355201,9.798330528710558],[118.68446368972869,9.805701462330825],[118.68121304579523,9.809335578904065],[118.68790168120715,9.81481582772857],[118.69042550973852,9.833990011417036],[118.68135570280451,9.846479928728652],[118.67516197608991,9.85752512499164],[118.67384659278592,9.86210461333896],[118.66986460037552,9.867656174769971],[118.62604943298935,9.855777144560443],[118.629081658416,9.83039591928527]]]},"properties":{"rank":66,"site_id":"306432","name":"Palawan Flora, Fauna and Watershed Forest Reserve (Parcel 1)","desig":"Watershed Forest Reserve","iucn_cat":"Not Assigned","status_yr":"1982","loss_ha":74.8,"forest2000_ha":4722.5,"area_ha":4775.9,"rep_area_ha":4799.0,"pct_of_forest2000":1.58,"pct_of_pa":1.567,"lon":118.6591,"lat":9.8243}},{"type":"Feature","geometry":{"type":"MultiPolygon","coordinates":[[[[124.11417725143264,9.689367943779724],[124.12579768716516,9.672949516556944],[124.1363256527614,9.670474738007487],[124.13672248115368,9.666358996624428],[124.14321497088595,9.668668836395192],[124.14473992597377,9.674786672190352],[124.15111647707923,9.681212263079061],[124.14984561711714,9.68895769473201],[124.16166669924091,9.688962201251027],[124.17242208465659,9.70106417704142],[124.17157035084598,9.703507743374974],[124.19588581100338,9.717736782055555],[124.20776040263125,9.722445586043985],[124.2089376379224,9.726057425801569],[124.21224182256879,9.732393854975918],[124.21468098781247,9.730538860844652],[124.22196263074962,9.73848050252775],[124.22639949138221,9.734739288713316],[124.22342077140705,9.728536697418175],[124.22685427627749,9.716943063298919],[124.20509835349887,9.694165977475235],[124.1926217520092,9.689978848465682],[124.19127511284645,9.67418475144286],[124.19921236503608,9.682278003067232],[124.22818307972541,9.693733457437425],[124.23167458294331,9.69192305148182],[124.22561468091533,9.671941827726817],[124.23028332422064,9.672971839023274],[124.23588393350592,9.681814232327698],[124.2426083238949,9.6811231012587],[124.25670354047213,9.69725613626985],[124.26714675273553,9.731314750269643],[124.26449799763573,9.753779673695009],[124.27365703420273,9.763148278120866],[124.27316654368198,9.756160845344715],[124.28311926093845,9.74366639805636],[124.288068843727,9.74159296183401],[124.2911723747495,9.75730683644327],[124.28238351734586,9.7661447552607],[124.29774505907515,9.777733948717648],[124.28888489036618,9.784846213746643],[124.2588438980952,9.767192638961752],[124.23134017055588,9.757743809205826],[124.21247815830469,9.762323348674705],[124.21526951960087,9.757547650630652],[124.21018620137133,9.753958019149314],[124.19861481952601,9.765150360917257],[124.18976791537855,9.75146988989427],[124.18946915415759,9.743822481431588],[124.18572797890856,9.747478952663423],[124.17083012685761,9.733771678367662],[124.16514483074769,9.73167141261702],[124.15373394568356,9.754065026210299],[124.15165602052173,9.756339222118095],[124.15052786511872,9.752446368182884],[124.14570753707,9.750212365156054],[124.14020505519592,9.740553981278048],[124.13451078165404,9.73261675939889],[124.12992683021648,9.730106308279233],[124.127180032841,9.726507803747378],[124.1230286017968,9.723390928703397],[124.11417725143264,9.689367943779724]]]]},"properties":{"rank":67,"site_id":"14740","name":"Rajah Sikatuna National Park","desig":"Protected Landscape","iucn_cat":"V","status_yr":"2018","loss_ha":71.9,"forest2000_ha":10305.1,"area_ha":10968.1,"rep_area_ha":10965.0,"pct_of_forest2000":0.7,"pct_of_pa":0.655,"lon":124.2014,"lat":9.7233}},{"type":"Feature","geometry":{"type":"Polygon","coordinates":[[[121.92474080402357,11.79895082418806],[121.95244521525228,11.772878475350806],[121.96987134213626,11.781257087364091],[121.98466223183699,11.777239473056108],[121.9969470014964,11.780628416622685],[122.03146497075217,11.76902130951046],[122.04545309862584,11.760250292790396],[122.05413056679923,11.761859992106334],[122.05597663660599,11.771799393143004],[122.06883218213297,11.77736879799784],[122.07496349545734,11.792141817077935],[122.07338936727804,11.807302769905295],[122.06286595471447,11.824978600945654],[122.05388526000203,11.831845641896956],[122.03454174116492,11.835800843181508],[121.99811535012569,11.863826313180022],[121.99072661673232,11.863531957934063],[121.96882791446022,11.865712527041977],[121.96602317607964,11.855483331515595],[121.94495393197936,11.854408672650765],[121.9392329243997,11.845258561136887],[121.94240776883449,11.840077107165811],[121.94186379158165,11.817732552979741],[121.92474080402357,11.79895082418806]]]},"properties":{"rank":68,"site_id":"555583090","name":"Northwest Panay Peninsula Natural Park","desig":"Natural Park","iucn_cat":"II","status_yr":"2018","loss_ha":68.9,"forest2000_ha":11444.6,"area_ha":12015.1,"rep_area_ha":12009.0,"pct_of_forest2000":0.6,"pct_of_pa":0.573,"lon":122.0007,"lat":11.812}},{"type":"Feature","geometry":{"type":"Polygon","coordinates":[[[122.01687029009337,6.6052307129521095],[122.02443740405032,6.574431709279972],[122.02280087506924,6.570035063727744],[122.0269300538222,6.568666102586395],[122.03374350295415,6.573196522709985],[122.03370343478028,6.578012353802914],[122.0451766403125,6.570195574761293],[122.05379612045614,6.567341727289271],[122.05388976900436,6.56342215802974],[122.0636596440792,6.554468289230851],[122.06364178309761,6.54827461086082],[122.06743648207619,6.549808538003955],[122.0783122889778,6.540404321135567],[122.08871978111424,6.542397506342701],[122.09139082167303,6.553259867126381],[122.0763011873628,6.5920897229393205],[122.07969458545605,6.603045742047286],[122.08525957010218,6.602666761745721],[122.08789931618963,6.597828598170951],[122.09205072688496,6.602590942914686],[122.04281778409327,6.628284275026562],[122.02277416027329,6.613738655148724],[122.01687029009337,6.6052307129521095]]]},"properties":{"rank":69,"site_id":"7226","name":"Basilan National Park","desig":"Natural Biotic Area","iucn_cat":"VI","status_yr":"2018","loss_ha":66.0,"forest2000_ha":4275.6,"area_ha":4548.1,"rep_area_ha":4546.0,"pct_of_forest2000":1.54,"pct_of_pa":1.45,"lon":122.0554,"lat":6.5876}},{"type":"Feature","geometry":{"type":"Polygon","coordinates":[[[124.40022410262604,11.056425777550459],[124.42667554920583,11.036774542283029],[124.44536806684854,11.035316415196938],[124.45223955812513,11.041144434440946],[124.45487044629112,11.031231839688221],[124.46055579960829,11.03802307069806],[124.46230821459908,11.048747209101395],[124.46002514495171,11.050258841549551],[124.46994666464792,11.063221441511338],[124.46728010874558,11.0760636528554],[124.47053080087782,11.076692411035225],[124.47530203183912,11.093280290700212],[124.4758950977949,11.101101481180457],[124.46645961373807,11.110318469937003],[124.46509512204912,11.106238401147674],[124.46193364263456,11.106746771855367],[124.46204065127407,11.10313042414887],[124.45424170687033,11.109912720481766],[124.44405714414287,11.109346386451058],[124.44546621181932,11.124333422642854],[124.44028916921863,11.13153937075205],[124.4410739481242,11.137135482082225],[124.43163405402191,11.145964557286051],[124.42259547956773,11.124979973104857],[124.41671386250302,11.096076147837366],[124.41877403030405,11.083532648554504],[124.41950525897897,11.073018091455681],[124.40805880458133,11.07194343979042],[124.40022410262604,11.056425777550459]]]},"properties":{"rank":70,"site_id":"306499","name":"Palompon Watershed Forest Reserve","desig":"Watershed Forest Reserve","iucn_cat":"Not Assigned","status_yr":"1988","loss_ha":62.1,"forest2000_ha":4966.5,"area_ha":5631.9,"rep_area_ha":5631.0,"pct_of_forest2000":1.25,"pct_of_pa":1.102,"lon":124.4399,"lat":11.0803}},{"type":"Feature","geometry":{"type":"MultiPolygon","coordinates":[[[[122.10135242281548,12.584559732025786],[122.11109106953262,12.581679151450025],[122.11324036127252,12.58892963027941],[122.10578031580108,12.592349778779342],[122.10135242281548,12.584559732025786]]],[[[122.03240580772905,12.591868178979148],[122.03007373481607,12.58711030952998],[122.03350274677861,12.578878797595804],[122.03916583979719,12.576033883853198],[122.03884921251155,12.567579428352026],[122.04732593778184,12.566812512248935],[122.0508665276949,12.578624656450325],[122.05254312980703,12.573113231127305],[122.05954833282728,12.572542425129981],[122.06947427789788,12.574259165298926],[122.07672035055144,12.571182396002147],[122.07921743725458,12.5726271958959],[122.07873586567518,12.566848175510454],[122.08708326599236,12.563450334477638],[122.08803307016635,12.557787244419488],[122.09511858755664,12.555874295519963],[122.08829615673544,12.548356299766626],[122.09122577973069,12.537088153955274],[122.09743730312134,12.548396426266464],[122.1026500062924,12.545310745820554],[122.10729191856407,12.548726403307134],[122.10445148157146,12.556748342688657],[122.1097400271439,12.562282013193391],[122.09909169032258,12.57257807981965],[122.10135242281548,12.584559732025786],[122.09416884549711,12.585629930681126],[122.08807320499561,12.588456998543185],[122.08219611151503,12.586789299890473],[122.06365522218599,12.587257500055891],[122.06532737861785,12.593214818018845],[122.07103502468338,12.598324986774417],[122.07016101965169,12.600978101339111],[122.06631725604377,12.601825393397247],[122.06324051716473,12.604977944607398],[122.06131861660992,12.602271287323887],[122.05590085211209,12.60074181478605],[122.05126333019844,12.608371356299873],[122.04462372157887,12.605727067278842],[122.04207762290648,12.607733651259533],[122.04094495408177,12.602993671474133],[122.0375069835812,12.603894410469424],[122.03857724706339,12.598293737493293],[122.03344923569759,12.595921529773266],[122.03240580772905,12.591868178979148]]]]},"properties":{"rank":71,"site_id":"306434","name":"Calatrava, San Andres, San Agustin Watershed Forest Reserve","desig":"Watershed Forest Reserve","iucn_cat":"Not Assigned","status_yr":"1982","loss_ha":59.0,"forest2000_ha":2479.1,"area_ha":2615.5,"rep_area_ha":2614.0,"pct_of_forest2000":2.38,"pct_of_pa":2.254,"lon":122.0706,"lat":12.5792}},{"type":"Feature","geometry":{"type":"MultiPolygon","coordinates":[[[[124.0112121462013,9.644620909755412],[124.02275675755007,9.645744574484509],[124.01836906262106,9.655808759780385],[124.02082153586612,9.663148452174608],[124.01208613215871,9.662171912169764],[124.0112121462013,9.644620909755412]]],[[[124.05888442628192,9.808809418832261],[124.06389648019544,9.757369263770649],[124.06846703523738,9.725794370317795],[124.07026402830937,9.721571557173805],[124.06998313897064,9.718543850877298],[124.0721368565847,9.687481767048789],[124.07789800613634,9.681279143584383],[124.07472763922911,9.664405923927106],[124.08544724232371,9.646667587622797],[124.0933309462034,9.641240893402871],[124.08356109652406,9.630057453861811],[124.08862216159682,9.626873669145901],[124.09234994834189,9.631100901512449],[124.10028273912062,9.635163106910044],[124.10161154150086,9.642275361420989],[124.10685988678163,9.645485932672056],[124.10399713664688,9.658689329750683],[124.10184341105987,9.65781092588062],[124.09721932735174,9.654823326015467],[124.0945839986,9.65962131791043],[124.09720590712611,9.671941801708986],[124.08802464815612,9.674447775883538],[124.08342729871714,9.675990673795154],[124.08472491674348,9.705835408766413],[124.0789459351537,9.711092714108709],[124.08204054715998,9.714931985404325],[124.08864891964144,9.718521577333293],[124.08747614536063,9.722249374643974],[124.10044768324325,9.727221306920997],[124.104634802178,9.72611095679899],[124.10518770246068,9.731020392523225],[124.10025598451013,9.738569702597085],[124.10661911248724,9.74319825126269],[124.08977708258709,9.779432875130583],[124.10280213867222,9.78975125229289],[124.10256135358983,9.797148890552561],[124.09125749377651,9.794089938740711],[124.08538488961912,9.799195584675994],[124.08731117763276,9.805763890600513],[124.0802568700969,9.803547672244674],[124.073679746475,9.813223944499132],[124.08399808303436,9.81545794466469],[124.08512621888143,9.818396476762437],[124.09489615476858,9.817018658893906],[124.11291538327143,9.829196432430509],[124.12726027277321,9.83195663371765],[124.14057070918983,9.8287371771761],[124.14287157016439,9.838453513936917],[124.13136710362066,9.84617674243925],[124.13287425897443,9.852504206027799],[124.12148128715202,9.867308390839227],[124.12678757788191,9.87783183743053],[124.12606965770514,9.883659920687293],[124.12286361390426,9.882442589158106],[124.12000977672591,9.884716716391827],[124.10734593466749,9.877698072874983],[124.10080891152148,9.86527947542278],[124.10196376216842,9.861404578212921],[124.09802198913002,9.859968694209792],[124.10194150954077,9.85772134672484],[124.09961387148788,9.85113967742962],[124.09440562316384,9.850921181582166],[124.09105685649442,9.855308930672189],[124.08555878050174,9.85232138045685],[124.08741370910343,9.840192607824395],[124.0817016716046,9.841294003403933],[124.0726675253054,9.853079398456734],[124.07441991650455,9.86315698741558],[124.06152419061043,9.871165481242652],[124.05824227540504,9.867865750214804],[124.06363783319803,9.838609586378745],[124.06893969459138,9.829134025363048],[124.06318740840085,9.811819356832613],[124.05888442628192,9.808809418832261]]]]},"properties":{"rank":72,"site_id":"306481","name":"Loboc Watershed Forest Reserve","desig":"Watershed Forest Reserve","iucn_cat":"Not Assigned","status_yr":"1953","loss_ha":58.5,"forest2000_ha":7962.2,"area_ha":8893.3,"rep_area_ha":8890.0,"pct_of_forest2000":0.74,"pct_of_pa":0.658,"lon":124.0875,"lat":9.7784}},{"type":"Feature","geometry":{"type":"MultiPolygon","coordinates":[[[[124.99850616633587,8.106748247619016],[124.99365917614413,8.107350262181424],[124.99544281348999,8.1044295406193],[124.99850616633587,8.106748247619016]]],[[[124.9207840447167,8.181830630313854],[124.92448956916039,8.173942445974244],[124.92906018575168,8.17321564483167],[124.92442713722284,8.181821677789056],[124.9207840447167,8.181830630313854]]],[[[125.00992144871579,8.111042359779882],[125.00468650492977,8.108589901356547],[124.99850616633587,8.106748247619016],[125.01002853479764,8.095359715015055],[125.02529203603453,8.088626511814992],[125.03173091319174,8.09133765015848],[125.03005434829126,8.102275784742337],[125.01009981337009,8.105352574563515],[125.00992144871579,8.111042359779882]]],[[[125.0012440819608,8.149074072105806],[124.99521540518877,8.139906156532907],[124.99677160552463,8.132526330066952],[125.00739320261295,8.116161456292676],[125.01479532460426,8.117829102998382],[125.01818869901867,8.114324317319191],[125.02427977149401,8.118069914325533],[125.0234816328695,8.124633703905637],[125.01862120281031,8.12416107264214],[125.01410854762011,8.127514329655453],[125.00536873543321,8.136231820229003],[125.00762503311223,8.140588394370553],[125.0016008476181,8.141542606846858],[125.0012440819608,8.149074072105806]],[[125.00959153194879,8.12671167192509],[125.01169625267262,8.12193595974594],[125.01410854762011,8.127514329655453],[125.00959153194879,8.12671167192509]]],[[[124.92906018575168,8.17321564483167],[124.93332751566238,8.165166962413286],[124.93530735388384,8.16838643330064],[124.95417823269726,8.165470157323035],[124.96052800584877,8.16865395593129],[124.95571668510615,8.147085288200525],[124.96617323146677,8.145123325135888],[124.96670389222669,8.141524783280724],[124.98070994512736,8.145332858791773],[124.97642028202617,8.139402293300233],[124.9972219575339,8.151682603768375],[124.99500581910247,8.15403700489197],[124.9871800585592,8.15160234511716],[124.978079078495,8.153528724620239],[124.96634714727767,8.150590134296673],[124.96782760374764,8.19259490159418],[124.9380184617231,8.185665419247814],[124.93376003345458,8.175471953812126],[124.92906018575168,8.17321564483167]]],[[[124.69831947724795,8.118765565424566],[124.71548254758585,8.102048353768275],[124.71993724782529,8.084733657052093],[124.75821863533157,8.095386504217222],[124.7681088731345,8.09358499128041],[124.78164227880868,8.071258259999924],[124.8055028920165,8.072810033029215],[124.84860016357761,8.05663688486322],[124.87136830751426,8.0643333294459],[124.87481963102245,8.059455027000107],[124.919272389287,8.065341049539635],[124.9519308525999,8.079543325417147],[124.97180067292156,8.063441499154845],[124.97225544687177,8.051330596750374],[124.98144122202835,8.053314873469073],[124.99014534397928,8.047188095638976],[125.00482915511087,8.045582794748775],[125.0084901469522,8.050675063111692],[125.01805489638521,8.0520841542753],[125.02352617486854,8.065349978987625],[125.02172918064834,8.07138760635229],[125.00703200639816,8.074749749111753],[125.00204226316932,8.097620492534352],[124.99652192267641,8.1017674776598],[124.99830995502332,8.081630153987483],[124.9812316017359,8.082633478241403],[124.98334527020933,8.094302921655554],[124.9717917590586,8.095801163912851],[124.97297779913225,8.080060584822293],[124.96760466231883,8.081313590064722],[124.96762694807846,8.085830614560075],[124.94766799261394,8.085928730571736],[124.94765015980026,8.081407180450443],[124.92873912402992,8.080029322868096],[124.92789633122639,8.071004153117658],[124.91465277507042,8.074482210949547],[124.91311887863607,8.070107853949564],[124.89822994254615,8.075779837522388],[124.89023479968851,8.072618319805805],[124.8758942998475,8.079489760743671],[124.86242337932522,8.073514563539415],[124.8528362482711,8.07953882721083],[124.8463125971272,8.073091006142779],[124.8424465942502,8.075017276547301],[124.84156816250943,8.071748764328339],[124.83288181372247,8.072823401389417],[124.83105356804043,8.0755301283659],[124.82340171854227,8.076051805855707],[124.81791709824125,8.087707886885527],[124.80279624190753,8.08651734339934],[124.79906402011837,8.087783717941168],[124.7968389173726,8.083596613657438],[124.7934455370578,8.092572800768629],[124.7898425198962,8.08718620810674],[124.76240128026511,8.09914994250887],[124.7462147514499,8.096443277424425],[124.7481499470236,8.10088453504364],[124.74079248132352,8.107287848528362],[124.73059896697809,8.129855309314777],[124.72070863250666,8.137565130860027],[124.71452833665084,8.149818725745092],[124.71187516483224,8.152418399346242],[124.72189926377646,8.177349192389967],[124.7112286237084,8.189522553036701],[124.73789406119667,8.172497688913861],[124.73937444065088,8.175650294524578],[124.73446942668588,8.179931029769135],[124.74538086367026,8.185540591380787],[124.76400650533628,8.180015740555666],[124.77244318023047,8.181152865035731],[124.76041245230044,8.208830455348147],[124.7733215630172,8.21333862453021],[124.78076381263415,8.213668627518967],[124.78851824345901,8.20260111804224],[124.79341873936039,8.20303361726581],[124.80820962506722,8.17958321372721],[124.81844320908996,8.185821483816179],[124.83485270381715,8.184920762412116],[124.83837541232907,8.17210529862016],[124.87265248830374,8.176577791597444],[124.88144144628812,8.169251517987407],[124.89094379423209,8.171815474950092],[124.89583984497727,8.181398101284705],[124.90617602660927,8.18857725018529],[124.88397867468747,8.193968264839304],[124.87170272005845,8.188398851133277],[124.85590416664891,8.195047416185512],[124.85034811507224,8.201950082613441],[124.82737034072166,8.202681378431983],[124.82289341294512,8.216749835867036],[124.814376528164,8.224490819026947],[124.79849321422356,8.22837027624242],[124.76160750805994,8.21822583364422],[124.74746329146608,8.187565040589202],[124.7368461604399,8.189732141488374],[124.7344738960357,8.196973699694267],[124.70702366853384,8.191346335679834],[124.68487978724167,8.155463934874078],[124.68289549760564,8.126551142100292],[124.69831947724795,8.118765565424566]]]]},"properties":{"rank":73,"site_id":"555715058","name":"Mt. Kitanglad Range National Park","desig":"Natural Park","iucn_cat":"Not Assigned","status_yr":"2018","loss_ha":57.7,"forest2000_ha":14304.4,"area_ha":16135.1,"rep_area_ha":16140.0,"pct_of_forest2000":0.4,"pct_of_pa":0.358,"lon":124.8451,"lat":8.1339}},{"type":"Feature","geometry":{"type":"Polygon","coordinates":[[[125.99940492750311,7.498861349100107],[126.00221416265731,7.494861478870867],[126.01743751201354,7.483646876406406],[126.01126170178335,7.47629378342077],[126.01479328655535,7.460085000765761],[126.01714769844351,7.4562635141075875],[126.04468713656242,7.465204001188648],[126.04229703912621,7.4842800331291395],[126.03357505201248,7.496043151928],[126.03435093256277,7.498259341723645],[126.02820625857373,7.497416595941332],[126.02842033011454,7.494041051276318],[126.02306496207189,7.4964801761643365],[126.02211514195497,7.493323088204938],[126.00587958455777,7.502798731882376],[125.99940492750311,7.498861349100107]]]},"properties":{"rank":74,"site_id":"7232","name":"Mainit Hotsprings National Park","desig":"Protected Landscape","iucn_cat":"V","status_yr":"2018","loss_ha":54.4,"forest2000_ha":1309.6,"area_ha":1419.7,"rep_area_ha":1423.0,"pct_of_forest2000":4.15,"pct_of_pa":3.83,"lon":126.0251,"lat":7.4792}},{"type":"Feature","geometry":{"type":"Polygon","coordinates":[[[121.5294950313871,15.683559131994071],[121.53919805768099,15.660197940564016],[121.54487000070532,15.656108882717223],[121.54651537951469,15.644038125117369],[121.55568774293606,15.637166667265388],[121.54838381263491,15.631552633641139],[121.56346891913994,15.632034193546927],[121.56731267100164,15.639801977916811],[121.56887777789737,15.658467786992258],[121.57615949696469,15.664460822229252],[121.57676595207643,15.677209346936674],[121.58323611520036,15.678917212901938],[121.5970860794899,15.711415165258341],[121.60416270304462,15.721300959791698],[121.61437849160707,15.727244953413065],[121.60941544797514,15.734080798615095],[121.61249668880122,15.743195151878254],[121.6009075405032,15.750673099525114],[121.59714406712148,15.737634630947856],[121.58911763617708,15.734272475182122],[121.58602304869873,15.7360071165456],[121.57147747480843,15.736230039132836],[121.56982313700054,15.730642814236841],[121.56241655475304,15.729327353335345],[121.56165847710245,15.720921992529515],[121.55851036297496,15.712436286117702],[121.56049469966467,15.709729570018888],[121.55035917925575,15.69758746150583],[121.55571456978245,15.690943418636605],[121.53805199695934,15.687371660941345],[121.5294950313871,15.683559131994071]]]},"properties":{"rank":75,"site_id":"306426","name":"Dibalo-Pingit-Zabali-Malayat Watershed Forest Reserve","desig":"Watershed Forest Reserve","iucn_cat":"Not Assigned","status_yr":"1992","loss_ha":53.7,"forest2000_ha":4542.9,"area_ha":4572.6,"rep_area_ha":4572.0,"pct_of_forest2000":1.18,"pct_of_pa":1.174,"lon":121.5701,"lat":15.6926}},{"type":"Feature","geometry":{"type":"Polygon","coordinates":[[[121.48441798772717,15.888329971853834],[121.49329605543952,15.872000751729017],[121.51082480478499,15.865963117307667],[121.53615246925118,15.871479065234329],[121.52489769828007,15.915191583063203],[121.50481839368483,15.924065189179828],[121.48864515592213,15.92183570072615],[121.48704879787074,15.916645260274938],[121.49253351149363,15.908284474952076],[121.49170411938273,15.901328260923476],[121.48550601707903,15.89456827794078],[121.48441798772717,15.888329971853834]]]},"properties":{"rank":76,"site_id":"306421","name":"Dipaculao Watershed Forest Reserve","desig":"Watershed Forest Reserve","iucn_cat":"Not Assigned","status_yr":"1987","loss_ha":51.8,"forest2000_ha":2608.3,"area_ha":2678.7,"rep_area_ha":2678.0,"pct_of_forest2000":1.99,"pct_of_pa":1.934,"lon":121.5093,"lat":15.8937}},{"type":"Feature","geometry":{"type":"MultiPolygon","coordinates":[[[[121.93157658570509,17.283266122478178],[121.94912319664226,17.278606380746012],[121.96849797959067,17.29315197132091],[121.98658852061988,17.286597047369472],[122.00390771795475,17.285049703447918],[122.00709595715341,17.275435911794197],[122.02461573114311,17.266767445776534],[122.02014775163849,17.285923746456692],[122.03312816865954,17.305606220054557],[122.04011111983414,17.305512528246712],[122.0175659511381,17.31526460708409],[122.00367583134256,17.33887559275157],[122.00006395816466,17.372483769412575],[122.01092628418273,17.428565889410713],[121.99777639410131,17.43259247111127],[121.98912133790921,17.40564613588173],[121.99357592429492,17.399019932155188],[121.98811358003617,17.38178997681008],[121.9909049988725,17.35656037091387],[121.9809656511167,17.337060721839027],[121.96770429211588,17.338349394831177],[121.9592720711051,17.331754410606017],[121.9592943752904,17.324976545395604],[121.95491112525853,17.32259087320798],[121.95559329387689,17.311510060161766],[121.9283838927874,17.2997514228602],[121.9267607733846,17.295675789379438],[121.93157658570509,17.283266122478178]]]]},"properties":{"rank":77,"site_id":"555583104","name":"Tumauini Watershed Forest Reserve","desig":"Watershed Forest Reserve","iucn_cat":"Not Assigned","status_yr":"2018","loss_ha":49.6,"forest2000_ha":5583.8,"area_ha":6512.4,"rep_area_ha":6509.0,"pct_of_forest2000":0.89,"pct_of_pa":0.761,"lon":121.987,"lat":17.3249}},{"type":"Feature","geometry":{"type":"MultiPolygon","coordinates":[[[[123.3987903163963,8.6851739310739],[123.39930308865293,8.675087483304708],[123.40132308692509,8.676224496424952],[123.40124726822702,8.67290697891349],[123.41153889539241,8.674351724310338],[123.41598902883167,8.678208840378353],[123.41654645746415,8.674347213367849],[123.41383534744179,8.673183439747588],[123.4135232132153,8.6698702803914],[123.4162565778671,8.667408870394219],[123.42603542382172,8.681744888354984],[123.42199103447021,8.687951935741244],[123.42486711732666,8.692353125165681],[123.3987903163963,8.6851739310739]]]]},"properties":{"rank":78,"site_id":"305510","name":"Rizal National Park","desig":"Protected Landscape","iucn_cat":"V","status_yr":"2018","loss_ha":48.8,"forest2000_ha":447.8,"area_ha":475.1,"rep_area_ha":475.0,"pct_of_forest2000":10.89,"pct_of_pa":10.263,"lon":123.4126,"lat":8.6809}},{"type":"Feature","geometry":{"type":"MultiPolygon","coordinates":[[[[120.40573464837341,14.792858138026855],[120.40815146268575,14.795408752758215],[120.40532885197482,14.795863586464902],[120.40573464837341,14.792858138026855]]],[[[120.29119821950789,14.724674026029586],[120.29435077417004,14.723184722299234],[120.29111346858231,14.719024379968733],[120.29442214624203,14.718979767386088],[120.30641262989141,14.722645133584837],[120.31437215023016,14.71597438230132],[120.32455668999306,14.716638769660314],[120.33289077569518,14.712179656160798],[120.32770932013364,14.706886687724815],[120.30963213407264,14.711020277468249],[120.30829883056363,14.706672672790623],[120.31223622526772,14.700773248846785],[120.31624943700643,14.6998770158176],[120.29671412832442,14.692336634946919],[120.2933430245229,14.681099724945085],[120.30082092120607,14.672275160063986],[120.30267147474218,14.669060179235311],[120.31950011060697,14.673238353440782],[120.31461738252105,14.664587637085887],[120.31058634584352,14.660636888116693],[120.31334651640014,14.65980753977789],[120.31319490563743,14.651005256008219],[120.31768076755475,14.64894958855927],[120.31293629581097,14.643999977080034],[120.31963833987193,14.641587610844688],[120.32489560666639,14.632482174292178],[120.32733917686579,14.640281125252429],[120.3294572584746,14.651116760022223],[120.33328764877167,14.647990869393983],[120.33958387714726,14.650595016953854],[120.33387622577165,14.640981183868458],[120.33929408858161,14.637164190868686],[120.33478591952438,14.631750811134667],[120.34311108191919,14.631701789246087],[120.3456750061706,14.632236916723317],[120.34777079749684,14.621071304551077],[120.35570351589658,14.624036606971783],[120.35989957950936,14.623617439082096],[120.36597735540143,14.626159157889951],[120.36584797099583,14.63031057360495],[120.37214869229221,14.63086345714959],[120.37343296897616,14.651776695664163],[120.38775554783024,14.65145111914882],[120.3961565465227,14.662509752489672],[120.41201311915542,14.662594449992087],[120.42121665368924,14.670076783878745],[120.41609314828452,14.675285053318222],[120.41907184687271,14.688064824919266],[120.43280142294313,14.692938634037892],[120.4481451641698,14.718400064774274],[120.42610381388631,14.729409612878502],[120.44447982298432,14.740664404893653],[120.43582026190336,14.746898196627692],[120.4360610451105,14.751326101411562],[120.42795434185425,14.748213676070986],[120.42571144474152,14.760904218200984],[120.43015719950024,14.75902696474047],[120.43350145878786,14.766259632006724],[120.43375121321542,14.769046562924888],[120.43683244501678,14.767793587205107],[120.44262926861609,14.783048113702817],[120.44542513200756,14.792581671029001],[120.43503092234178,14.799787576009582],[120.4358915562843,14.803698269411063],[120.42956853196335,14.808572048393946],[120.42716512995726,14.803140843068459],[120.42631340516093,14.813637542599238],[120.41916099839675,14.803510932370289],[120.41477324605911,14.813378930191023],[120.4181978245781,14.817146900028106],[120.41478221426523,14.820040809599055],[120.4120219996277,14.815367702591407],[120.40961405040333,14.816866004846474],[120.40919490122063,14.822587009008162],[120.4021094301313,14.815314176277065],[120.39897909359973,14.800888976447524],[120.39331160159513,14.792153637707786],[120.38813009208945,14.796269406659219],[120.37683524688806,14.79337990665675],[120.37194807238572,14.803417306052145],[120.37092245214,14.813392317889994],[120.37162255911133,14.817597280659262],[120.37297808212611,14.828036053844686],[120.36944649817524,14.831335772518363],[120.36187498901218,14.810489436213421],[120.37216654665731,14.78888512439572],[120.36824257311808,14.771365287359016],[120.32557343737233,14.770464579631458],[120.35672019611091,14.74597963809729],[120.32922982633708,14.734301223599898],[120.3219035719988,14.740454839207933],[120.29981762143251,14.736842903326306],[120.29119821950789,14.724674026029586]],[[120.40483389295329,14.80426900358408],[120.40532885197482,14.795863586464902],[120.40009840491221,14.794204791952241],[120.40340255471119,14.78778374449865],[120.40573464837341,14.792858138026855],[120.40824959040664,14.792033210945178],[120.41490706569752,14.798788780050366],[120.4080355733998,14.798432032833334],[120.40746483033963,14.800938022859059],[120.41115250177761,14.805999123386226],[120.40787053210529,14.807961115982698],[120.40483389295329,14.80426900358408]]]]},"properties":{"rank":79,"site_id":"7215","name":"Bataan National Park","desig":"Natural Park","iucn_cat":"II","status_yr":"2018","loss_ha":47.3,"forest2000_ha":17269.3,"area_ha":19979.9,"rep_area_ha":20004.0,"pct_of_forest2000":0.27,"pct_of_pa":0.237,"lon":120.3748,"lat":14.7182}},{"type":"Feature","geometry":{"type":"MultiPolygon","coordinates":[[[[121.22694055214669,15.642954600956449],[121.24063890669005,15.639784180998495],[121.2604908199217,15.635717422105186],[121.25929135703022,15.630424494936062],[121.27491598857327,15.62956391957156],[121.27806413456807,15.624765866626001],[121.28608608186441,15.6430437708618],[121.28988073838396,15.645518536072743],[121.29044260182486,15.651805854307918],[121.29420612708155,15.663849887870683],[121.30208084615072,15.66985631177287],[121.30386454161544,15.673557396376992],[121.31264889377077,15.67124313622275],[121.33132368662959,15.673624236786255],[121.3339812724547,15.677552760538058],[121.33915829916157,15.672322236686744],[121.36469999790276,15.673584139063186],[121.37630258649898,15.66117890151486],[121.37708744420534,15.663836507663207],[121.38671458373317,15.668465052198204],[121.39341219078348,15.663497657867097],[121.39677432506888,15.659823317395018],[121.41401320770345,15.661535676475712],[121.41551150943938,15.66811728323173],[121.40830115258434,15.668349118238892],[121.41211808683576,15.679157995571346],[121.41603762406758,15.674239626346049],[121.42710963309243,15.680616154864843],[121.41033002920511,15.69641474248778],[121.40919742437131,15.705627198144745],[121.39386697034037,15.704307340557719],[121.36600656387905,15.70892252644264],[121.34766182562113,15.707437637095495],[121.3353100863404,15.702599536750043],[121.33039618341935,15.704806759873088],[121.32637854692267,15.71096479635085],[121.32154037401111,15.713872127119199],[121.32245005585806,15.703072185029495],[121.32353803408934,15.693730323110941],[121.3222359675017,15.69016752805302],[121.30250892157035,15.677472443572336],[121.28737475628856,15.677133593641194],[121.27466627762564,15.660282640911817],[121.25955437367197,15.653968556071463],[121.25511759204193,15.663024960585089],[121.24681922333917,15.65765173641256],[121.2340037408084,15.656416577726754],[121.22694055214669,15.642954600956449]]]]},"properties":{"rank":80,"site_id":"844","name":"Aurora Memorial","desig":"National Park","iucn_cat":"Not Assigned","status_yr":"1949","loss_ha":45.1,"forest2000_ha":6061.6,"area_ha":6516.6,"rep_area_ha":6517.0,"pct_of_forest2000":0.74,"pct_of_pa":0.692,"lon":121.3374,"lat":15.6754}},{"type":"Feature","geometry":{"type":"MultiPolygon","coordinates":[[[[125.59360888782038,11.024445086829296],[125.60777994756917,11.000557685081276],[125.62249941611691,10.980835126253208],[125.64027785404093,10.974168732987845],[125.65777982336206,10.988335302774201],[125.65889013908783,10.999442915410313],[125.67972309587402,11.00861085926824],[125.68944388909412,11.007224053064071],[125.69111161655486,10.989998572318916],[125.70262945747166,10.982988839718534],[125.70527814542248,10.968612744547126],[125.6936131425852,10.943057624864338],[125.69027775716832,10.939998679343299],[125.69888827276704,10.932779336147462],[125.7133312713118,10.929443991104833],[125.74305566564827,10.906943339756346],[125.7472204555786,10.89222386576791],[125.74305566564827,10.818332060047172],[125.73110972979497,10.801944879347175],[125.71539584381011,10.779524547799976],[125.71182410136757,10.764278892282205],[125.71946258055131,10.751998480061305],[125.71796877614754,10.747646410099525],[125.73275959128118,10.74102908456908],[125.78265696742943,10.739218706966092],[125.81280495392184,10.72992149935228],[125.8186909089229,10.715170788799574],[125.81084736655218,10.70262287316132],[125.82389026760714,10.712776250793834],[125.83777591131603,10.721110284534616],[125.89111119029477,10.726942795551949],[125.9211120607292,10.735000394834602],[125.92972257636501,10.746388924607338],[125.93638889059426,10.73694459075946],[125.95777920786166,10.745002174644045],[125.96722355898298,10.746388974333382],[125.96892249770744,10.754473307988532],[125.9583321894861,10.77722365096455],[125.83805681779644,10.957224159492526],[125.7691681626881,11.037220431340769],[125.76024106954782,11.029702395565632],[125.75963905916238,11.019192283764761],[125.75236185284801,11.014942736375776],[125.73598797873021,11.017979424665597],[125.71196236049698,11.041041894437951],[125.71376829110905,11.047877662823945],[125.70184022667814,11.068652657033649],[125.65916658980278,11.061112298926565],[125.64611032157418,11.062499049979273],[125.64611032157418,11.0541650200468],[125.6211126005967,11.048889920912481],[125.60222384992582,11.030835015117287],[125.59472367869988,11.028890858358402],[125.59360888782038,11.024445086829296]]]]},"properties":{"rank":81,"site_id":"555583082","name":"Guiuan Protected Landscape and Seascape","desig":"Protected Landscape and Seascape","iucn_cat":"V","status_yr":"2018","loss_ha":44.8,"forest2000_ha":3417.8,"area_ha":66620.4,"rep_area_ha":66725.0,"pct_of_forest2000":1.31,"pct_of_pa":0.067,"lon":125.7944,"lat":10.8757}},{"type":"Feature","geometry":{"type":"MultiPolygon","coordinates":[[[[124.42834765299965,12.262643841860193],[124.43327052367908,12.251607528876606],[124.44470812368824,12.232464655459392],[124.44637582435848,12.225927611893226],[124.4531403022743,12.224219771828993],[124.45540104743198,12.227443675942245],[124.48855895914302,12.212198013527047],[124.49083756681955,12.21529267182623],[124.49512274501164,12.213865698610615],[124.49011961516982,12.235180198365532],[124.48383225580835,12.239795403695368],[124.47932417877031,12.24752748612721],[124.4696300655879,12.262527879978919],[124.4647651404389,12.27045172831724],[124.45020174593606,12.27199456496126],[124.43322592924686,12.270964492691924],[124.42834765299965,12.262643841860193]]],[[[124.51480075745049,12.27944571615042],[124.51888973797726,12.26566265701079],[124.51675380036964,12.25999512643845],[124.52512352724382,12.238845641586611],[124.53296266283975,12.241240159861547],[124.5311656769465,12.250626557823512],[124.53408191451292,12.249939843381531],[124.53478201005709,12.253382240173408],[124.53857669579237,12.253025532652526],[124.53881748716395,12.244316889804056],[124.55602064757572,12.245275602678813],[124.55470520902892,12.2765517397184],[124.56428336569033,12.29374158774829],[124.54760190414737,12.303319766822792],[124.53848752928612,12.301107999206522],[124.52542682383933,12.292876500586747],[124.5190725912934,12.285139959990431],[124.51480075745049,12.27944571615042]]]]},"properties":{"rank":82,"site_id":"555583081","name":"Pan-as Falls Hayiban Watershed Forest Reserve","desig":"Protected Landscape","iucn_cat":"V","status_yr":"2018","loss_ha":43.6,"forest2000_ha":5043.2,"area_ha":5068.4,"rep_area_ha":5068.0,"pct_of_forest2000":0.86,"pct_of_pa":0.861,"lon":124.4983,"lat":12.258}},{"type":"Feature","geometry":{"type":"MultiPolygon","coordinates":[[[[121.9723818106456,16.61911419745087],[121.9811841366245,16.60066691474413],[121.99494489470072,16.597697142791024],[121.9998766552457,16.606726829266847],[121.99386578757458,16.614668514563373],[121.98842566928214,16.61751783873824],[121.98802881168864,16.621865486862482],[121.98007383005506,16.623448469896694],[121.9723818106456,16.61911419745087]]],[[[122.04206869064348,16.76750863074321],[122.04988101871133,16.758189097547323],[122.07168161568354,16.761439771745827],[122.070357218398,16.76437835162565],[122.06482797132483,16.763664883437738],[122.06346794183719,16.78869383601613],[122.06743648207619,16.79121319857249],[122.05741687878695,16.788818703788444],[122.05260105384528,16.782424307042834],[122.04576970670355,16.78216124853653],[122.0436650391684,16.770081506291035],[122.04206869064348,16.76750863074321]]]]},"properties":{"rank":83,"site_id":"555715036","name":"Isabela (Monte-alto Timber Resouce Corporation Parcel (1 & 2) Wildeness Area","desig":"Wilderness Area","iucn_cat":"Not Assigned","status_yr":"1987","loss_ha":42.2,"forest2000_ha":831.5,"area_ha":1139.8,"rep_area_ha":1139.0,"pct_of_forest2000":5.08,"pct_of_pa":3.707,"lon":122.0251,"lat":16.7014}},{"type":"Feature","geometry":{"type":"MultiPolygon","coordinates":[[[[124.53201286826261,10.89600519692722],[124.53468388037825,10.898377411467008],[124.53430488409916,10.902912340386935],[124.53201286826261,10.89600519692722]]],[[[124.51178191771768,10.869741075758496],[124.51729780747078,10.868809086838333],[124.51906811084223,10.873803293602007],[124.51178191771768,10.869741075758496]]],[[[124.50949438495424,10.86947353303059],[124.51178191771768,10.869741075758496],[124.50945431011486,10.871992912393617],[124.50949438495424,10.86947353303059]]],[[[124.44912711032836,10.902653665695166],[124.45090183411469,10.899246953920432],[124.45206561792848,10.90248421853289],[124.44912711032836,10.902653665695166]]],[[[124.44298691790134,10.887314345402082],[124.44529225824455,10.891760089539666],[124.4440660280916,10.894270548493877],[124.44298691790134,10.887314345402082]]],[[[124.40837985704995,10.95388426720411],[124.4071045278472,10.94962586963211],[124.41084573473252,10.951052748935457],[124.40837985704995,10.95388426720411]]],[[[124.39341061404936,10.918345276033875],[124.39777612907007,10.917587174614154],[124.40049168425632,10.91948236898209],[124.39341061404936,10.918345276033875]]],[[[124.43834500274018,10.911464844415711],[124.44688862475725,10.919883636225556],[124.44127464733236,10.922906896748886],[124.43687345926787,10.917600588875306],[124.43834500274018,10.911464844415711]]],[[[124.4805949954784,10.867021001748356],[124.49117641428032,10.864220681409055],[124.49679490134689,10.863235218493005],[124.50001439957425,10.866276362947813],[124.49548838131145,10.870285074018128],[124.48633382412324,10.866784672054056],[124.4805949954784,10.867021001748356]]],[[[124.78498657106172,11.369013261008627],[124.79262061919178,11.36817042698075],[124.7953673651646,11.363885264669547],[124.80350967070372,11.36337248320227],[124.8052754804149,11.361169680233049],[124.81144242642951,11.367782539540412],[124.80836119958742,11.383375996047695],[124.80070049464548,11.376651673825133],[124.79611650072452,11.377449864008742],[124.79444437732947,11.374466686806166],[124.7908770492246,11.372330795928251],[124.79116694441808,11.374720896141444],[124.78498657106172,11.369013261008627]]],[[[124.41084573473252,10.951052748935457],[124.41322690500887,10.945095413514386],[124.41930467949392,10.947124282078267],[124.42037485463987,10.937666512972745],[124.42552954023637,10.937403482550577],[124.42395546732298,10.926028311979534],[124.4311346196726,10.927985826420313],[124.4306129269264,10.952176492330004],[124.42707684346665,10.953153017135854],[124.42256425122689,10.964380996516946],[124.41641958516533,10.95783948477181],[124.41477416999179,10.95591320354139],[124.41084573473252,10.951052748935457]]],[[[124.52812457882739,10.991590447331117],[124.53172751370813,10.9866497715659],[124.53621337231424,10.976514218294716],[124.54651831987803,10.984094693155397],[124.55096403980157,10.98516045869194],[124.57236332037553,11.001391555819172],[124.5723677136098,11.011879363225983],[124.59008374193621,11.017167837859608],[124.5863247459819,11.019562358262208],[124.57675551478911,11.024155270496648],[124.57287606001113,11.024266785065114],[124.57047708169365,11.023620145716407],[124.57079365429713,11.01948212261481],[124.56437259036089,11.019923566246247],[124.56164359225772,11.026139572389553],[124.55900830188452,11.024302420654319],[124.56065811383148,11.016864623898547],[124.55779988462893,11.019887899764269],[124.5535994039627,11.020641506541335],[124.55317578717091,11.01431404354267],[124.5489708586967,11.01463061133033],[124.5440569229056,11.001543162751304],[124.54128782127427,11.002889820499483],[124.53624903985522,10.996731807327755],[124.53817979849359,10.995215685285931],[124.53161154589216,10.990288419041072],[124.52812457882739,10.991590447331117]]]]},"properties":{"rank":84,"site_id":"555715024","name":"Mangrove Areas along Coastline of Dupon Bay from Sacay point to Mouth of Dupon River, Apali Point to Calunganan Point Puerto Bello Lao Mangrove from Bo. Tuban and Bo. Manpagui Santa Cruiz Mangrove Swamp Forest Reserve","desig":"Mangrove Swamp Forest Reserve","iucn_cat":"Not Assigned","status_yr":"1981","loss_ha":41.4,"forest2000_ha":1838.5,"area_ha":2737.4,"rep_area_ha":2738.0,"pct_of_forest2000":2.25,"pct_of_pa":1.511,"lon":124.5589,"lat":11.0365}},{"type":"Feature","geometry":{"type":"MultiPolygon","coordinates":[[[[126.14397343907257,6.698140576923417],[126.1492619752147,6.675590899529077],[126.15982105891231,6.6641844924776805],[126.18679422248469,6.66428706654013],[126.19335350674204,6.677325491544039],[126.19612260692726,6.685347380642398],[126.2039884726087,6.690328230604353],[126.2022494427124,6.692856491276324],[126.20567404691953,6.696829586092442],[126.20312790699727,6.700240761700691],[126.19918604424991,6.712231287183918],[126.19563658038236,6.713823214234854],[126.19639908078354,6.723093687350318],[126.19292544362041,6.723053513397267],[126.19717499133415,6.726995396739245],[126.1945663669654,6.7334165195081725],[126.19839673645805,6.735396353767008],[126.20376552649702,6.734633842999342],[126.20007340539965,6.743507464749159],[126.1958952482652,6.744243216494094],[126.19819613669517,6.7508337118732324],[126.20071105015819,6.754057652434526],[126.19547158907992,6.763738417973282],[126.18869819278184,6.7605679587348515],[126.18913075238159,6.767234330676459],[126.18870713888774,6.772875079975378],[126.18084576268174,6.774520459742302],[126.17893729079968,6.772585238925272],[126.17580254596817,6.778047613389437],[126.17651147436608,6.782644955126048],[126.17141478315824,6.7820117925580785],[126.15001996083615,6.76599471199476],[126.15337320811274,6.739984728185159],[126.15088501342287,6.723664458832868],[126.1535382064707,6.715874404216704],[126.14397343907257,6.698140576923417]]]]},"properties":{"rank":85,"site_id":"555583083","name":"Mt. Hamiguitan Range Wildlife Sanctuary","desig":"Wildlife Sanctuary","iucn_cat":"IV","status_yr":"2018","loss_ha":40.4,"forest2000_ha":6208.4,"area_ha":6342.7,"rep_area_ha":7137.0,"pct_of_forest2000":0.65,"pct_of_pa":0.636,"lon":126.1738,"lat":6.7191}},{"type":"Feature","geometry":{"type":"Polygon","coordinates":[[[122.0324861184737,18.188954076101297],[122.0379752088881,18.182880791763214],[122.04290701935508,18.171942666196173],[122.04136416693224,18.16409459055534],[122.04491804535735,18.16374683489353],[122.04929239720802,18.154150875673064],[122.05395220132503,18.152184330752014],[122.05567783382128,18.136301025841004],[122.04673738917144,18.130820849252558],[122.06698164887416,18.128149801463938],[122.08641890956316,18.146552529858756],[122.08975876771926,18.1447421106759],[122.08959380997393,18.158507347454115],[122.09988988171813,18.16887480225902],[122.11676311401563,18.161940880983224],[122.12518184502126,18.18545821317776],[122.1309787055266,18.18894519353428],[122.1203125294032,18.21546797120224],[122.11235300362324,18.21148154082208],[122.10597202990631,18.2164846292948],[122.10500444222777,18.2224018013252],[122.07090124974378,18.231547429355626],[122.05892854893965,18.224395053750367],[122.04584107563905,18.208886320727533],[122.04152468843,18.204752675796],[122.04226936286035,18.19830934695754],[122.03162099691518,18.194434330654403],[122.0324861184737,18.188954076101297]]]},"properties":{"rank":86,"site_id":"306401","name":"Bawa Watershed Forest Reserve","desig":"Watershed Forest Reserve","iucn_cat":"Not Assigned","status_yr":"1987","loss_ha":37.3,"forest2000_ha":6871.3,"area_ha":6928.0,"rep_area_ha":9447.0,"pct_of_forest2000":0.54,"pct_of_pa":0.538,"lon":122.079,"lat":18.1852}},{"type":"Feature","geometry":{"type":"Polygon","coordinates":[[[122.78110674354376,14.018851856364018],[122.79068044781349,14.020278777902433],[122.79269589021185,14.015498648137838],[122.82886818944706,14.002598431995072],[122.84406472376243,14.0146513696275],[122.84162567599047,14.022905201834634],[122.83679646131938,14.01975709453904],[122.8369212568055,14.034503346000617],[122.81973142245015,14.035136483914663],[122.82780690801836,14.044933133882703],[122.83605173029326,14.043350191493602],[122.83936936880683,14.055648378952753],[122.83453118129103,14.056593664122714],[122.8346248230522,14.059924634560685],[122.8317130228776,14.06175732245979],[122.82996061770648,14.074670860207389],[122.80343792636849,14.083370571684956],[122.79739582173441,14.094678877550416],[122.77344599341677,14.084146447830268],[122.76162494260033,14.087138527076569],[122.7665522197265,14.077355242167291],[122.76547314672716,14.072289741938514],[122.76135733713673,14.071941958996444],[122.76049672284041,14.033754223537265],[122.78110674354376,14.018851856364018]],[[122.82981343494639,14.018530787917161],[122.8263175662379,14.013492036184093],[122.83009884880533,14.012145375142326],[122.83503063170366,14.016426144100677],[122.82981343494639,14.018530787917161]]]},"properties":{"rank":87,"site_id":"306444","name":"Abasig-Matogdon Mananap Watershed Forest Reserve","desig":"Natural Biotic Area","iucn_cat":"VI","status_yr":"2018","loss_ha":35.6,"forest2000_ha":5841.3,"area_ha":5922.6,"rep_area_ha":5918.0,"pct_of_forest2000":0.61,"pct_of_pa":0.6,"lon":122.7996,"lat":14.0484}},{"type":"Feature","geometry":{"type":"MultiPolygon","coordinates":[[[[123.32279386148865,13.658025853983057],[123.32632994501084,13.64363636250709],[123.33033416437848,13.638535112669182],[123.32659303288631,13.633041491505171],[123.32632549169428,13.622740964248582],[123.3353194884905,13.6205158838254],[123.33629158646261,13.623035316990482],[123.338904607907,13.620939546102127],[123.3462799431603,13.624092075883103],[123.34898216803258,13.624230313238531],[123.35128302378301,13.615766934480275],[123.3452945027324,13.613729161274527],[123.35100656096468,13.612966682863657],[123.34340827543835,13.59679350247387],[123.35769521494625,13.596731083588123],[123.35834629884974,13.60141309297629],[123.35522490871882,13.602576918067387],[123.35995596829139,13.610295663813499],[123.36162819136818,13.603223507121802],[123.36557889903608,13.592976493156407],[123.37349386686319,13.588833988901202],[123.38362490192112,13.598541424381503],[123.38604620876,13.60995230059058],[123.38994345190233,13.607169834195142],[123.3874061878982,13.599121121138216],[123.39346612053556,13.59783243307284],[123.39131689807239,13.595005357419195],[123.3947236411642,13.593765741188188],[123.39516061161197,13.599816787490473],[123.40517572761576,13.602505568757799],[123.40471201894582,13.605341623220246],[123.4051400446328,13.607731643817997],[123.40573758310128,13.61245833175315],[123.41095474123915,13.613185167254095],[123.40878314888923,13.616846108442026],[123.41170831397817,13.620671957024445],[123.41628335839788,13.623249355704242],[123.41539155414888,13.630040535570128],[123.42391285291225,13.633059351266064],[123.4177860507754,13.636252053468388],[123.42248597291889,13.640385699621742],[123.4197079534467,13.64748456176783],[123.41953401441165,13.652732937962542],[123.426570550669,13.65448981519934],[123.42454158709572,13.656246697838395],[123.43206862424744,13.658462823005651],[123.42427850995205,13.66190527720743],[123.42300323861878,13.670979537607437],[123.42307014244703,13.674390750312503],[123.41907473855282,13.673882445354531],[123.41728663896862,13.672196893226785],[123.41674264761554,13.67460481821686],[123.41694328649643,13.67860020004241],[123.40833280622209,13.67996014624641],[123.4079180578395,13.682622237012108],[123.40847544776277,13.686626547698596],[123.4033698268733,13.6969716368447],[123.40307999307305,13.713657644664192],[123.39897310735425,13.71326074109758],[123.40099756243059,13.715601798326006],[123.39528547217223,13.71490617380537],[123.3933190064926,13.702086248653789],[123.38543528173058,13.696539110070987],[123.38442310969725,13.710643225657224],[123.38142213593882,13.702911182265877],[123.37086294965442,13.714995360377033],[123.36111538964687,13.708306725335158],[123.35765061061528,13.71035792073473],[123.3576996668169,13.701212302275671],[123.34658758620073,13.70221556466697],[123.35001663093279,13.697537933884531],[123.34189217717358,13.68703229096592],[123.33180565642346,13.684834005918054],[123.3366037141554,13.681123985706588],[123.32393094795194,13.673739706045726],[123.32805558974177,13.672607146184241],[123.3332192371021,13.669347528356344],[123.32971440629889,13.667880497596231],[123.33340651979123,13.663523936385438],[123.32279386148865,13.658025853983057]],[[123.4010911807867,13.621630719951881],[123.40339207566741,13.621394319611323],[123.40343665881242,13.623824598334409],[123.4010911807867,13.621630719951881]]]]},"properties":{"rank":88,"site_id":"5219","name":"Mt. Isarog National Park","desig":"Natural Park","iucn_cat":"II","status_yr":"2018","loss_ha":35.5,"forest2000_ha":9598.5,"area_ha":10098.2,"rep_area_ha":10091.0,"pct_of_forest2000":0.37,"pct_of_pa":0.351,"lon":123.3749,"lat":13.6525}},{"type":"Feature","geometry":{"type":"MultiPolygon","coordinates":[[[[120.61295800868456,16.408653531371996],[120.61682401259537,16.408765037587578],[120.62332095705305,16.379941406565614],[120.6322525243966,16.36136478166484],[120.63690339850139,16.337401548069277],[120.64743578040844,16.328634998716453],[120.64595090519272,16.30391818799903],[120.63034851999966,16.284414119457654],[120.61846943587238,16.264740558148425],[120.64764088296027,16.21471838138894],[120.67018169400167,16.166707198751762],[120.6612679123116,16.14340842792391],[120.70785211866098,16.136349619450982],[120.71575816014946,16.15600092572075],[120.71881263703997,16.17912576058831],[120.74981226957577,16.197412550600113],[120.74501878656574,16.22745350043855],[120.76981580084303,16.282710705797157],[120.80270166642433,16.319418063055803],[120.80273734162908,16.337490779604625],[120.79848780014228,16.340255432775226],[120.79730617727557,16.34767978967389],[120.78989518115094,16.356838806739162],[120.78960974960995,16.360905520398507],[120.77956338532735,16.366537343885103],[120.78029473012835,16.380886731454694],[120.77049363255692,16.390768104874866],[120.76475916994639,16.38999672164476],[120.75477524420833,16.40396705261445],[120.74529967282062,16.399958284579395],[120.74045708050531,16.403632590910018],[120.72717792293886,16.391298755561802],[120.72646442121071,16.388614335186073],[120.70704508306913,16.39361302811404],[120.69570112031268,16.41019637871677],[120.69576349597179,16.41281394135765],[120.68727336537526,16.417112509264197],[120.67887689345889,16.426770918232258],[120.67306223148954,16.422499046996602],[120.66450518850878,16.419944050650578],[120.65128396460649,16.433316868564212],[120.61824207659205,16.419203811517704],[120.61295800868456,16.408653531371996]]]]},"properties":{"rank":89,"site_id":"306384","name":"Lower Agno Watershed Forest Reserve","desig":"Watershed Forest Reserve","iucn_cat":"Not Assigned","status_yr":"1983","loss_ha":34.8,"forest2000_ha":24624.5,"area_ha":39054.6,"rep_area_ha":39082.0,"pct_of_forest2000":0.14,"pct_of_pa":0.089,"lon":120.7008,"lat":16.2984}},{"type":"Feature","geometry":{"type":"MultiPolygon","coordinates":[[[[123.03764767552042,7.735768890996821],[123.04634297375114,7.733588418298792],[123.05538600331768,7.738899210687936],[123.06293079120742,7.73076576853909],[123.0731912196866,7.745146375350544],[123.0702704735964,7.746421705299785],[123.07432382705792,7.757172591920585],[123.0782121666841,7.772132854500385],[123.08659080536329,7.771602233891149],[123.08653732018502,7.780444637277587],[123.08470910555064,7.78559045813268],[123.07196938701998,7.786116630485248],[123.06809891992948,7.779115846503374],[123.04910313648723,7.767040553905449],[123.05743271415491,7.763825565804945],[123.05754426739685,7.746974625609552],[123.05530579317025,7.741619275760652],[123.04940192477557,7.741547873946862],[123.04078247860353,7.743715041590032],[123.03764767552042,7.735768890996821]]]]},"properties":{"rank":90,"site_id":"306502","name":"Buug Watershed Forest Reserve","desig":"Natural Biotic Area","iucn_cat":"VI","status_yr":"2018","loss_ha":31.7,"forest2000_ha":1099.1,"area_ha":1262.3,"rep_area_ha":1261.0,"pct_of_forest2000":2.88,"pct_of_pa":2.509,"lon":123.0657,"lat":7.7597}},{"type":"Feature","geometry":{"type":"MultiPolygon","coordinates":[[[[126.1709599196256,6.9991833495314175],[126.17162879179577,6.978542232637946],[126.1778001548203,6.970591653800712],[126.18215673798254,6.985908632866775],[126.1892645289405,6.989168262018196],[126.190633509537,6.9870635543321695],[126.20081358300956,6.992954033357918],[126.19894966687711,7.001765201041802],[126.18683878843454,7.011294277482568],[126.18075215032391,7.009274340319031],[126.1709599196256,6.9991833495314175]]]]},"properties":{"rank":91,"site_id":"306531","name":"Mati Watershed Forest Reserve","desig":"Protected Landscape","iucn_cat":"V","status_yr":"2018","loss_ha":30.7,"forest2000_ha":726.1,"area_ha":882.4,"rep_area_ha":884.0,"pct_of_forest2000":4.23,"pct_of_pa":3.479,"lon":126.1835,"lat":6.9945}},{"type":"Feature","geometry":{"type":"Polygon","coordinates":[[[125.52973230071034,9.981171499342729],[125.54169158930092,9.943255780932313],[125.61781733692291,9.915560343094054],[125.61124910137403,9.883909626778966],[125.62837647189708,9.872922368272095],[125.64003703930564,9.889902635460931],[125.64506688941876,9.898227794613547],[125.64471465502356,9.926106105178805],[125.63135521527667,9.937900449926394],[125.60148812643739,9.93569318623354],[125.55569758216035,9.977287646018135],[125.53455254384356,9.991645943733243],[125.53129742860938,9.99029037932899],[125.52973230071034,9.981171499342729]]]},"properties":{"rank":92,"site_id":"555715037","name":"Island of Awasan, Cabilan, Capaquian, Sugbuhan and Tagboaba Wilderness Area","desig":"Wilderness Area","iucn_cat":"Not Assigned","status_yr":"1981","loss_ha":28.6,"forest2000_ha":829.9,"area_ha":4665.7,"rep_area_ha":4672.0,"pct_of_forest2000":3.45,"pct_of_pa":0.614,"lon":125.5917,"lat":9.9336}},{"type":"Feature","geometry":{"type":"MultiPolygon","coordinates":[[[[123.8985574601396,7.75845237888183],[123.90659723315545,7.768133070876729],[123.92032228884264,7.775909737304024],[123.92648029769005,7.7731807416865575],[123.94875357259463,7.776244174355947],[123.96437825095872,7.785215870487835],[123.96579180120386,7.7989008631859615],[123.99165452255492,7.801348922546244],[123.9944013368343,7.812759748429958],[123.99068688480088,7.821677915357541],[123.99328211054292,7.837012825727857],[123.95311006900657,7.844423810486961],[123.9384842586921,7.842640196805505],[123.91808380037656,7.832571550846889],[123.91463698500372,7.826716691887401],[123.89886960569825,7.821182954124299],[123.90064873857726,7.814695028662098],[123.9111766780131,7.811992801404814],[123.91675053644315,7.804942948547265],[123.91718313019733,7.813914669213005],[123.93674516808858,7.815024988435171],[123.9364062632377,7.818993598658787],[123.95579891632198,7.833646156770665],[123.95855463289848,7.827902839302851],[123.97767078352315,7.82552170075736],[123.97739879416712,7.822467185936154],[123.97065663585236,7.821343504822781],[123.97184724508013,7.817383843952483],[123.95500520966796,7.81704046879581],[123.95474208546344,7.812122074325184],[123.95037664861665,7.811319425438294],[123.95465735471501,7.804974139531044],[123.93918434418711,7.804122474959623],[123.94396448873415,7.800006725579691],[123.93859572137298,7.79478067164337],[123.93115346105338,7.79911489560716],[123.92766645971606,7.795583251654047],[123.93662476894383,7.787637169761452],[123.92157976049545,7.78713775469818],[123.89305937096269,7.759098940180122],[123.8985574601396,7.75845237888183]]]]},"properties":{"rank":93,"site_id":"555583088","name":"Mt. Inayawan Range Natural Park","desig":"Natural Park","iucn_cat":"II","status_yr":"2018","loss_ha":28.5,"forest2000_ha":4218.8,"area_ha":4238.0,"rep_area_ha":4236.0,"pct_of_forest2000":0.68,"pct_of_pa":0.673,"lon":123.95,"lat":7.8111}},{"type":"Feature","geometry":{"type":"MultiPolygon","coordinates":[[[[120.9595148905109,16.35396716105778],[120.97656198557847,16.337423877795693],[120.98451704353134,16.34506229304302],[120.98984565234777,16.34839777256839],[120.98017393555513,16.3548188513328],[120.99755103489686,16.351233725622155],[121.00080618506067,16.35279443012213],[120.99161153434628,16.341173981203703],[120.9922669617222,16.33724106980992],[120.9856407594293,16.33434262133608],[120.98794163566926,16.332064067924176],[121.01549886561607,16.33247876184216],[121.03766064768949,16.343532878519383],[121.0390696821882,16.350506867224997],[121.04820639788564,16.365302203420292],[121.04545955977552,16.369739002814608],[121.04720310940509,16.373074399674845],[121.04510290362167,16.37517907546791],[121.049976675608,16.37446564687466],[121.06332277107639,16.385336897299776],[120.99631138391625,16.4181470118969],[120.9595148905109,16.35396716105778]]]]},"properties":{"rank":94,"site_id":"306398","name":"Salinas Deer Refuge","desig":"Natural Monument","iucn_cat":"III","status_yr":"2018","loss_ha":26.3,"forest2000_ha":2094.0,"area_ha":5963.9,"rep_area_ha":5966.0,"pct_of_forest2000":1.26,"pct_of_pa":0.441,"lon":121.0089,"lat":16.3716}},{"type":"Feature","geometry":{"type":"MultiPolygon","coordinates":[[[[120.3060291386916,14.851067266780863],[120.31860825996662,14.852583398593048],[120.32319221593518,14.859089166473456],[120.3128872839556,14.863369964626198],[120.30863330165639,14.862446900229093],[120.3060291386916,14.851067266780863]]],[[[120.26160757742115,14.853336971271348],[120.26611131421119,14.85582069695816],[120.27103862891477,14.860921856181985],[120.27104302994925,14.849007134564909],[120.26738659964178,14.840062229001775],[120.27126598616432,14.839950751208647],[120.28474590348873,14.861256299716622],[120.28930305954854,14.86316478646533],[120.2924824137385,14.876769534295413],[120.29732944704637,14.87844616354798],[120.29574203853493,14.85428673928592],[120.30303262398947,14.858277649031224],[120.31055959562687,14.87457566992761],[120.3128872839556,14.863369964626198],[120.32366487389771,14.870669448855327],[120.32589000351813,14.874557828799846],[120.32656782905835,14.8674544271261],[120.32333941581554,14.861470343969303],[120.34122036987432,14.849453052186975],[120.34078340492707,14.847210186689207],[120.34447552344653,14.845769833849284],[120.34545208883848,14.848035116622691],[120.34410094124536,14.857136135718097],[120.36997712583091,14.917721937120257],[120.32729017041669,14.929850651060512],[120.30066489588025,14.930118245103516],[120.27319238955266,14.878945597896427],[120.27732148355202,14.878142956870121],[120.27252793057029,14.872760806517558],[120.27159597475111,14.868270501215038],[120.2678681733536,14.868355192474679],[120.26160757742115,14.853336971271348]]]]},"properties":{"rank":95,"site_id":"555715045","name":"Olongapo Naval Base Perimeter National Park","desig":"Watershed Forest Reserve","iucn_cat":"Not Assigned","status_yr":"1987","loss_ha":25.9,"forest2000_ha":4290.5,"area_ha":6285.3,"rep_area_ha":6293.0,"pct_of_forest2000":0.6,"pct_of_pa":0.413,"lon":120.3185,"lat":14.8909}},{"type":"Feature","geometry":{"type":"Polygon","coordinates":[[[124.916258085648,8.809765686381485],[124.92589865081645,8.7918222537709],[124.95618037696507,8.787644095335947],[124.9533622721465,8.770583549809436],[124.96430933274009,8.768046327713982],[124.99897441513865,8.750740580687344],[125.02087748174662,8.736560654475902],[125.03415221359627,8.752858674888012],[125.04641478481571,8.75879372390337],[125.02074822177597,8.791991737292703],[125.0203022817584,8.797833143901087],[125.00214927519923,8.798078353387432],[124.9892802941599,8.8021539840135],[124.984870243521,8.828761461387984],[124.98446892857469,8.834745586295117],[124.94629906088997,8.841897991710985],[124.9173505748237,8.842950300837591],[124.90406691172522,8.816944812907472],[124.916258085648,8.809765686381485]]]},"properties":{"rank":96,"site_id":"555583087","name":"Mt. Balatukan Range Natural Park","desig":"Natural Park","iucn_cat":"II","status_yr":"2018","loss_ha":25.1,"forest2000_ha":8069.8,"area_ha":8434.5,"rep_area_ha":8438.0,"pct_of_forest2000":0.31,"pct_of_pa":0.297,"lon":124.9739,"lat":8.7951}},{"type":"Feature","geometry":{"type":"Polygon","coordinates":[[[122.4470041190029,12.43999123507249],[122.45119122990049,12.422105705225098],[122.46352507203464,12.411466345444516],[122.47107432887084,12.417289919591694],[122.4798632570352,12.411814119878505],[122.4853835970374,12.420634228889554],[122.51245476889369,12.41892197408649],[122.52122587842948,12.42226624086571],[122.538709945005,12.409923462266867],[122.53998526722769,12.399319706061119],[122.55008517948936,12.394807161075187],[122.56621372270266,12.389028170768697],[122.55203380729274,12.380386406809334],[122.55908361919391,12.363223290964516],[122.56706543966597,12.363040459218707],[122.57597025167513,12.344775990156947],[122.59501503863905,12.354354153340966],[122.60977018211354,12.352178113374919],[122.61100089696389,12.334627138723699],[122.60263117714092,12.328513671288698],[122.6016590694049,12.323350040751222],[122.61061300082761,12.312046246235193],[122.62030263539053,12.307948316290839],[122.62921639816336,12.312246848850478],[122.63245815533325,12.330020847490493],[122.63899068872365,12.34036600480564],[122.6359496352564,12.347090290123958],[122.64081450157619,12.353127929897235],[122.6357311140162,12.36544397712261],[122.63886582319067,12.371156082803484],[122.63174021711394,12.381474448315918],[122.63293082760052,12.385723963584066],[122.62445853155066,12.391864082634774],[122.61926807701494,12.388238860699701],[122.61774757216624,12.402820133218594],[122.62234489817399,12.409620263453533],[122.62267487864067,12.424116769773432],[122.6276021219855,12.432352728901227],[122.60525760790937,12.466183963129188],[122.58603887553016,12.476934851761035],[122.57750862860908,12.486678020822994],[122.57195702433215,12.488006771168992],[122.56516585097786,12.477969376845603],[122.566976212503,12.47375103372348],[122.56036335110682,12.472012010490795],[122.55492328099066,12.455446411259029],[122.52652328969283,12.447495862050983],[122.52328149216684,12.455196706382399],[122.51043036910788,12.453613780394479],[122.50445959807297,12.447986389362292],[122.49384248511193,12.445979757404059],[122.48244054596917,12.437186449721358],[122.47658131455916,12.438207537918062],[122.46719939971423,12.44558288766003],[122.46031008057324,12.447750057922564],[122.4470041190029,12.43999123507249]]]},"properties":{"rank":97,"site_id":"101394","name":"Mt. Guiting-Guiting Natural Park","desig":"Natural Park","iucn_cat":"II","status_yr":"2018","loss_ha":23.0,"forest2000_ha":15380.7,"area_ha":15526.2,"rep_area_ha":15515.0,"pct_of_forest2000":0.15,"pct_of_pa":0.148,"lon":122.571,"lat":12.4091}},{"type":"Feature","geometry":{"type":"MultiPolygon","coordinates":[[[[121.46309458155419,14.02255735563093],[121.45564335949092,14.007873576505453],[121.46046366018311,14.006468935229305],[121.46309458155419,14.02255735563093]]],[[[121.43003926109994,14.043880798688495],[121.42854097290491,14.041423826715528],[121.43247835221578,14.04115626874146],[121.43003926109994,14.043880798688495]]],[[[121.43613484348688,14.006442167836843],[121.44742523942335,14.008346218970464],[121.44895030907271,14.013683741622804],[121.44544095356758,14.0191060570273],[121.43778020940697,14.012377227573507],[121.43613484348688,14.006442167836843]]],[[[121.40235717006026,14.069212920200393],[121.40235717006026,14.066671288698364],[121.4150165252217,14.050970771181897],[121.42409081269739,14.046912952352034],[121.42853207885898,14.05090389767969],[121.43003926109994,14.043880798688495],[121.43369565507896,14.045066920076655],[121.43524296533379,14.049164859480651],[121.43891733007582,14.042881968417968],[121.43045396166207,14.033959304712967],[121.43994737283582,14.023721222388726],[121.45433684417873,14.027578328854162],[121.45637912326464,14.025879398891387],[121.45977255501839,14.032108789670938],[121.46491381450564,14.026855971849619],[121.46908756861829,14.028728764112756],[121.46046366018311,14.006468935229305],[121.46900728877858,14.004341963190143],[121.47038075494376,14.008622646646014],[121.47697572715144,14.010062959557716],[121.48259418203455,14.002522637149266],[121.48839546770644,14.003579458621093],[121.49794240962234,14.013318100836603],[121.50450617475339,14.005947201183838],[121.50439916790224,14.003253965525092],[121.50766771165723,14.001795778337435],[121.51169875841751,14.019083724289507],[121.52297137925976,14.030097752213104],[121.52896882473894,14.02593289060422],[121.54969918865797,14.036871099416459],[121.54004078305971,14.054172377379116],[121.54204739225949,14.059197829412383],[121.54773278257443,14.06287653023882],[121.54161488754309,14.065645635356535],[121.5423327660773,14.068552978119676],[121.55158986818734,14.066929903069537],[121.54212317841606,14.0883558622336],[121.5362684193121,14.086353697618499],[121.53643341491373,14.094950869046984],[121.53374902715534,14.096346595573612],[121.50241934889138,14.113175269269446],[121.49352342327838,14.108047293490923],[121.48975101110535,14.111231088635392],[121.48006140957665,14.099922752964261],[121.46940860025245,14.098593984737995],[121.45333360612968,14.075843661658526],[121.44564165046125,14.074135799091996],[121.43712916311874,14.081564680357353],[121.42417103655671,14.079919232869909],[121.41092750497558,14.072548387267197],[121.40235717006026,14.069212920200393]],[[121.52577163179573,14.091949897260253],[121.52705590381635,14.0881151190304],[121.53374902715534,14.096346595573612],[121.52577163179573,14.091949897260253]]]]},"properties":{"rank":98,"site_id":"841","name":"Mts. Banahaw- San Cristobal National Park","desig":"Protected Landscape","iucn_cat":"V","status_yr":"2009","loss_ha":20.2,"forest2000_ha":10554.5,"area_ha":11311.7,"rep_area_ha":11311.0,"pct_of_forest2000":0.19,"pct_of_pa":0.179,"lon":121.4857,"lat":14.0574}},{"type":"Feature","geometry":{"type":"MultiPolygon","coordinates":[[[[124.7112286237084,8.189522553036701],[124.72189926377646,8.177349192389967],[124.71187516483224,8.152418399346242],[124.72025825129873,8.142929388881443],[124.72284900750587,8.133493963417381],[124.73339483646635,8.125119745687273],[124.74464958212198,8.101383970607996],[124.7481499470236,8.10088453504364],[124.7462147514499,8.096443277424425],[124.76667307512638,8.097914796858172],[124.7898425198962,8.08718620810674],[124.7934455370578,8.092572800768629],[124.7968389173726,8.083596613657438],[124.79906402011837,8.087783717941168],[124.80673363413406,8.085268782142427],[124.81791709824125,8.087707886885527],[124.82614410735562,8.074165633211697],[124.83105356804043,8.0755301283659],[124.83466099908016,8.071392034608143],[124.84156816250943,8.071748764328339],[124.8424465942502,8.075017276547301],[124.85123993044878,8.075654940035378],[124.8528362482711,8.07953882721083],[124.86242337932522,8.073514563539415],[124.8758942998475,8.079489760743671],[124.89023479968851,8.072618319805805],[124.89822994254615,8.075779837522388],[124.91311887863607,8.070107853949564],[124.91465277507042,8.074482210949547],[124.92789633122639,8.071004153117658],[124.93128520430767,8.08117981094229],[124.94765015980026,8.081407180450443],[124.94766799261394,8.085928730571736],[124.96762694807846,8.085830614560075],[124.96760466231883,8.081313590064722],[124.97297779913225,8.080060584822293],[124.9717917590586,8.095801163912851],[124.98334527020933,8.094302921655554],[124.9812316017359,8.082633478241403],[124.99830995502332,8.081630153987483],[124.99365917614413,8.107350262181424],[125.00468650492977,8.108589901356547],[125.01714970590038,8.115282982523754],[125.01479532460426,8.117829102998382],[125.00739320261295,8.116161456292676],[124.99677160552463,8.132526330066952],[124.99521540518877,8.139906156532907],[125.00030769102536,8.149194423043667],[124.9972219575339,8.151682603768375],[124.97642028202617,8.139402293300233],[124.98070994512736,8.145332858791773],[124.96670389222669,8.141524783280724],[124.96356916104443,8.147754145318975],[124.95571668510615,8.147085288200525],[124.96052800584877,8.16865395593129],[124.94796231761435,8.166482384525917],[124.93530735388384,8.16838643330064],[124.93332751566238,8.165166962413286],[124.91805951140405,8.181844023492763],[124.90617602660927,8.18857725018529],[124.89391354425267,8.176426202755689],[124.88663182418055,8.171070784537202],[124.88144144628812,8.169251517987407],[124.8696916786064,8.176024860150486],[124.83670327254345,8.173750708747376],[124.83275698381738,8.186731140844163],[124.8125794807236,8.183226312955275],[124.80820962506722,8.17958321372721],[124.79341873936039,8.20303361726581],[124.7851783028231,8.206369034194248],[124.78076381263415,8.213668627518967],[124.76373894180809,8.211662011714093],[124.76041245230044,8.208830455348147],[124.77244318023047,8.181152865035731],[124.7561139582965,8.180595450735652],[124.74538086367026,8.185540591380787],[124.73446942668588,8.179931029769135],[124.73937444065088,8.175650294524578],[124.73789406119667,8.172497688913861],[124.7112286237084,8.189522553036701]]]]},"properties":{"rank":99,"site_id":"64412","name":"Mt. Kitanglad Range National Park","desig":"Natural Park","iucn_cat":"Not Assigned","status_yr":"2018","loss_ha":19.9,"forest2000_ha":29703.2,"area_ha":31085.8,"rep_area_ha":47234.0,"pct_of_forest2000":0.07,"pct_of_pa":0.064,"lon":124.8554,"lat":8.132}},{"type":"Feature","geometry":{"type":"Polygon","coordinates":[[[124.32855745859105,9.734819600716898],[124.3393618445527,9.728554509713856],[124.33845223228874,9.719426787637763],[124.34333046759012,9.716140416148285],[124.33783240641647,9.703873449205087],[124.34090472489491,9.692814845658935],[124.34929225958962,9.679749654069699],[124.35468780843375,9.679076326158196],[124.37334025625559,9.70340969534989],[124.3880374027833,9.707842040048014],[124.396969039733,9.714227424258391],[124.40290403026115,9.712149507192695],[124.40252505809276,9.72415784985862],[124.39675494903463,9.732799629905758],[124.39011093817405,9.731047174041445],[124.38121501676045,9.744130198923571],[124.37663547680853,9.738877351618509],[124.3698041677654,9.741726699596368],[124.37127564278838,9.745401006193545],[124.36166628437856,9.755817515493105],[124.35211042961495,9.759799455085597],[124.33480022066368,9.745383213864976],[124.32855745859105,9.734819600716898]]]},"properties":{"rank":100,"site_id":"306483","name":"Alihawan-Cansujay Anibongan River Watershed Forest Reserve","desig":"Watershed Forest Reserve","iucn_cat":"Not Assigned","status_yr":"1992","loss_ha":19.4,"forest2000_ha":2609.0,"area_ha":3738.2,"rep_area_ha":3737.0,"pct_of_forest2000":0.74,"pct_of_pa":0.519,"lon":124.3622,"lat":9.7218}},{"type":"Feature","geometry":{"type":"Polygon","coordinates":[[[121.17171906725125,15.227602659521795],[121.17876440191401,15.15104887555767],[121.19078168221952,15.127241673045829],[121.19571792824019,15.132235860868047],[121.21245290825524,15.133337267275296],[121.21569470684695,15.154749895920666],[121.22856816430885,15.145024592258087],[121.23310306930594,15.136534451543971],[121.24590956700453,15.135187785051087],[121.25457363642602,15.148551746291615],[121.25251349856904,15.164287900011365],[121.27842978446691,15.177848054770779],[121.27993253423794,15.204745324728455],[121.29149499729009,15.191827272013038],[121.30459576686034,15.191345774615222],[121.31502114421248,15.16443510185194],[121.32187926907265,15.1992383339926],[121.31312161949947,15.221016559090517],[121.32260610533858,15.249991856978337],[121.30994229276496,15.30722439525894],[121.28023575349542,15.337439277334061],[121.26327776005837,15.327490982306426],[121.26206042475627,15.273812351090921],[121.24187855922457,15.243744620105414],[121.2281088120468,15.237827441262066],[121.21300588099018,15.276550200883065],[121.18606393592648,15.255530043570086],[121.17171906725125,15.227602659521795]]]},"properties":{"rank":101,"site_id":"306409","name":"Do\u00f1a Remedios Trinidad-General Tinio Watershed Forest Reserve","desig":"Watershed Forest Reserve","iucn_cat":"Not Assigned","status_yr":"1988","loss_ha":19.3,"forest2000_ha":20644.7,"area_ha":20928.5,"rep_area_ha":20931.0,"pct_of_forest2000":0.09,"pct_of_pa":0.092,"lon":121.2486,"lat":15.2227}},{"type":"Feature","geometry":{"type":"MultiPolygon","coordinates":[[[[126.54207303673327,7.541557197745425],[126.5477628563761,7.538409092868366],[126.55035364253496,7.535974453283126],[126.55458527412627,7.540848197779478],[126.55407696330356,7.552539962072123],[126.55084862299852,7.544602800062591],[126.54207303673327,7.541557197745425]]]]},"properties":{"rank":102,"site_id":"306527","name":"Baganga Watershed Reservation","desig":"Protected Landscape","iucn_cat":"V","status_yr":"2000","loss_ha":17.7,"forest2000_ha":114.1,"area_ha":114.5,"rep_area_ha":115.0,"pct_of_forest2000":15.47,"pct_of_pa":15.422,"lon":126.5503,"lat":7.5423}},{"type":"Feature","geometry":{"type":"Polygon","coordinates":[[[124.66270913166464,11.075203061654904],[124.66818044723323,11.076063641635754],[124.66960286511781,11.07321874691132],[124.66857734257282,11.066467643902673],[124.68375606236948,11.05287184952186],[124.70075415111421,11.048716016005939],[124.71643236202002,11.053540717313913],[124.72194379510789,11.058659764457847],[124.7297383633139,11.058633039596751],[124.73412165996223,11.062726499155904],[124.72221578995641,11.069941339410674],[124.71763190846336,11.07824861845228],[124.71047950718159,11.087367494816124],[124.69991138716165,11.087425426929949],[124.70008533971442,11.084304085425169],[124.68615064694715,11.083077803633548],[124.66813588817014,11.096909938916152],[124.66596428117795,11.090524511046052],[124.66270913166464,11.079653218454474],[124.66270913166464,11.075203061654904]]]},"properties":{"rank":103,"site_id":"306493","name":"Lake Danao Natural Park","desig":"Natural Park","iucn_cat":"Not Assigned","status_yr":"2018","loss_ha":17.3,"forest2000_ha":2018.4,"area_ha":2243.9,"rep_area_ha":2244.0,"pct_of_forest2000":0.86,"pct_of_pa":0.77,"lon":124.695,"lat":11.0701}},{"type":"Feature","geometry":{"type":"MultiPolygon","coordinates":[[[[122.33139742765384,7.321616499845549],[122.32741546422028,7.318067055695826],[122.33118345714406,7.319083716800796],[122.33139742765384,7.321616499845549]]],[[[122.31980823521367,7.400810142353768],[122.3163212222822,7.405505554449475],[122.31590204296144,7.401759923886689],[122.31980823521367,7.400810142353768]]],[[[122.2880104422887,7.321188468664924],[122.30005444842395,7.331529110033431],[122.29149293450106,7.330449980620419],[122.2880104422887,7.321188468664924]]],[[[122.32456607165199,7.328742178053732],[122.3344430442701,7.3268425638649015],[122.33920091511264,7.331270482058345],[122.33090245802883,7.332469936507367],[122.32674213088762,7.331975042984028],[122.32456607165199,7.328742178053732]]],[[[122.31543390264453,7.326561657336166],[122.31192460096952,7.3189455218817026],[122.31917507491569,7.321518387341439],[122.31593776755338,7.323756869123333],[122.31798001779673,7.32701651647022],[122.31543390264453,7.326561657336166]]],[[[122.30005444842395,7.331529110033431],[122.30386251624863,7.336095183700153],[122.30810756619323,7.332456590719233],[122.31093906222966,7.3295091016297595],[122.31682067150086,7.334070748122466],[122.31661549451738,7.329937221974684],[122.31966560148201,7.332791033550034],[122.3246820589252,7.335725092925767],[122.32733520068997,7.34091550614214],[122.32813783325602,7.338498644365898],[122.33026036922467,7.341080484568999],[122.33446976816269,7.3486029623587426],[122.33391686761236,7.3586583014130875],[122.33118345714406,7.359309271745761],[122.33895565411098,7.380507832685649],[122.3399545097107,7.385662566044486],[122.33271289570054,7.38823550894319],[122.33441182314431,7.399517041187211],[122.3365210013763,7.398112369159074],[122.33487555537282,7.393769250393258],[122.34258530321118,7.390612174810231],[122.34767314015059,7.392810509408373],[122.3427904298846,7.400899356928983],[122.34806555972557,7.41429894331609],[122.33999904720831,7.413705896227632],[122.33596361438056,7.408952446262887],[122.33666361241065,7.40566613059762],[122.3385052579559,7.408399567624517],[122.3381262076323,7.402482288535898],[122.33529024892168,7.402509077182327],[122.3294310275867,7.401545874960406],[122.31980823521367,7.400810142353768],[122.31285208724053,7.3866524917570375],[122.30969944858501,7.386465224894841],[122.30742978486903,7.377426630405696],[122.31171941451358,7.368521834761924],[122.30274774184694,7.359679398727504],[122.29923845319969,7.354475626718972],[122.30258276531448,7.348219506200292],[122.30595828811461,7.350832572499627],[122.30820125279259,7.352362016518485],[122.31621422185785,7.355893626185075],[122.3172576660125,7.3500789793763195],[122.29925177632728,7.3413524958263325],[122.29637125996109,7.346828277697508],[122.29036479256074,7.333495532630453],[122.30005444842395,7.331529110033431]],[[122.30789796051029,7.355157895355683],[122.30517348150356,7.353155757529071],[122.30820125279259,7.352362016518485],[122.30789796051029,7.355157895355683]]]]},"properties":{"rank":104,"site_id":"555715025","name":"Mangrove Areas from Tagasilay to the Mouth of Tigbao River including east of Vitali Island Mangrove Swamp Forest Reserve","desig":"Mangrove Swamp Forest Reserve","iucn_cat":"Not Assigned","status_yr":"1981","loss_ha":16.6,"forest2000_ha":745.4,"area_ha":2662.2,"rep_area_ha":2661.0,"pct_of_forest2000":2.23,"pct_of_pa":0.624,"lon":122.3212,"lat":7.3657}},{"type":"Feature","geometry":{"type":"MultiPolygon","coordinates":[[[[122.61471977820798,14.29090611662726],[122.61950888552744,14.289541571586492],[122.61834063123793,14.29238201872494],[122.61471977820798,14.29090611662726]]],[[[122.58928958189222,14.308760315812284],[122.59548771002585,14.301790758089425],[122.59855557857243,14.30857753553303],[122.58928958189222,14.308760315812284]]],[[[122.58170015610098,14.32575398911341],[122.58524512099048,14.325419542935187],[122.58312706071145,14.328277823945147],[122.58170015610098,14.32575398911341]]],[[[122.53048743074672,14.336116862097114],[122.53274373217846,14.335247366947891],[122.5323824751815,14.338868142969153],[122.53048743074672,14.336116862097114]]],[[[122.50009415314071,14.328291153886264],[122.49969729329167,14.322200031930127],[122.50284095867534,14.324170938560794],[122.50009415314071,14.328291153886264]]],[[[122.44341452753474,14.343024072228257],[122.44606321196737,14.338899359204044],[122.44847563538895,14.340625060411746],[122.44341452753474,14.343024072228257]]],[[[122.42656800875147,14.29612325631569],[122.43453198686468,14.294121084074293],[122.42955566228804,14.300622429757935],[122.42656800875147,14.29612325631569]]],[[[122.39086849794285,14.277096254760922],[122.39504220331702,14.276084019721818],[122.39410134912791,14.279316837708805],[122.39086849794285,14.277096254760922]]],[[[122.62758875438293,14.308506123942083],[122.62890868896022,14.305679096389252],[122.63215494023478,14.31456606444671],[122.63042031883228,14.316416599759918],[122.62758875438293,14.308506123942083]]],[[[122.51919249797285,14.342640559541737],[122.52156472814224,14.338854823387736],[122.52521672415834,14.338466883081026],[122.52138187893118,14.349347079655315],[122.51919249797285,14.342640559541737]]],[[[122.49401640188336,14.335983167687486],[122.50009415314071,14.328291153886264],[122.50521770603174,14.330507379542556],[122.4984308892471,14.337525979895577],[122.49401640188336,14.335983167687486]]],[[[122.48337698031052,14.325629092189862],[122.48285085776185,14.319092053554762],[122.48585624962624,14.317254874501575],[122.4893923104976,14.32567365933581],[122.48337698031052,14.325629092189862]]],[[[122.43453198686468,14.294121084074293],[122.43380965550949,14.290625162708874],[122.4385318498694,14.29021494673878],[122.43982498587444,14.297318283944751],[122.43453198686468,14.294121084074293]]],[[[122.55545835987672,14.292957232734816],[122.5465133769057,14.289100131744233],[122.553228788765,14.281947755807984],[122.55855296033229,14.285251977502968],[122.55336704876883,14.287303153101151],[122.55545835987672,14.292957232734816]]],[[[122.51117505096349,14.34597596575227],[122.51147378560796,14.33951472066605],[122.52022253148158,14.336866043532025],[122.52156472814224,14.338854823387736],[122.51632525435573,14.341989553012947],[122.51919249797285,14.342640559541737],[122.51117505096349,14.34597596575227]]],[[[122.46746250073829,14.339657409290554],[122.4747977083037,14.335934073224482],[122.47291146254193,14.333650987829833],[122.47708967692596,14.332228534603042],[122.47767378102131,14.337530466656084],[122.47054814434402,14.341387593307298],[122.46746250073829,14.339657409290554]]],[[[122.41396666846718,14.293099977186227],[122.41677588278297,14.291673054160505],[122.42421807514499,14.306495092668108],[122.42050810596231,14.316893755103552],[122.41422082910266,14.31382586931882],[122.4183008830054,14.309710072536864],[122.41273595538063,14.300502073048724],[122.41396666846718,14.293099977186227]]],[[[122.62250091886614,14.289336490025333],[122.62471269591123,14.286273060433347],[122.62860097883758,14.282531853894735],[122.63248488927236,14.282460503740847],[122.63444239841772,14.28523855000796],[122.63121407086268,14.287530535413046],[122.63194529355093,14.294544719724746],[122.63891040572226,14.297108724989073],[122.63765743089074,14.302178687604338],[122.63276136953863,14.300814223044933],[122.62719634979265,14.291655184418854],[122.62562680272576,14.289131376798105],[122.62250091886614,14.289336490025333]]],[[[122.51207574194656,14.3156675042544],[122.51576787187946,14.306316761035333],[122.52423577486921,14.30480956645647],[122.52970257372637,14.302838606410432],[122.53428206003721,14.29799159975886],[122.53564211590553,14.30402474225386],[122.53986045465797,14.299757358534164],[122.55562337074386,14.295565818349898],[122.56619145888263,14.29647548147483],[122.56168776940252,14.303150776727863],[122.54722690142475,14.320683967108213],[122.55068268317201,14.31242570222347],[122.5480918933608,14.310222943233425],[122.54336973676969,14.321263658097307],[122.53281503388897,14.322645927474255],[122.51207574194656,14.3156675042544]]],[[[122.44421714007267,14.322958113517863],[122.44285269509975,14.31428963076734],[122.45740718292572,14.313518215028525],[122.45935581746785,14.307810548131503],[122.46418500593201,14.314753380705397],[122.46003357235335,14.321994916911688],[122.46900084245253,14.325999185295041],[122.46984359535209,14.32139293681958],[122.47311659417466,14.326569972292855],[122.4694111206687,14.328576547363182],[122.46604445957885,14.3290090917472],[122.46355184953825,14.32958879988801],[122.46118408706585,14.332224100577598],[122.45347429977704,14.32788543369004],[122.45750972081065,14.321656045429721],[122.45623891773919,14.317406513345487],[122.44421714007267,14.322958113517863]]]]},"properties":{"rank":105,"site_id":"555715026","name":"Mangrove Areas from Del Pilar River to Palita Island, Bo. Salvacion and Dahican Magrove Swamp Forest Reserve","desig":"Mangrove Swamp Forest Reserve","iucn_cat":"Not Assigned","status_yr":"1981","loss_ha":16.3,"forest2000_ha":1589.0,"area_ha":2421.8,"rep_area_ha":2420.0,"pct_of_forest2000":1.03,"pct_of_pa":0.673,"lon":122.5165,"lat":14.3113}},{"type":"Feature","geometry":{"type":"MultiPolygon","coordinates":[[[[121.06239080726277,15.133636059094245],[121.06218569553353,15.13706958655315],[121.05981345893929,15.137354938907157],[121.06239080726277,15.133636059094245]]],[[[121.09242727908214,15.168916429381099],[121.09237822201462,15.174276276992481],[121.08345116308445,15.177843590978235],[121.08493600616266,15.169897455229851],[121.08681330634013,15.172225083237254],[121.09242727908214,15.168916429381099]]],[[[121.06298829704826,15.117329088977677],[121.07770339923655,15.10740318155419],[121.09493781985097,15.101798035761512],[121.09847828376417,15.103242800211119],[121.10067662581741,15.116125138504358],[121.10096202870783,15.136971423762768],[121.10133661896937,15.144440419780045],[121.0926725641187,15.15390266320312],[121.09051884816499,15.164501960706414],[121.08493600616266,15.169897455229851],[121.07471576165915,15.158424216727806],[121.06870046788913,15.157728529951507],[121.07954495596309,15.152836953661016],[121.08198851478346,15.150625239093518],[121.07694086386904,15.144770435141835],[121.06513760883357,15.141024767729919],[121.06218569553353,15.13706958655315],[121.06459357147298,15.137626910054365],[121.06566380082609,15.132721964655348],[121.06239080726277,15.133636059094245],[121.06364377430273,15.123870642288141],[121.06639955611351,15.122283190209085],[121.06298829704826,15.117329088977677]]]]},"properties":{"rank":106,"site_id":"14708","name":"Biak-na-Bato National Park","desig":"National Park","iucn_cat":"Not Assigned","status_yr":"1982","loss_ha":14.4,"forest2000_ha":1742.8,"area_ha":2111.7,"rep_area_ha":2112.0,"pct_of_forest2000":0.83,"pct_of_pa":0.681,"lon":121.0841,"lat":15.1328}},{"type":"Feature","geometry":{"type":"Polygon","coordinates":[[[121.83575057084656,16.15320054028536],[121.85909389919075,16.12819841021914],[121.87335414018958,16.136358520732923],[121.87545886308739,16.134543726199258],[121.88657979963983,16.13953786804226],[121.8904458542833,16.150725820387045],[121.89561841650689,16.15389177275935],[121.89403102621223,16.163255855801413],[121.88933107092278,16.166060603938636],[121.88842139867259,16.17760967589312],[121.87891910970133,16.187366216592956],[121.8521734487527,16.165311473651272],[121.839750371614,16.16422347039054],[121.83682071433604,16.163559070176763],[121.83575057084656,16.15320054028536]]]},"properties":{"rank":107,"site_id":"306410","name":"Simbahan-Talagas River Watershed Forest Reserve","desig":"Protected Landscape","iucn_cat":"V","status_yr":"2018","loss_ha":14.4,"forest2000_ha":2224.6,"area_ha":2285.3,"rep_area_ha":2284.0,"pct_of_forest2000":0.65,"pct_of_pa":0.628,"lon":121.8677,"lat":16.1561}},{"type":"Feature","geometry":{"type":"Polygon","coordinates":[[[121.1171529815057,15.304089661917367],[121.12141150779047,15.28716288823264],[121.16796002720498,15.287550864007835],[121.16761666969894,15.326657154273423],[121.13037428739375,15.32634945046702],[121.1272841084319,15.31054194943258],[121.1225217945722,15.302230194313447],[121.12191979311399,15.305908992486142],[121.1171529815057,15.304089661917367]]]},"properties":{"rank":108,"site_id":"7211","name":"Minalungao National Park","desig":"National Park","iucn_cat":"Not Assigned","status_yr":"1967","loss_ha":13.9,"forest2000_ha":1184.0,"area_ha":2017.9,"rep_area_ha":2018.0,"pct_of_forest2000":1.17,"pct_of_pa":0.689,"lon":121.1457,"lat":15.3059}},{"type":"Feature","geometry":{"type":"Polygon","coordinates":[[[123.50824790559737,13.793649403325983],[123.50831474977885,13.785516016480226],[123.51867323563192,13.773271361670371],[123.53015096585841,13.772067402546599],[123.52292719705737,13.791138934702541],[123.51548056703292,13.800708150442222],[123.50824790559737,13.793649403325983]]]},"properties":{"rank":109,"site_id":"306442","name":"Lagonoy Watershed Forest Reserve","desig":"Natural Biotic Area","iucn_cat":"VI","status_yr":"2018","loss_ha":13.8,"forest2000_ha":432.1,"area_ha":443.9,"rep_area_ha":444.0,"pct_of_forest2000":3.18,"pct_of_pa":3.1,"lon":123.5181,"lat":13.7852}},{"type":"Feature","geometry":{"type":"MultiPolygon","coordinates":[[[[126.55552175733655,7.727078133878911],[126.55912018447908,7.725521898719674],[126.55944125816131,7.727849520666024],[126.55552175733655,7.727078133878911]]],[[[125.73720085018923,7.167826581347903],[125.7453030714702,7.16819221581095],[125.73887749505586,7.1704842184135416],[125.73720085018923,7.167826581347903]]],[[[125.73069946705222,7.17204936528504],[125.73469035747418,7.167130930792807],[125.73720085018923,7.167826581347903],[125.73069946705222,7.17204936528504]]],[[[125.72683794477385,7.177395814649388],[125.72821576602709,7.17229016192959],[125.73069946705222,7.17204936528504],[125.72683794477385,7.177395814649388]]],[[[126.54597922241459,7.704849493678176],[126.5479189243971,7.703007895802827],[126.55006822760261,7.701968919816819],[126.55832206932352,7.7055495577279896],[126.5567211972298,7.708929555446973],[126.5654878210201,7.711841376792174],[126.56814096731071,7.720099611534393],[126.56617895532405,7.722289073091738],[126.56410099985784,7.7211786965402585],[126.560119094194,7.716782075703796],[126.55676134310013,7.721588959273177],[126.55783150704315,7.723657994805192],[126.55552175733655,7.727078133878911],[126.55775129885787,7.729980989453694],[126.5525609137019,7.7306319916464625],[126.55310938259169,7.728210740705667],[126.55067912305991,7.728612030238836],[126.54852093335005,7.727849515606993],[126.54811959458333,7.709469097267555],[126.54597922241459,7.704849493678176]],[[126.56489921850466,7.716911357431849],[126.56241996520195,7.716398562481684],[126.5634499887404,7.714338460107008],[126.56489921850466,7.716911357431849]],[[126.55528986341677,7.711819055463201],[126.55410820728878,7.7085282716794525],[126.5567211972298,7.708929555446973],[126.55528986341677,7.711819055463201]]],[[[126.57420982415843,7.51601991569461],[126.58311021273816,7.509589946586207],[126.58009136863855,7.506571127357932],[126.58616914796801,7.501180081947476],[126.58513012436389,7.494411160503835],[126.58266876185583,7.485430483389721],[126.58055953517508,7.477109798850938],[126.58978102123896,7.471049901831056],[126.59296921000734,7.4682094399800185],[126.59547975251148,7.468508244073704],[126.59131049205504,7.473988451092686],[126.59786983940602,7.485359165530343],[126.59703151741996,7.498870206315717],[126.59053900391278,7.502651560877495],[126.59510066350907,7.5053805086604255],[126.5930183175849,7.509001293051679],[126.58823817035979,7.510111633636618],[126.59103849868985,7.511030177604545],[126.58891146172904,7.518459077179863],[126.59010204625237,7.52435846356969],[126.57974351761023,7.557922152443639],[126.57796880124016,7.562889574149324],[126.58059966830858,7.567299629667201],[126.57293896037753,7.573038492832457],[126.57493219596209,7.533999046821243],[126.57461110605593,7.5310381651393055],[126.57986845078764,7.523029615984237],[126.5861512665668,7.519538145022263],[126.58550028177778,7.514419137263636],[126.57701908205992,7.520149068375812],[126.57420982415843,7.51601991569461]]]]},"properties":{"rank":110,"site_id":"555715043","name":"Mangrove From Baculin Point to Lakud Point, From Tanuip Point to Quinablangan Island and Samal Island Mangrove Swamp Forest Reserve","desig":"Mangrove Swamp Forest Reserve","iucn_cat":"Not Assigned","status_yr":"1981","loss_ha":13.5,"forest2000_ha":1603.8,"area_ha":1843.2,"rep_area_ha":1849.0,"pct_of_forest2000":0.84,"pct_of_pa":0.734,"lon":126.5623,"lat":7.5575}},{"type":"Feature","geometry":{"type":"MultiPolygon","coordinates":[[[[122.111751027973,11.264371539793435],[122.1101368743048,11.26159346704679],[122.11256264566653,11.261049460591737],[122.111751027973,11.264371539793435]]],[[[122.08834972749727,11.216752751834694],[122.13706534257624,11.211468698581207],[122.13842540071934,11.21780511097703],[122.15761739905066,11.232506794273823],[122.18677094978287,11.24206263203365],[122.20045150185655,11.250552730825545],[122.20102674393908,11.289886472049547],[122.19298251335726,11.30319244399369],[122.13287831451642,11.300521406802632],[122.10862080457207,11.270110380462551],[122.111751027973,11.264371539793435],[122.11463165823244,11.266413752617636],[122.11195616459537,11.268536308193157],[122.12883834518058,11.273013263843337],[122.1187473796713,11.259992649767343],[122.12134254691516,11.259974846481049],[122.10498216784845,11.245826088609219],[122.09574735261033,11.23410758582535],[122.0909627002744,11.234076346038272],[122.08973649020344,11.218790537764493],[122.08834972749727,11.216752751834694]],[[122.1346931494162,11.277405470820733],[122.13071563611645,11.277467899158442],[122.13166982289819,11.275340869098],[122.1346931494162,11.277405470820733]]]]},"properties":{"rank":111,"site_id":"306459","name":"Dalanas River Watershed Forest Reserve","desig":"Watershed Forest Reserve","iucn_cat":"Not Assigned","status_yr":"1990","loss_ha":13.4,"forest2000_ha":6290.2,"area_ha":7959.3,"rep_area_ha":7955.0,"pct_of_forest2000":0.21,"pct_of_pa":0.168,"lon":122.1498,"lat":11.2598}},{"type":"Feature","geometry":{"type":"Polygon","coordinates":[[[123.23016045275484,7.796207558680024],[123.25539006745188,7.786901429128854],[123.25778013266685,7.776645482638057],[123.24817083662457,7.77664544635544],[123.24834474142617,7.7649537470513605],[123.23788813130217,7.768106317430934],[123.24366265985026,7.748655735658606],[123.2485007326548,7.742042853273618],[123.25708903550426,7.7434385620466175],[123.26546765767935,7.770710414295741],[123.27112624078607,7.778562865671044],[123.27188433256697,7.785380825953346],[123.27685621238676,7.786776571398884],[123.28053046207819,7.795993548683387],[123.27711926319138,7.811970462882572],[123.27512605723042,7.818650234941105],[123.26783545238824,7.822315620372388],[123.26387578442218,7.815408413983447],[123.24864789557941,7.814579078533228],[123.25129216202123,7.80995497492904],[123.23016045275484,7.796207558680024]]]},"properties":{"rank":112,"site_id":"306519","name":"Mount Timolan Protected Landscape","desig":"Protected Landscape","iucn_cat":"V","status_yr":"2018","loss_ha":12.6,"forest2000_ha":2081.2,"area_ha":2246.0,"rep_area_ha":2245.0,"pct_of_forest2000":0.61,"pct_of_pa":0.562,"lon":123.2584,"lat":7.786}},{"type":"Feature","geometry":{"type":"MultiPolygon","coordinates":[[[[120.87459133135036,18.56095462753442],[120.88719718510895,18.538757201640628],[120.88226983943439,18.522896172902225],[120.88507914537409,18.511779678128107],[120.90299574758046,18.518321195092973],[120.91852237498131,18.51636806806367],[120.92425230732107,18.499633089166178],[120.96297958077581,18.508265865126752],[120.96943641506266,18.516336876465594],[120.9640676051553,18.52384156915122],[120.96962365209703,18.55018587685752],[120.96670739596381,18.559162046565792],[120.97323108178706,18.57435421693175],[120.96741197826275,18.5737879051578],[120.96192279855705,18.557414106707714],[120.95640693259631,18.55631267680401],[120.9535842966296,18.553284933791698],[120.95643363360392,18.543804951552126],[120.95355304258646,18.530467784794755],[120.94509419533689,18.530400872400804],[120.9450807998137,18.522187209148516],[120.93004466598019,18.522080181993516],[120.93217164624323,18.519275396315802],[120.9278954071735,18.515703689930557],[120.90613501933747,18.54379602598882],[120.91246691751593,18.548571688017073],[120.91569527112296,18.56189550865035],[120.89964251279065,18.571371064263346],[120.89230284180952,18.581100833892165],[120.87895677115958,18.576450021690864],[120.87459133135036,18.56095462753442]]]]},"properties":{"rank":113,"site_id":"555583084","name":"Kalbario-Patapat Natural Park","desig":"Natural Park","iucn_cat":"II","status_yr":"2018","loss_ha":12.4,"forest2000_ha":3859.1,"area_ha":3901.5,"rep_area_ha":3903.0,"pct_of_forest2000":0.32,"pct_of_pa":0.318,"lon":120.919,"lat":18.5372}},{"type":"Feature","geometry":{"type":"Polygon","coordinates":[[[126.15444341219637,6.9049045922323256],[126.16344185562903,6.88649296590227],[126.18481879848554,6.8525591884545145],[126.19912359563808,6.832930266162476],[126.20744430333562,6.825421132749013],[126.21220216283928,6.813029288270755],[126.21924756804567,6.807285931561718],[126.23083675319685,6.796646541573633],[126.24200236261396,6.777427838962846],[126.25821559451254,6.758133319513174],[126.27330970191467,6.732645073160365],[126.32535632844161,6.799785734750571],[126.30142873816636,6.807080858420261],[126.29331764417265,6.820565177563873],[126.28706156093406,6.825403311696684],[126.28862221715148,6.836403874773029],[126.2847116234384,6.843480461536223],[126.29556954364551,6.84714584520752],[126.30098729798947,6.8625476284522176],[126.2772514906473,6.886261106865862],[126.26976464952831,6.909372608811388],[126.27092409322488,6.92381121547527],[126.25988334698407,6.93118209709831],[126.25481774300289,6.9240074165590535],[126.24198448277552,6.937322247715496],[126.2406423241445,6.932751711723713],[126.23483213118772,6.938584181464748],[126.22415257279883,6.945852545200312],[126.20506758230559,6.953771916446207],[126.1904550886827,6.94596397587135],[126.18955883655384,6.940729011761105],[126.18407863310328,6.933661349638326],[126.18864468179345,6.926335058104174],[126.18588011781812,6.912569778547667],[126.17765749385725,6.901845670556693],[126.18039534536732,6.893498209783097],[126.18314668562468,6.893623108990889],[126.18745856724874,6.89260197380632],[126.18731145099588,6.895576138014972],[126.19219413601681,6.887879792460923],[126.18906390543216,6.880045081150798],[126.18322687497006,6.876807814403862],[126.17732304316819,6.884459597489016],[126.17760397521661,6.889908618774498],[126.16044983813673,6.909109513769043],[126.15444341219637,6.9049045922323256]]]},"properties":{"rank":114,"site_id":"305911","name":"Pujada Bay Protected Landscape & Seascape","desig":"Protected Landscape and Seascape","iucn_cat":"V","status_yr":"2018","loss_ha":12.2,"forest2000_ha":291.9,"area_ha":20823.1,"rep_area_ha":20873.0,"pct_of_forest2000":4.19,"pct_of_pa":0.059,"lon":126.2428,"lat":6.8524}},{"type":"Feature","geometry":{"type":"Polygon","coordinates":[[[122.29399896047073,10.95164134809471],[122.31427003042833,10.920793286542652],[122.33453662110722,10.921613802602488],[122.33947730870537,10.913957484250382],[122.37124400562587,10.899447589731928],[122.37688028776365,10.900544499079583],[122.38539271138774,10.890707781953768],[122.4044731858696,10.889075747878307],[122.41284743830583,10.894658521740105],[122.41131345744027,10.919870298997392],[122.39038245095793,10.926527723963794],[122.38159354270707,10.938571776279018],[122.3762694277193,10.936694484197886],[122.35722457152963,10.943258253582202],[122.35226603551618,10.952149706757229],[122.35291266013851,10.97139964214036],[122.33577629017881,10.98561081463516],[122.29959514908442,10.969874618910177],[122.29399896047073,10.95164134809471]]]},"properties":{"rank":115,"site_id":"306472","name":"Maasin Watershed Forest Reserve","desig":"Watershed Forest Reserve","iucn_cat":"Not Assigned","status_yr":"1923","loss_ha":10.8,"forest2000_ha":5106.0,"area_ha":6544.2,"rep_area_ha":6540.0,"pct_of_forest2000":0.21,"pct_of_pa":0.165,"lon":122.3501,"lat":10.9351}},{"type":"Feature","geometry":{"type":"Polygon","coordinates":[[[124.38856806720958,8.043157041967085],[124.40593625698773,8.045823572351171],[124.4126918180585,8.063026817621884],[124.41192930085734,8.0720743332689],[124.40453163672629,8.077340488409233],[124.39545287024562,8.076292613300195],[124.38438540040602,8.062335641677095],[124.3831190385872,8.050206874129927],[124.38856806720958,8.043157041967085]]]},"properties":{"rank":116,"site_id":"7228","name":"Rungkunan National Park","desig":"National Park","iucn_cat":"Not Assigned","status_yr":"1965","loss_ha":10.5,"forest2000_ha":934.0,"area_ha":967.9,"rep_area_ha":968.0,"pct_of_forest2000":1.12,"pct_of_pa":1.083,"lon":124.3981,"lat":8.0599}},{"type":"Feature","geometry":{"type":"Polygon","coordinates":[[[121.99962246411049,16.291664567773626],[122.01520701768632,16.283593646969493],[122.0314025255326,16.28474402967808],[122.03452838520647,16.290496274727495],[122.04567613788248,16.28999688447825],[122.04787892950132,16.303186904949303],[122.06039112225773,16.315560893542184],[122.06081026016427,16.329419837201463],[122.0893351474021,16.33737481950252],[122.10111164314033,16.335221055009203],[122.10646258072636,16.342172854055534],[122.10228442059073,16.35656683306671],[122.10496873388205,16.361511921022522],[122.10645365376132,16.375112206326158],[122.08451484355953,16.384998038368757],[122.0770369542276,16.398625025421264],[122.07040628970377,16.400078741328695],[122.06547000406385,16.39514699369173],[122.06876533667644,16.38923862325385],[122.06288372911918,16.371264034702815],[122.03909446648505,16.35217462754569],[122.03312816865954,16.34663193793552],[122.03149619334852,16.337856375670015],[122.01008796976014,16.332964793882045],[122.00398796292663,16.322775722088565],[121.99962246411049,16.291664567773626]]]},"properties":{"rank":117,"site_id":"306411","name":"Amro River Watershed Forest Reserve","desig":"Protected Landscape","iucn_cat":"V","status_yr":"2018","loss_ha":10.2,"forest2000_ha":6363.8,"area_ha":6434.6,"rep_area_ha":6431.0,"pct_of_forest2000":0.16,"pct_of_pa":0.159,"lon":122.0534,"lat":16.3368}},{"type":"Feature","geometry":{"type":"Polygon","coordinates":[[[122.15123191064421,7.651977949022884],[122.16481884403066,7.644887955418385],[122.17244388240927,7.648892207323073],[122.17133804326535,7.652892075366251],[122.17919941429157,7.6558751747108476],[122.18026957573933,7.660057823074648],[122.1801937917532,7.664971788091603],[122.18446558664792,7.667709637143659],[122.1787803023507,7.691855638039414],[122.16927791438184,7.668186800452558],[122.15697080209023,7.6652794227105705],[122.15123191064421,7.651977949022884]]]},"properties":{"rank":118,"site_id":"306504","name":"Siocon Watershed Forest Reserve","desig":"Resource Reserve","iucn_cat":"Ib","status_yr":"2018","loss_ha":10.1,"forest2000_ha":854.6,"area_ha":856.0,"rep_area_ha":856.0,"pct_of_forest2000":1.18,"pct_of_pa":1.179,"lon":122.1696,"lat":7.663}},{"type":"Feature","geometry":{"type":"MultiPolygon","coordinates":[[[[123.60510848237561,13.954498078953511],[123.60923313158696,13.960678423188316],[123.60444849104088,13.959750919825925],[123.60510848237561,13.954498078953511]]],[[[123.85400659752828,13.962631537129354],[123.85743558167825,13.949775903945048],[123.87190091061225,13.949896354998694],[123.87026887177616,13.953401176529713],[123.8609271147568,13.96336729370011],[123.85856378708247,13.966238930457724],[123.85400659752828,13.962631537129354]]],[[[123.5981165582248,13.946311215722286],[123.5960832200178,13.942596808934667],[123.60211197022622,13.93639863148938],[123.59631063838751,13.934097721937867],[123.60641495957644,13.923841791377576],[123.60303498910145,13.924087031769865],[123.60445293141721,13.915730728629613],[123.62037639986761,13.911967204832944],[123.61911895248961,13.909278402370134],[123.62516100120511,13.90684820464108],[123.63102475638574,13.913817734445539],[123.64002320259063,13.915052891482093],[123.6491465115571,13.922089366383632],[123.65987064144751,13.934191344314025],[123.67617758678375,13.939903503349447],[123.67863010367303,13.950640994316833],[123.67026484891151,13.966056130999357],[123.66427177741978,13.959799994843868],[123.65757867844202,13.967581159280492],[123.65926872493843,13.97056869800787],[123.64131186834396,13.980222678008845],[123.63937216232152,13.978015445266822],[123.64086151593982,13.968967874328579],[123.64549007308825,13.96716643440735],[123.64619911181583,13.974595314942947],[123.65016321160684,13.969177483192745],[123.65846607825466,13.946667923128457],[123.65361898783267,13.946957786500406],[123.64742086169302,13.957472356824768],[123.63955944249302,13.962948127067268],[123.63511378531153,13.964566784823894],[123.63799435267265,13.951876198428186],[123.63162224372931,13.955318612647504],[123.62915193896129,13.959626081587569],[123.62216008856075,13.953726721549591],[123.62627579671044,13.945018094640638],[123.6284830665756,13.943314731391148],[123.62081344599102,13.940050643598502],[123.61882909175739,13.949677801441728],[123.61161430352692,13.950944248072446],[123.61057088849776,13.947492874641666],[123.60632581229498,13.951898433447338],[123.60510848237561,13.954498078953511],[123.5981165582248,13.946311215722286]]]]},"properties":{"rank":119,"site_id":"555715020","name":"Island of Basot, Quinalaang and Malabungot Magrove Swamp Forest Reserve","desig":"Mangrove Swamp Forest Reserve","iucn_cat":"Not Assigned","status_yr":"1981","loss_ha":9.9,"forest2000_ha":2279.3,"area_ha":3586.1,"rep_area_ha":3584.0,"pct_of_forest2000":0.43,"pct_of_pa":0.276,"lon":123.6487,"lat":13.9408}},{"type":"Feature","geometry":{"type":"Polygon","coordinates":[[[121.93287870696606,16.233709675244935],[121.93633003501958,16.220399216967426],[121.95696230497829,16.209947127372146],[121.97429477855096,16.205488021472952],[122.00480394250515,16.21300608028777],[122.01084604430804,16.22649482615813],[122.01082375062425,16.237495403624468],[122.00299803948228,16.251122480320625],[122.00533459488882,16.270510591305495],[121.99220259872227,16.28628246070409],[121.98323534547097,16.28325027506815],[121.95571375781849,16.255902596033202],[121.94278682399477,16.23561813184683],[121.93287870696606,16.233709675244935]]]},"properties":{"rank":120,"site_id":"306420","name":"Calabgan Watershed Forest Reserve","desig":"Watershed Forest Reserve","iucn_cat":"Not Assigned","status_yr":"1992","loss_ha":9.8,"forest2000_ha":4615.6,"area_ha":4631.7,"rep_area_ha":4630.0,"pct_of_forest2000":0.21,"pct_of_pa":0.211,"lon":121.9776,"lat":16.2401}},{"type":"Feature","geometry":{"type":"Polygon","coordinates":[[[117.9692372490728,6.2817408095316765],[118.3397306302108,5.997397280029664],[118.63111946078183,5.999805204381542],[118.62975502358142,6.157719786282008],[118.60896665628383,6.23114781690027],[118.45803501798568,6.345144765026381],[118.38504847381775,6.368938462258412],[118.22394112693716,6.380411761043536],[118.16053266678298,6.4264853914366205],[118.09712425575114,6.472559103073906],[117.96738230172174,6.471288252635483],[117.9692372490728,6.2817408095316765]]]},"properties":{"rank":121,"site_id":"198475","name":"Turtle Islands Wildlife Sanctuary","desig":"Wildlife Sanctuary","iucn_cat":"IV","status_yr":"2018","loss_ha":9.7,"forest2000_ha":182.6,"area_ha":241556.9,"rep_area_ha":242958.0,"pct_of_forest2000":5.31,"pct_of_pa":0.004,"lon":118.3085,"lat":6.2217}},{"type":"Feature","geometry":{"type":"Polygon","coordinates":[[[120.88260428607902,16.088151232026323],[120.88639009190202,16.074595542682573],[120.91333198873214,16.047323684433334],[120.91969512704698,16.013229423865862],[120.91513795184693,15.964014332021376],[120.90823517903564,15.937585218497869],[120.90568012595004,15.920257126836853],[120.90293776786106,15.917572739187275],[120.9416026417545,15.911031265578796],[120.96451799134913,15.894091161565788],[120.97299028052754,15.860906513427219],[121.01754559916614,15.871465645669865],[121.05672775823483,15.874074224475713],[121.02771233977144,15.898090935232204],[121.02578162086134,15.925969213682562],[121.03821355527974,15.950351616558844],[121.01611872565039,15.976829765709208],[121.00128776412582,16.002268948438886],[121.00332554958942,16.023614633835933],[121.01013463351136,16.031641053588796],[121.0007125468953,16.051234289019437],[121.00003922509481,16.070680431695934],[120.9376563889565,16.126923129319298],[120.89687339292867,16.10184509847149],[120.88260428607902,16.088151232026323]]]},"properties":{"rank":122,"site_id":"306407","name":"Talavera Watershed Forest Reserve","desig":"Watershed Forest Reserve","iucn_cat":"Not Assigned","status_yr":"1938","loss_ha":9.6,"forest2000_ha":13901.2,"area_ha":27475.4,"rep_area_ha":27486.0,"pct_of_forest2000":0.07,"pct_of_pa":0.035,"lon":120.9642,"lat":15.99}},{"type":"Feature","geometry":{"type":"Polygon","coordinates":[[[124.36625913110161,7.834921504611337],[124.37275606917798,7.826868358620281],[124.37313957204373,7.819689162262957],[124.39818187195505,7.8188196630475],[124.39835574909974,7.82116517950609],[124.40417933543453,7.824246356223767],[124.40459402150353,7.828874958544233],[124.39385658912471,7.831831345593067],[124.38702965652202,7.8392423100997375],[124.36625913110161,7.834921504611337]]]},"properties":{"rank":123,"site_id":"7224","name":"Salikata National Park","desig":"National Park","iucn_cat":"Not Assigned","status_yr":"1965","loss_ha":9.4,"forest2000_ha":645.1,"area_ha":659.7,"rep_area_ha":660.0,"pct_of_forest2000":1.46,"pct_of_pa":1.427,"lon":124.3853,"lat":7.828}},{"type":"Feature","geometry":{"type":"Polygon","coordinates":[[[121.95692212187296,17.148222233976245],[121.96148823446116,17.1473884217706],[121.96813229049259,17.154527426103236],[121.97359918927638,17.15539691380845],[121.98697653342859,17.181215133246173],[121.9889072931691,17.19963119840352],[121.98628978799653,17.202333452191397],[121.97470504919664,17.196866581058476],[121.97358131354571,17.19313876507903],[121.96621045014098,17.18587040642749],[121.96299541867016,17.171935722165696],[121.9561284374367,17.17280523198751],[121.95692212187296,17.148222233976245]]]},"properties":{"rank":124,"site_id":"5209","name":"Fuyot Springs National Parks","desig":"National Park","iucn_cat":"Not Assigned","status_yr":"1938","loss_ha":8.6,"forest2000_ha":663.6,"area_ha":1160.8,"rep_area_ha":1160.0,"pct_of_forest2000":1.3,"pct_of_pa":0.743,"lon":121.9724,"lat":17.1747}},{"type":"Feature","geometry":{"type":"Polygon","coordinates":[[[125.4313109788403,9.650934974754977],[125.43610453222689,9.64611022036593],[125.46190046790518,9.663942192565088],[125.4531918121858,9.687174086130163],[125.42991979964086,9.672365435532049],[125.4313109788403,9.650934974754977]]]},"properties":{"rank":125,"site_id":"306539","name":"Surigao Watershed Forest Reserve","desig":"Watershed Forest Reserve","iucn_cat":"Not Assigned","status_yr":"1990","loss_ha":8.5,"forest2000_ha":922.6,"area_ha":950.9,"rep_area_ha":952.0,"pct_of_forest2000":0.92,"pct_of_pa":0.89,"lon":125.4445,"lat":9.6664}},{"type":"Feature","geometry":{"type":"Polygon","coordinates":[[[120.69301674427722,14.202241332834003],[120.69301674427722,14.280873094703827],[120.6772582317988,14.280873131698046],[120.64777024571578,14.225928089764288],[120.63164609351587,14.229357141383797],[120.6258670795439,14.2269625916062],[120.62445805472122,14.20223242123502],[120.69301674427722,14.202241332834003]]]},"properties":{"rank":126,"site_id":"7243","name":"Mts. Palay-palay-Mataas-na-Gulod National Park","desig":"Protected Landscape","iucn_cat":"V","status_yr":"2018","loss_ha":8.5,"forest2000_ha":3523.8,"area_ha":3970.5,"rep_area_ha":3973.0,"pct_of_forest2000":0.24,"pct_of_pa":0.214,"lon":120.6676,"lat":14.2318}},{"type":"Feature","geometry":{"type":"Polygon","coordinates":[[[121.86442705772798,16.211556815560353],[121.87450460772192,16.197613256410357],[121.88783286496088,16.19189219369973],[121.8836279318447,16.18741078359723],[121.89873981229042,16.184467786621767],[121.90950849714208,16.180815779618],[121.9175215501947,16.171861890450323],[121.92722452422743,16.178630858570486],[121.92807623376221,16.196284390286152],[121.92212775877464,16.211070772929414],[121.9214321863965,16.238012704268606],[121.89273782465044,16.254747702077225],[121.88920627909644,16.25398070395168],[121.89698739205473,16.23613984292019],[121.88100592280765,16.234597047889018],[121.86844024288236,16.223698987065553],[121.86442705772798,16.211556815560353]]]},"properties":{"rank":127,"site_id":"306413","name":"Talaytay River Watershed Forest Reserve","desig":"Protected Landscape","iucn_cat":"V","status_yr":"2018","loss_ha":7.8,"forest2000_ha":3573.4,"area_ha":3599.9,"rep_area_ha":3598.0,"pct_of_forest2000":0.22,"pct_of_pa":0.217,"lon":121.9001,"lat":16.2119}},{"type":"Feature","geometry":{"type":"MultiPolygon","coordinates":[[[[122.4475079599711,13.524868224117423],[122.4516058974199,13.519508351175574],[122.4554452086914,13.520649874713675],[122.4475079599711,13.524868224117423]]],[[[122.42815551271434,13.520440268850534],[122.44105123420236,13.519307659587367],[122.44397195080218,13.52099765862409],[122.43286871641364,13.52628170530418],[122.42815551271434,13.520440268850534]]],[[[122.43393891517017,13.540697974584695],[122.43802796573564,13.530259235317482],[122.44283481110223,13.531017261279132],[122.4451491650862,13.52754812165815],[122.44913557781125,13.533353861377151],[122.4388841007651,13.541915339580793],[122.43393891517017,13.540697974584695]]]]},"properties":{"rank":128,"site_id":"306414","name":"Buenavista Watershed Forest Reserve","desig":"Protected Landscape","iucn_cat":"V","status_yr":"2018","loss_ha":7.8,"forest2000_ha":280.4,"area_ha":287.3,"rep_area_ha":287.0,"pct_of_forest2000":2.8,"pct_of_pa":2.73,"lon":122.4401,"lat":13.53}},{"type":"Feature","geometry":{"type":"MultiPolygon","coordinates":[[[[122.04684439824646,14.124675276813024],[122.04863249217769,14.119212856865603],[122.05996747398449,14.117420285515102],[122.04684439824646,14.124675276813024]]],[[[122.02038853730882,14.14391177556125],[122.02268941881559,14.132937976171098],[122.03780574954477,14.127622702184826],[122.03844785510023,14.12460392692578],[122.0415648404478,14.121041057268586],[122.04684439824646,14.124675276813024],[122.02038853730882,14.14391177556125]]]]},"properties":{"rank":129,"site_id":"306423","name":"Alabat Watershed Forest Reserve","desig":"Watershed Forest Reserve","iucn_cat":"Not Assigned","status_yr":"1987","loss_ha":7.1,"forest2000_ha":316.4,"area_ha":317.0,"rep_area_ha":317.0,"pct_of_forest2000":2.24,"pct_of_pa":2.232,"lon":122.0353,"lat":14.1302}},{"type":"Feature","geometry":{"type":"Polygon","coordinates":[[[124.77511412381347,6.6230849425210305],[124.78629311970967,6.604865065125877],[124.78792065217232,6.606720073876448],[124.79336522821,6.597980191810323],[124.79741858217574,6.599919907806749],[124.79406533680861,6.60760297709638],[124.80167253947631,6.603478278456175],[124.80903009583439,6.6100242572612125],[124.81521926553992,6.608905039656143],[124.81805972556931,6.603415841973261],[124.83384944987641,6.597213261674718],[124.84552777161048,6.602920874700299],[124.84994675300437,6.596013773561146],[124.86727484677162,6.601079264497504],[124.87710272832342,6.622964577109637],[124.87183203936095,6.628368977795904],[124.86980315179454,6.644997011593612],[124.87363794269643,6.652176115771383],[124.87133707203586,6.661089881451337],[124.85909685042947,6.674520690864889],[124.84829690432754,6.677468171996169],[124.8431332470144,6.691821995484948],[124.82506502091952,6.702630871928338],[124.81598625633144,6.7137696641793285],[124.79891681087236,6.706929424683018],[124.81824253756757,6.678912901239301],[124.80857967200615,6.667823151308284],[124.80744264882449,6.661919278472465],[124.8052754804149,6.667047231358771],[124.80206940967066,6.664563525518898],[124.80387982221795,6.657593911461818],[124.80066476740615,6.65929729468743],[124.79603627864702,6.6518907689082365],[124.79782878597851,6.647074934599897],[124.79143442242746,6.643859938988938],[124.7930396943028,6.639944816247598],[124.78503562072235,6.639307192400511],[124.78128998317911,6.631699969721107],[124.77511412381347,6.6230849425210305]]]},"properties":{"rank":130,"site_id":"18473","name":"Lake Buluan Game Refuge and Bird Sanctuary","desig":"Game Refuge and Bird Sanctuary","iucn_cat":"Not Assigned","status_yr":"1929","loss_ha":7.0,"forest2000_ha":2427.3,"area_ha":8365.2,"rep_area_ha":8367.0,"pct_of_forest2000":0.29,"pct_of_pa":0.083,"lon":124.8299,"lat":6.6436}},{"type":"Feature","geometry":{"type":"MultiPolygon","coordinates":[[[[122.16106870922482,14.001153670037683],[122.16549216008451,14.002152539764127],[122.16325815172377,14.0035482574615],[122.16106870922482,14.001153670037683]]],[[[122.14695117165229,14.0086271396557],[122.15190522505759,14.009670606045704],[122.14943935943691,14.01069620524322],[122.14695117165229,14.0086271396557]]],[[[122.13182596490105,14.019806102883459],[122.13443450806461,14.019114960605055],[122.13325280813255,14.021714638418217],[122.13182596490105,14.019806102883459]]],[[[122.23199519795924,14.786098194930434],[122.2335514274672,14.784305606608314],[122.23446107151331,14.786584207819272],[122.23199519795924,14.786098194930434]]],[[[122.09796793711345,14.044250871980687],[122.10091099300186,14.042141728883145],[122.10070141505189,14.044826106281743],[122.09796793711345,14.044250871980687]]],[[[122.0876630142045,14.051835846961277],[122.09263937662485,14.051207068775428],[122.0903473432296,14.054163479245135],[122.0876630142045,14.051835846961277]]],[[[122.07977486127348,14.05562610530373],[122.0876630142045,14.051835846961277],[122.08249492801744,14.056763127721203],[122.07977486127348,14.05562610530373]]],[[[122.2006120469241,14.817512562493036],[122.20200325425297,14.819844644115848],[122.19851628274321,14.81870314328578],[122.2006120469241,14.817512562493036]]],[[[122.1959835072,14.8133209616106],[122.20012149179601,14.815068919782632],[122.19712503016828,14.815349878350046],[122.1959835072,14.8133209616106]]],[[[122.04698262537241,14.077364185415274],[122.05417513644423,14.073524933826494],[122.0573188111259,14.075990767819613],[122.04698262537241,14.077364185415274]]],[[[122.17130677436566,14.822796600172087],[122.16869825781777,14.820116620116396],[122.17135588645608,14.819149031804978],[122.17130677436566,14.822796600172087]]],[[[122.03815360055268,14.089778359779876],[122.04099403866527,14.088520846819296],[122.03938429561006,14.09169571274937],[122.03815360055268,14.089778359779876]]],[[[122.14248320558856,14.911907275537951],[122.14570263767291,14.908754654903747],[122.1493724771463,14.915808975209812],[122.14248320558856,14.911907275537951]]],[[[122.01274567498447,14.094928615797453],[122.01538093601388,14.097126896209252],[122.01316031210915,14.098313043288051],[122.01274567498447,14.094928615797453]]],[[[122.14346865191327,14.926278966914376],[122.14870365195668,14.923170937809124],[122.14638491030627,14.926720345008079],[122.14346865191327,14.926278966914376]]],[[[122.00388091178343,14.1186064205358],[122.00250754214912,14.113411597293423],[122.00631113774925,14.117348971533055],[122.00388091178343,14.1186064205358]]],[[[121.9676774770768,14.129745236076843],[121.97224808821112,14.127426529695864],[121.97017905768342,14.129905812792604],[121.9676774770768,14.129745236076843]]],[[[122.07622541705,14.84928810541028],[122.07693881758998,14.846153374394017],[122.08253506489717,14.846010655184612],[122.07622541705,14.84928810541028]]],[[[122.0616307565203,14.853863103413799],[122.06106448203731,14.85133478254687],[122.06317358156238,14.850005997802612],[122.0616307565203,14.853863103413799]]],[[[122.02989090665494,14.869403094421477],[122.02946280308159,14.871837790242651],[122.0276791646476,14.870205717245362],[122.02989090665494,14.869403094421477]]],[[[121.91332999003907,14.194531514347782],[121.91359749131769,14.188007830771248],[121.9182349451848,14.188213025112107],[121.91332999003907,14.194531514347782]]],[[[122.01350815500942,14.815688725496958],[122.0162683055104,14.8133700070825],[122.0181634180812,14.816946243942263],[122.01350815500942,14.815688725496958]]],[[[122.01411900262725,14.873969240111906],[122.01529176495589,14.868685195544323],[122.0174812056346,14.87242188017453],[122.01411900262725,14.873969240111906]]],[[[122.0256413664694,15.010065406328314],[122.0283658233657,15.008616221530083],[122.02879393124769,15.010863652372644],[122.0256413664694,15.010065406328314]]],[[[122.01732958301373,15.006957441650254],[122.01837298178567,15.004487103379091],[122.0197820617221,15.006382202727014],[122.01732958301373,15.006957441650254]]],[[[122.01195638544459,15.006582901390654],[122.01732958301373,15.006957441650254],[122.01338775464967,15.009396576363672],[122.01195638544459,15.006582901390654]]],[[[121.98569674535968,14.83158546171461],[121.98757850585504,14.829146346364276],[121.98656622198868,14.834671135358803],[121.98569674535968,14.83158546171461]]],[[[121.97877174785104,14.840013194024595],[121.97917748964097,14.837640906873643],[121.98133572262024,14.838626387741884],[121.97877174785104,14.840013194024595]]],[[[121.99890907743621,14.97841475707178],[122.00215081543303,14.980929680310437],[121.99934606311312,14.980688839740287],[121.99890907743621,14.97841475707178]]],[[[121.99688462328355,14.977197366215416],[122.00008182957048,14.974914350396089],[121.99890907743621,14.97841475707178],[121.99688462328355,14.977197366215416]]],[[[121.99494489470072,14.97443279295424],[121.9974062914422,14.974191984817539],[121.99688462328355,14.977197366215416],[121.99494489470072,14.97443279295424]]],[[[121.97576187084279,14.858937605794942],[121.97673390520283,14.854001386571053],[121.9781519387891,14.85885733736024],[121.97576187084279,14.858937605794942]]],[[[121.98414050290728,14.905651120600863],[121.9868427420475,14.911983060024864],[121.98317287267244,14.908063510980382],[121.98414050290728,14.905651120600863]]],[[[121.98074716517297,14.902288961226787],[121.98426093548368,14.903269951650483],[121.98414050290728,14.905651120600863],[121.98074716517297,14.902288961226787]]],[[[121.97826786582415,14.903760458563367],[121.97829910362697,14.901316887291033],[121.98074716517297,14.902288961226787],[121.97826786582415,14.903760458563367]]],[[[121.97014781756575,14.863155864078502],[121.97109317429621,14.860984325156489],[121.9725869497413,14.863258461163625],[121.97014781756575,14.863155864078502]]],[[[121.96505113351805,14.895805423063543],[121.96844001092082,14.897343808942521],[121.96585820454939,14.901410546802317],[121.96505113351805,14.895805423063543]]],[[[121.96741444636214,14.903466154931031],[121.9693675059604,14.90487078472743],[121.96605441737255,14.906453736420026],[121.96741444636214,14.903466154931031]]],[[[121.91732090973468,14.705477646610506],[121.918511463724,14.703355094404408],[121.92165955882912,14.704563537662624],[121.91732090973468,14.705477646610506]]],[[[121.96746790300189,15.040066265891896],[121.9702191491547,15.039691695398341],[121.97016118139491,15.042090744976187],[121.96746790300189,15.040066265891896]]],[[[121.80831812244071,14.290313006091097],[121.80752884569654,14.284204063632659],[121.8127683671065,14.291441179001302],[121.80831812244071,14.290313006091097]]],[[[121.80712760035397,14.280199783801262],[121.80711864901188,14.275098536903396],[121.80978516117295,14.279865315324699],[121.80712760035397,14.280199783801262]]],[[[121.80374307271305,14.292386530100252],[121.80831812244071,14.290313006091097],[121.80760019543176,14.296123226126019],[121.80374307271305,14.292386530100252]]],[[[121.89909209915064,15.036195776793846],[121.90281539947146,15.035433264489372],[121.90124131119867,15.03729274956553],[121.89909209915064,15.036195776793846]]],[[[121.8840069286369,15.029618616095544],[121.88517969141482,15.026720167901368],[121.88835904568472,15.026162748953826],[121.8840069286369,15.029618616095544]]],[[[121.87336751576787,15.031366528105133],[121.87655580798156,15.030193801451231],[121.87875409449974,15.031941787882865],[121.87336751576787,15.031366528105133]]],[[[121.84991712488574,14.913753325386427],[121.85332387565941,14.914814610923068],[121.85095160117264,14.916040830484596],[121.84991712488574,14.913753325386427]]],[[[121.83632130953174,14.9518251343085],[121.83712836673469,14.94918084679014],[121.84088294319571,14.950603329662483],[121.83632130953174,14.9518251343085]]],[[[121.83325341343178,14.952984497054988],[121.83503707820294,14.954567435128459],[121.83368149906384,14.957813711648333],[121.83325341343178,14.952984497054988]]],[[[121.82864272151224,14.94791448916502],[121.83241956704632,14.945270265519799],[121.83097037805668,14.949024796507262],[121.82864272151224,14.94791448916502]]],[[[121.81986723800937,14.951811746966126],[121.8263552468673,14.948534323150437],[121.82243117027326,14.95519621326267],[121.81986723800937,14.951811746966126]]],[[[121.83370825979144,15.019300224216341],[121.83492117431355,15.016125366505445],[121.83686528532374,15.017534453052699],[121.83370825979144,15.019300224216341]]],[[[121.82243117027326,14.95519621326267],[121.82497731741093,14.956230714092976],[121.82322937829332,14.957974214180597],[121.82243117027326,14.95519621326267]]],[[[121.83348531145505,15.030412346211893],[121.83018560639702,15.022341314370841],[121.83381973379184,15.026894053800067],[121.83348531145505,15.030412346211893]]],[[[121.82100427009907,14.986904837660157],[121.82529838397275,14.98867067161656],[121.82683236551588,14.99200607973398],[121.82100427009907,14.986904837660157]]],[[[122.25355938354994,14.779311391587356],[122.2483288943733,14.771164646809993],[122.25369760534075,14.774357360668116],[122.25521820631694,14.776136557796695],[122.25355938354994,14.779311391587356]]],[[[122.20369327063523,14.82793348498086],[122.20735420309643,14.828000314406255],[122.20903080068939,14.830760505015316],[122.20783130398239,14.832825083131217],[122.20369327063523,14.82793348498086]]],[[[122.06654025249848,14.063331414518059],[122.06934058773432,14.060682722246531],[122.07211414806022,14.060936834885482],[122.06894367783529,14.063313524185855],[122.06654025249848,14.063331414518059]]],[[[122.18863934970135,14.835558492205708],[122.18984772137149,14.838563946753174],[122.18732833808869,14.83765876245441],[122.18702513514457,14.83382842206453],[122.18863934970135,14.835558492205708]]],[[[121.98000693016712,14.117175005710138],[121.98779246643014,14.110062753572677],[121.99260837748979,14.11549842382831],[121.98723960394214,14.11580609279319],[121.98000693016712,14.117175005710138]]],[[[121.97360361482089,14.125437766941292],[121.97476301455318,14.122789048444867],[121.98048850432421,14.127114407335762],[121.97565930431466,14.12826035754114],[121.97360361482089,14.125437766941292]]],[[[122.02946280308159,14.871837790242651],[122.0411366960306,14.8732245790188],[122.02972143473642,14.874232273584711],[122.0264662911888,14.873099687489164],[122.02946280308159,14.871837790242651]]],[[[122.02415204540114,14.872056264448915],[122.02725556249301,14.867735384829357],[122.0276791646476,14.870205717245362],[122.0264662911888,14.873099687489164],[122.02415204540114,14.872056264448915]]],[[[121.99774524861404,14.833320082219066],[122.00559770798887,14.839433494659021],[122.00412615764282,14.844953873974625],[121.99755794172219,14.83673127852573],[121.99774524861404,14.833320082219066]]],[[[121.97083006499871,14.879734845336476],[121.97610965916758,14.878834120009294],[121.97701930090568,14.883257553995909],[121.97441964746551,14.882200752778845],[121.97083006499871,14.879734845336476]]],[[[121.97030393128706,14.882294317873534],[121.97441964746551,14.882200752778845],[121.97138301032433,14.884711210913702],[121.96830619689823,14.883672214175814],[121.97030393128706,14.882294317873534]]],[[[121.92774626329339,14.704211248212376],[121.93487639144693,14.703983842233407],[121.93624531345633,14.707956893932138],[121.93216071920857,14.705205599026716],[121.92774626329339,14.704211248212376]]],[[[121.92165955882912,14.704563537662624],[121.92122261093219,14.702030759269975],[121.92488795363617,14.70104085128764],[121.92544086980332,14.703747483645973],[121.92165955882912,14.704563537662624]]],[[[121.92099966526152,14.761140612396341],[121.92292151504724,14.757724870537736],[121.92521793267198,14.75666363004154],[121.92369738174935,14.75985636029751],[121.92099966526152,14.761140612396341]]],[[[121.91394981755482,14.709455158026135],[121.9078140749323,14.709981289669026],[121.90761784500572,14.704978184153944],[121.9122731756539,14.707368291023158],[121.91394981755482,14.709455158026135]]],[[[121.91471229004583,14.781835258115196],[121.91807893112193,14.774477769368055],[121.92201185928872,14.76322295541882],[121.9214054468814,14.77606073931024],[121.91471229004583,14.781835258115196]]],[[[121.8791999823784,14.840044352014733],[121.88271821265683,14.831032534566404],[121.88467129888873,14.82681419686712],[121.88808696740242,14.826707218593443],[121.8791999823784,14.840044352014733]]],[[[121.83847061090393,14.946130852148515],[121.83919746119281,14.94389683855759],[121.84193088307526,14.942835541095068],[121.84110587668287,14.945390666466702],[121.83847061090393,14.946130852148515]]],[[[121.82053607671095,14.936298544341703],[121.82322937829332,14.935825857518536],[121.82241335694381,14.940008471264402],[121.82013479135175,14.938563710246852],[121.82053607671095,14.936298544341703]]],[[[122.2060521657847,14.835616483379905],[122.20968184651619,14.838140358254083],[122.20859829765011,14.840985211477884],[122.20540551398823,14.837939698292999],[122.20180703501752,14.832994526078764],[122.2060521657847,14.835616483379905]]],[[[122.1872035408652,14.812469257682595],[122.18937513041611,14.810132723753943],[122.19156001260275,14.811060200712287],[122.19000377898692,14.81345924712184],[122.18746214202899,14.815077886524591],[122.1872035408652,14.812469257682595]]],[[[122.00557090223221,14.95945015926233],[122.01083268544747,14.958727809834235],[122.01457830712617,14.959173685596074],[122.0144222565793,14.963820119085439],[122.00978921459625,14.961880367538486],[122.00557090223221,14.95945015926233]]],[[[121.93023000249866,14.743032135963901],[121.93272262684377,14.73579057410968],[121.93385971494565,14.73933107928584],[121.93307931907837,14.742483718188653],[121.93083193903455,14.745324146387658],[121.93023000249866,14.743032135963901]]],[[[121.91137688979016,14.796273821188944],[121.91627741717637,14.78397565072767],[121.91471229004583,14.781835258115196],[121.91879240932187,14.782985724475068],[121.91403004150858,14.796073180139107],[121.91137688979016,14.796273821188944]]],[[[121.88835904568472,15.026162748953826],[121.89172562248102,15.026033493245889],[121.8937545331407,15.028182770608538],[121.89298757386207,15.030559475795002],[121.8913867723594,15.02888281072105],[121.88835904568472,15.026162748953826]]],[[[121.83182204714156,14.977701277131281],[121.8382342923097,14.981692180976326],[121.83621426910057,14.984073344589808],[121.83534030444798,14.981696622849293],[121.83202275580003,14.980073538054006],[121.83182204714156,14.977701277131281]]],[[[122.23446107151331,14.786584207819272],[122.2416313024372,14.78643709909805],[122.24156889220335,14.783186344029051],[122.24926083015772,14.785786038437731],[122.24803451972731,14.793959600006104],[122.23898260081566,14.791792426671803],[122.23446107151331,14.786584207819272]]],[[[122.1520390730852,14.908817071086226],[122.15142813562153,14.903608863952378],[122.15417940606785,14.904808336945901],[122.15465648331627,14.901999165567672],[122.15712240274433,14.905312205708936],[122.15279260405521,14.911804719886966],[122.1520390730852,14.908817071086226]]],[[[122.0411366960306,14.8732245790188],[122.04834711019477,14.8674678588369],[122.05663658378127,14.866473499906734],[122.05850489496481,14.868823454383097],[122.05013075698427,14.869951592097168],[122.04787442024977,14.870834470342507],[122.0411366960306,14.8732245790188]]],[[[122.01066769471048,14.806061596587343],[122.01791369325711,14.802405128523818],[122.01950562500637,14.797509011463962],[122.02128931040053,14.803457445890432],[122.01759266720947,14.808121708231024],[122.01310679104579,14.810444844612693],[122.01066769471048,14.806061596587343]]],[[[121.90480859299862,14.722761120423813],[121.90743507301231,14.722341928474757],[121.91039585518877,14.714846218655227],[121.9133656742783,14.715457073536248],[121.91345484141443,14.721472385745248],[121.90805041865471,14.724986157896673],[121.90480859299862,14.722761120423813]]],[[[121.92488795363617,15.047566473520563],[121.93560321563457,15.042460818956572],[121.94065092180476,15.050487222055509],[121.93626762231692,15.05891932367545],[121.93387308319147,15.057809011305526],[121.93165688362865,15.053225103653151],[121.92488795363617,15.047566473520563]]],[[[122.15269895442503,14.942889092956632],[122.1505363270395,14.941827821121954],[122.14897118253077,14.939428793700216],[122.15178930993224,14.938577164693262],[122.15278368092095,14.94061047901006],[122.15714466636528,14.935540490327895],[122.159855855851,14.93956707085334],[122.15269895442503,14.942889092956632]]],[[[121.98616935765229,14.965398650415981],[121.98762310270045,14.958250680438718],[121.9897723193996,14.957015515796515],[122.0008843914853,14.972109586426548],[122.00008182957048,14.974914350396089],[121.9974062914422,14.974191984817539],[121.99372757988698,14.9695856793357],[121.98616935765229,14.965398650415981]]],[[[122.01925147955717,14.794735431913267],[122.01616577696947,14.796657357174842],[122.01576893335881,14.786610939134786],[122.01457830712617,14.772564828869381],[122.02286783550305,14.768649689048148],[122.02340733387122,14.783917684899823],[122.02292126504248,14.786508434417609],[122.02408517249117,14.791622953894016],[122.01925147955717,14.794735431913267]]],[[[121.94421814254675,15.041952488389423],[121.94159618538069,15.036458890727705],[121.94444112797349,15.034652906338493],[121.95195475189054,15.04471713197704],[121.96568429426141,15.051017820951518],[121.95958866861055,15.054032212061212],[121.94956020731175,15.05499977313907],[121.94793262667987,15.045921042523242],[121.94421814254675,15.041952488389423]]],[[[121.83632130953174,15.030733408648837],[121.84185060681685,15.03449242462058],[121.8500553393988,15.035932720342764],[121.85601273374115,15.033551495611274],[121.85668152852352,15.030207241727771],[121.8577294060389,15.03518804697933],[121.85082233560044,15.040164398173497],[121.8364194008753,15.036927026292487],[121.83632130953174,15.030733408648837]]],[[[122.1103954871765,14.835982151297687],[122.11591140336611,14.82982411853646],[122.1187028365699,14.829342527630493],[122.12087884093667,14.827300277443408],[122.12367023246088,14.832437172090396],[122.13127747396054,14.830270046728941],[122.12582845934205,14.84075781372845],[122.12009406321174,14.831407060352946],[122.11780651107624,14.83389079973745],[122.11764601577202,14.839821432049437],[122.1103954871765,14.835982151297687]]],[[[122.00124563351545,14.830640130823742],[122.00506263261104,14.82493691673169],[122.00508492747076,14.820036365028125],[122.00602130747103,14.817494694884418],[122.01268321904678,14.81897508175394],[122.00769348139899,14.821039670821795],[122.00780495296745,14.827286850432651],[122.00982044339727,14.828798552310628],[122.00853181420288,14.830729302392907],[122.00549959368242,14.833645549147372],[122.00124563351545,14.830640130823742]]],[[[121.80711864901188,14.275098536903396],[121.8083538405139,14.27004193275927],[121.81594319323938,14.267696430347046],[121.81765553176072,14.269257155254449],[121.82063418198459,14.268646232540881],[121.82387152058298,14.2704566746528],[121.82182925194587,14.274420789013167],[121.82416130888656,14.279637948610784],[121.81958187024073,14.282215289327294],[121.80926347429809,14.273524491280845],[121.80711864901188,14.275098536903396]]],[[[122.14605048895837,14.826947957125896],[122.15506226153872,14.826082973820483],[122.15487947094032,14.829645761258227],[122.16027053699023,14.830350274956515],[122.17130677436566,14.822796600172087],[122.18012692858042,14.82423682240765],[122.1770100365432,14.829199852375067],[122.17140491190669,14.829275683655892],[122.1701340541351,14.83326652343668],[122.1774202342989,14.831500775057812],[122.18173665656417,14.841105644234348],[122.17679592932234,14.837761349599901],[122.16744971616565,14.838746774953757],[122.16579984150972,14.834323324053361],[122.15685489241756,14.838242928675067],[122.14867237648025,14.83380611495937],[122.14605048895837,14.826947957125896]],[[122.15393415271392,14.83198681080768],[122.15190972997773,14.83054650263712],[122.15487947094032,14.829645761258227],[122.15393415271392,14.83198681080768]]]]},"properties":{"rank":131,"site_id":"555715038","name":"Island of Polilio, Alabat, Cabelete, Jomalig, Patnanongan, Kalotkot, Kalongkooan, Palasan, Calabao, Icol and San Rafael Mangrove Swamp Forest Reserve","desig":"Mangrove Swamp Forest Reserve","iucn_cat":"Not Assigned","status_yr":"1981","loss_ha":6.7,"forest2000_ha":4080.1,"area_ha":4751.2,"rep_area_ha":4750.0,"pct_of_forest2000":0.16,"pct_of_pa":0.141,"lon":122.0125,"lat":14.7879}},{"type":"Feature","geometry":{"type":"Polygon","coordinates":[[[123.78476564390571,12.38965684466145],[123.78406106368186,12.371659968436564],[123.7935634556106,12.35767169920573],[123.79791995269284,12.362447458076462],[123.79980175104741,12.364841944506741],[123.80152297134424,12.38705273032831],[123.78476564390571,12.38965684466145]]]},"properties":{"rank":132,"site_id":"306445","name":"Panciscan Pt. in Bitos Bay up to Bano Sanlay, Panicijan River in Butuan Bay; Mangroves along the banks of Sta. Rosa River in San Jacinto town Mangrove Swamp Forest Reserve","desig":"Natural Park","iucn_cat":"II","status_yr":"2018","loss_ha":6.5,"forest2000_ha":233.7,"area_ha":519.2,"rep_area_ha":519.0,"pct_of_forest2000":2.78,"pct_of_pa":1.253,"lon":123.7928,"lat":12.3757}},{"type":"Feature","geometry":{"type":"MultiPolygon","coordinates":[[[[123.64643989527033,13.255150568122748],[123.6537483742716,13.252831839583026],[123.64785786771772,13.24938044165062],[123.65973691100362,13.245795368124279],[123.65788190419026,13.244203446210777],[123.65977258385283,13.242660573126683],[123.65087221512013,13.239262773395213],[123.6658146693332,13.23028214352223],[123.68012839160782,13.228369163711562],[123.68654055474151,13.221618099613135],[123.72924983672226,13.223317029254162],[123.73263430799781,13.227950028038352],[123.74326481620432,13.22806147652319],[123.75166575171869,13.23971313159097],[123.74694353188984,13.248551079557346],[123.75099690020909,13.251962320011211],[123.7249200623892,13.253589893048442],[123.70756970277456,13.266989458127105],[123.7085239294993,13.270124176071414],[123.70469357200815,13.271644731481242],[123.70613830180102,13.278034632557787],[123.70205824966243,13.284206026893152],[123.70568791904121,13.286417757207952],[123.70522422725469,13.291362875179308],[123.69784434363032,13.290484460231275],[123.69266290221678,13.284134705815672],[123.68749926147933,13.29054686600878],[123.68143041511179,13.287037611205175],[123.67732804131481,13.28830839056799],[123.66770083734265,13.284549427931914],[123.66138680878277,13.277981123941208],[123.6582430769547,13.277151732250593],[123.66065100215786,13.271310361468467],[123.65036387029991,13.267163360702284],[123.6537483742716,13.261063336832251],[123.65110411025819,13.258994251102067],[123.65236599557024,13.25694310170631],[123.64643989527033,13.255150568122748]]]]},"properties":{"rank":133,"site_id":"842","name":"Mayon Volcano National Park","desig":"Natural Park","iucn_cat":"II","status_yr":"2018","loss_ha":6.5,"forest2000_ha":3327.2,"area_ha":5330.4,"rep_area_ha":5327.0,"pct_of_forest2000":0.2,"pct_of_pa":0.122,"lon":123.695,"lat":13.2515}},{"type":"Feature","geometry":{"type":"Polygon","coordinates":[[[120.70209099847618,15.195434765218087],[120.72165749711735,15.173050071083876],[120.74694060414151,15.172091302880272],[120.76108931862449,15.171560686164117],[120.76005929619102,15.185165395844919],[120.76410813742972,15.185696029758638],[120.7668103603839,15.196982035593805],[120.76713144218402,15.20470074001404],[120.77567952323433,15.20515559054321],[120.76780472925945,15.222929530342435],[120.75191693454008,15.233551170095446],[120.74018065593512,15.238656767791683],[120.73094586355766,15.233466387148788],[120.72825250935594,15.222925097476121],[120.70209099847618,15.195434765218087]]]},"properties":{"rank":134,"site_id":"5210","name":"Mt. Arayat National Park","desig":"National Park","iucn_cat":"Not Assigned","status_yr":"1937","loss_ha":6.3,"forest2000_ha":2602.9,"area_ha":3704.1,"rep_area_ha":3707.0,"pct_of_forest2000":0.24,"pct_of_pa":0.169,"lon":120.7406,"lat":15.2018}},{"type":"Feature","geometry":{"type":"MultiPolygon","coordinates":[[[[123.42342681948563,13.902112604642813],[123.43091365116547,13.903356679079693],[123.43188127677074,13.909019766626034],[123.42342681948563,13.902112604642813]]],[[[123.35423493633719,14.002999780118191],[123.35743212614737,14.00247808337197],[123.35695945488239,14.007414276759715],[123.35423493633719,14.002999780118191]]],[[[123.34266803953733,14.048522724188944],[123.3471940502535,14.045169478524288],[123.34756864671718,14.048041151541318],[123.34266803953733,14.048522724188944]]],[[[123.31860672965534,13.950368959366573],[123.32143382789482,13.95035111894945],[123.319837476928,13.95448024585004],[123.31860672965534,13.950368959366573]]],[[[123.29120112347204,14.021331091046623],[123.29148204076252,14.0174695552986],[123.29383643665511,14.019302265201894],[123.29120112347204,14.021331091046623]]],[[[123.28489145034615,14.045129390094381],[123.28870847163567,14.047193941479613],[123.28328618665142,14.048157104061577],[123.28489145034615,14.045129390094381]]],[[[123.7840298700951,13.867438648796984],[123.79090584267786,13.867237995078035],[123.79181993033735,13.873676935976091],[123.79062043345522,13.87579494965578],[123.7840298700951,13.867438648796984]]],[[[123.45385574873372,13.937580317583643],[123.4575166725491,13.93105215017626],[123.45985769166859,13.938583555903088],[123.45675858502875,13.942266814495094],[123.45385574873372,13.937580317583643]]],[[[123.42446133794918,13.909956164473183],[123.42603987253047,13.90801643289018],[123.42640107276915,13.915984900206837],[123.42277138483755,13.91359477781882],[123.42446133794918,13.909956164473183]]],[[[123.42619147071197,13.919815261865844],[123.42614689813382,13.922419381723975],[123.42368989896526,13.923146213484744],[123.4242116069666,13.918196565394139],[123.42619147071197,13.919815261865844]]],[[[123.33959126893348,14.012667123405892],[123.3424629645046,14.010923572932539],[123.34491544498681,14.009251416267718],[123.34463005898908,14.016185297004887],[123.33959126893348,14.012667123405892]]],[[[123.33230953646485,13.970055898877053],[123.33399063050267,13.974287614955603],[123.33174776657003,13.9755138196829],[123.33008889925439,13.971567548594505],[123.33230953646485,13.970055898877053]]],[[[123.33926579272901,14.067968863544065],[123.34248967994064,14.065021363702362],[123.34719850260858,14.067179639356807],[123.34323436974633,14.06981496729023],[123.33926579272901,14.067968863544065]]],[[[123.31346988239024,13.953949673815126],[123.31199836846942,13.94046089417746],[123.31438395707859,13.941865484066929],[123.3164083893801,13.94498240148644],[123.31860672965534,13.950368959366573],[123.31346988239024,13.953949673815126]]],[[[123.32545597771008,13.932077733697383],[123.32831867292367,13.932483565858945],[123.33144898244119,13.934556993986872],[123.33669730945093,13.933634007539025],[123.33490476824275,13.945446123358922],[123.3243947027356,13.934614956834421],[123.32545597771008,13.932077733697383]]],[[[123.44988266897616,13.920091705361276],[123.46136038484214,13.901845063746972],[123.46432567797251,13.906580622037028],[123.46323771325005,13.913460981044228],[123.4646869048355,13.919110701313828],[123.46116864760471,13.918357082467425],[123.46028581324944,13.921630083277389],[123.44988266897616,13.920091705361276]]],[[[123.33458372919131,13.977623011038197],[123.33399063050267,13.974287614955603],[123.34096466197465,13.969039254448425],[123.34127686020072,13.96114661371209],[123.34588753203734,13.958426559801644],[123.34512060043656,13.970617778481532],[123.341143024387,13.982599364695911],[123.33540863213135,13.982773245596595],[123.33458372919131,13.977623011038197]]],[[[123.76564053882723,13.850257679356735],[123.77123228770384,13.852598729884546],[123.7735376632911,13.846908884307286],[123.77809480160106,13.849249980402265],[123.77862989805044,13.852826189722466],[123.77913822830412,13.859871502884623],[123.77289547795712,13.861739890106358],[123.77287766308982,13.858823671488597],[123.76841412164683,13.856875019707294],[123.76567625657259,13.8534771438755],[123.76564053882723,13.850257679356735]]],[[[123.319837476928,13.95448024585004],[123.32482274257433,13.964045047312707],[123.32539799841439,13.967286809130748],[123.32732431407834,13.965712727744762],[123.33230953646485,13.970055898877053],[123.32748034970555,13.968557628764618],[123.32702106299838,13.971389165610598],[123.32596871185989,13.978216098975482],[123.32194658335906,13.981578260797049],[123.3220269179426,13.978706570202393],[123.31992218122733,13.975585205983172],[123.319837476928,13.95448024585004]]],[[[123.25793619447929,14.000132544946377],[123.25936310718815,13.996449356548895],[123.26286353966371,13.99888402094389],[123.26488793295124,13.997216318836983],[123.26836605809659,13.998219620152776],[123.2753133665212,13.997573043153908],[123.27409602105072,14.002446853813746],[123.27057328506626,14.001992025455275],[123.26867377723163,14.006571459271857],[123.27004269140443,14.011012760492578],[123.26766595273227,14.013304743392537],[123.25816364490989,14.008301600109043],[123.25890384069045,14.002210496230592],[123.25793619447929,14.000132544946377]]],[[[123.70305706040084,13.889582542670592],[123.70560321613242,13.891477620407382],[123.7054471169155,13.88849896292185],[123.71779887826945,13.873966779166919],[123.7218477121058,13.87339156871529],[123.72302489686025,13.878042352933157],[123.72040740388373,13.879504935485835],[123.72112977820112,13.885096658418632],[123.71496289299712,13.88660830692738],[123.71661719265023,13.888878005114892],[123.70942023014423,13.891673878047296],[123.71094523508934,13.894567800542523],[123.70892081739672,13.896110676130958],[123.70243281560046,13.891936960999166],[123.70305706040084,13.889582542670592]]],[[[123.3471940502535,14.045169478524288],[123.34571808323273,14.041820718827848],[123.34841587152998,14.041098303906825],[123.34699335157315,14.035060675444214],[123.35152832072751,14.02907658490519],[123.35155948580952,14.032184573832462],[123.35615682448987,14.033794335098696],[123.36012992946912,14.031872407424755],[123.3587921667906,14.036581224558025],[123.36140963030017,14.037223329005853],[123.36629687305465,14.037905584639432],[123.35883677059371,14.04664540432833],[123.3552784181362,14.042703618817095],[123.3546050534652,14.045040170590692],[123.35172892436222,14.044442660186641],[123.3498917973123,14.045824942523403],[123.3471940502535,14.045169478524288]]],[[[123.2823944381797,14.02957153625489],[123.28594381926675,14.030659532769274],[123.28573425456703,14.02733308640079],[123.28654577978416,14.022539547138004],[123.28886011442533,14.02440787701081],[123.29191905015482,14.02442130016437],[123.28911422265921,14.026766761263595],[123.29033163689643,14.030084304869199],[123.29331025357801,14.027810223298655],[123.29297134287566,14.035948034574309],[123.2905634664761,14.036095178518085],[123.29194577954212,14.040768377601882],[123.2882715334592,14.041165215946293],[123.28804406780641,14.037762905725586],[123.28585017491676,14.035956951036965],[123.28505200952675,14.0384629607678],[123.28106108415311,14.036715039198924],[123.2823944381797,14.02957153625489]]],[[[123.123048418122,13.726762931388883],[123.12815856498365,13.710027870119266],[123.12937146397563,13.70273724249812],[123.1389406904205,13.70204608165913],[123.14581655168593,13.691602872454407],[123.14451007552371,13.704404959895218],[123.14218691261024,13.707695761456367],[123.14781874611161,13.708168491198842],[123.15050752196741,13.708708033340931],[123.14665935558804,13.713555014986087],[123.14359595230414,13.71080379521239],[123.13845906351963,13.712658795673372],[123.14421131758425,13.715347614186678],[123.16984671023481,13.720596007908847],[123.17657991212052,13.723583559163941],[123.18006693156951,13.72160372714093],[123.18160090635904,13.7271642381241],[123.13795074851505,13.729661345773133],[123.123048418122,13.726762931388883]]]]},"properties":{"rank":135,"site_id":"555715039","name":"Tanglar point to Bicol River up to the Islands of Lahay, Locsuhin, Haponan, Quinabungan, Lamit and Batan Magrove Swamp Forest Reserve","desig":"Mangrove Swamp Forest Reserve","iucn_cat":"Not Assigned","status_yr":"1981","loss_ha":6.1,"forest2000_ha":2568.0,"area_ha":3143.6,"rep_area_ha":3142.0,"pct_of_forest2000":0.24,"pct_of_pa":0.194,"lon":123.3285,"lat":13.8729}},{"type":"Feature","geometry":{"type":"Polygon","coordinates":[[[122.13538432964386,10.702908234954133],[122.12780380658015,10.716374745060678],[122.16579984150972,10.75256033818452],[122.17583729192275,10.755797622508034],[122.20197208087679,10.811991233770135],[122.15461195504075,10.810916621778746],[122.14799020496609,10.81431440904517],[122.14814181826162,10.806198857566335],[122.14360242378129,10.798052081171779],[122.15333665394998,10.789539700738795],[122.1481105426221,10.782293605058284],[122.14085114318635,10.779310505552948],[122.13499190756578,10.785272273740231],[122.12306823319382,10.782962530258317],[122.11036870725299,10.788924351082315],[122.10325645287057,10.778177882913253],[122.09764688739043,10.770316477777897],[122.12208277386272,10.756774164445385],[122.12112408280663,10.741947703931984],[122.11406982046068,10.738420524538839],[122.10711806062048,10.734496543543814],[122.10186968993902,10.734010495447636],[122.09200166537215,10.717810607534403],[122.08373899100451,10.714091696204394],[122.08148265886241,10.704295049557514],[122.13538432964386,10.702908234954133]]]},"properties":{"rank":136,"site_id":"306454","name":"Tipulu-an Mau-it River Watershed","desig":"Natural Park","iucn_cat":"II","status_yr":"2000","loss_ha":4.9,"forest2000_ha":4869.1,"area_ha":6782.1,"rep_area_ha":6778.0,"pct_of_forest2000":0.1,"pct_of_pa":0.072,"lon":122.1422,"lat":10.7609}},{"type":"Feature","geometry":{"type":"Polygon","coordinates":[[[125.7944423198078,7.238717346614109],[125.80777509135089,7.219828638967941],[125.83249633160658,7.232323049257072],[125.8484286914331,7.234860211374746],[125.83915821786142,7.255465727491752],[125.8418559467569,7.281587185276232],[125.84973518817993,7.295521847813543],[125.84693938860998,7.317478499957797],[125.85295915777249,7.328496913754047],[125.85247756314996,7.338034907838711],[125.85697676886822,7.33944843343182],[125.83944802240318,7.347599714993146],[125.82166963372585,7.3373214704483996],[125.81472237552346,7.322044596980063],[125.77971841242122,7.2839906295237675],[125.76861077440284,7.2606605899194365],[125.7944423198078,7.238717346614109]],[[125.83442708982673,7.2834510889282],[125.82991894608415,7.285020662941621],[125.8308107594228,7.269150749861015],[125.83442708982673,7.2834510889282]]]},"properties":{"rank":137,"site_id":"306528","name":"Island of Pandasan Wilderness Area","desig":"Protected Landscape and Seascape","iucn_cat":"V","status_yr":"2018","loss_ha":4.6,"forest2000_ha":138.5,"area_ha":7280.7,"rep_area_ha":7293.0,"pct_of_forest2000":3.33,"pct_of_pa":0.063,"lon":125.817,"lat":7.2802}},{"type":"Feature","geometry":{"type":"Polygon","coordinates":[[[124.84837716160135,10.878623603793406],[124.85886048730127,10.857344790391295],[124.86461722086037,10.86379707042482],[124.85816040399523,10.867993109879803],[124.86707420581237,10.871127851075958],[124.8615315124977,10.880701537799478],[124.85163235994578,10.88495995481846],[124.84837716160135,10.878623603793406]]]},"properties":{"rank":138,"site_id":"14736","name":"Mahagnao Volcano National Park","desig":"Natural Park","iucn_cat":"II","status_yr":"2018","loss_ha":4.3,"forest2000_ha":310.8,"area_ha":340.7,"rep_area_ha":341.0,"pct_of_forest2000":1.39,"pct_of_pa":1.27,"lon":124.8574,"lat":10.873}},{"type":"Feature","geometry":{"type":"MultiPolygon","coordinates":[[[[124.34052125208639,6.054183927427593],[125.3032411834676,5.498214270356139],[125.33197561663773,5.555277433508985],[125.32855105468573,5.557012027222972],[125.32837261752573,5.56791894052612],[125.31850463255829,5.567562227449333],[125.30048988388252,5.583079924866402],[125.29421148087562,5.58377107577109],[125.29482684447841,5.599636513901679],[125.30862775880614,5.632188012487918],[125.30215313826083,5.654724282465988],[125.29286480200462,5.676226070216607],[125.28058895614255,5.702258304580375],[125.26899077605523,5.711243375446313],[125.25640724419567,5.711118511788377],[125.24446125695941,5.713584447130382],[125.22769058409652,5.729655019117972],[125.22805183385569,5.74374577135811],[125.21497323724464,5.7704111763589925],[125.20400831470613,5.774477929293602],[125.19695402834006,5.770696557735592],[125.18539160647455,5.773822402603388],[125.18979715138248,5.783908924891906],[125.18629229451402,5.792193925593376],[125.17569747857654,5.79675554899215],[125.17256274680206,5.813517340504177],[125.17637974337477,5.818364352672903],[125.17558154417665,5.830100693732147],[125.18108850138574,5.837592007086455],[125.19570548572128,5.827429749996196],[125.20374968936862,5.826970411960391],[125.20622898762721,5.829405078899433],[125.20597481369518,5.837748046287344],[125.21602117723653,5.849448748433329],[125.22184916901035,5.866504801350489],[125.21973112048906,5.878473049763665],[125.21289978967754,5.883761574062356],[125.2252782437574,5.891310794751256],[125.23778159447585,5.896171248354925],[125.23664892885499,5.906119479616656],[125.26132113356152,5.917949490295415],[125.27213443240237,5.917338610727563],[125.27225039941811,5.925101868182783],[125.26656950010145,5.927554363727406],[125.27057380552976,5.946242457663531],[125.28261337208731,5.9603287711991255],[125.28420083199988,5.968836764454607],[125.29129970835031,5.984247396083584],[125.29072000546888,5.994900160516938],[125.28902108395941,6.00078170198059],[125.28975686871016,6.010926195122127],[125.27740515309144,6.027710255976127],[125.27921105476898,6.047147442466714],[125.27170190081048,6.056921823842149],[125.27851547645888,6.06274094900287],[125.27238865467929,6.083413332188141],[125.2447154805285,6.097044819585932],[125.22185361264646,6.098061515148329],[125.21108933778537,6.102306539406914],[125.19507227529978,6.10084839754251],[125.17008798111411,6.106498094360158],[125.1583203651579,6.097539781288057],[125.16037604439852,6.094369358153038],[125.15317901516954,6.088313917015532],[125.15565386384662,6.067494368427757],[125.14755608452137,6.052320023063514],[125.14296770426674,6.0385369364911385],[125.14059990194907,6.01971508703196],[125.13110200121045,6.008986495657712],[125.12038230808251,5.991306147996771],[125.11770687087822,5.981999968461773],[125.11350638506624,5.971409632721902],[125.09731093110842,5.948917962767473],[125.09674020112212,5.9391837123527695],[125.09264673470334,5.933275381958284],[125.09938440229377,5.919202513985343],[125.09727977910866,5.912411254421938],[125.07978219541441,5.901874413257763],[125.07153292975332,5.886102578615006],[125.08378651475883,5.879458512311702],[125.08640845080727,5.875931379973561],[125.07432877406889,5.860065879312173],[125.03191376943477,5.852699415177911],[125.00106124317956,5.858576570431398],[124.97391869784015,5.862406928011645],[124.95683145895933,5.855513114726398],[124.93574877923388,5.863325461279082],[124.92278622095475,5.861336720037905],[124.90499881352206,5.869858067130285],[124.88442011439741,5.877327086369604],[124.8370689006266,5.886824962602203],[124.81942869993394,5.8941958316778695],[124.7961477637197,5.912067940196439],[124.77322791760747,5.920366340439125],[124.72252792934326,5.937221696819516],[124.68737238264995,5.955067026938457],[124.65601159523196,5.968448822338507],[124.64192975306057,5.983391246775215],[124.61480944724646,5.986664219361532],[124.60505298915916,5.985776823842208],[124.59548818098807,5.999604502943092],[124.58069731007787,6.014007439108194],[124.56043960531848,6.017186780368555],[124.5309605342058,6.019545599006137],[124.51096589669321,6.029342289059965],[124.46784641500965,6.055414660742131],[124.45127196911993,6.066847771392816],[124.4197327511092,6.089932544416545],[124.40020632589935,6.093696025628212],[124.39552423491998,6.091239089420663],[124.38341334211385,6.101646585051017],[124.36629927109631,6.114448650254239],[124.34052125208639,6.054183927427593]]]]},"properties":{"rank":139,"site_id":"305927","name":"Sarangani Bay Protected Seascape","desig":"Protected Seascape","iucn_cat":"V","status_yr":"2018","loss_ha":4.3,"forest2000_ha":340.6,"area_ha":210794.0,"rep_area_ha":210888.0,"pct_of_forest2000":1.27,"pct_of_pa":0.002,"lon":124.9905,"lat":5.8316}},{"type":"Feature","geometry":{"type":"MultiPolygon","coordinates":[[[[123.68816370425394,11.227450141265216],[123.68933192793202,11.217818456408866],[123.69952991172822,11.211424116591095],[123.71135098338053,11.183086579802046],[123.7188155168158,11.164483179306488],[123.7211431680856,11.163997144962043],[123.72136610511642,11.16797911712777],[123.73251389905897,11.155382165686724],[123.72068390248116,11.15058864573117],[123.71836963006211,11.148938739092662],[123.72141070951592,11.136859066325334],[123.73798518591884,11.141228965649706],[123.73985804866344,11.146343581225466],[123.75506356266801,11.151342187940491],[123.77476388913499,11.149563007913581],[123.78415916147813,11.146330181205704],[123.8088626178531,11.154468043327814],[123.80564758376836,11.16364489333977],[123.80784150810025,11.165584564781257],[123.77443836891791,11.1964638863806],[123.7714953383246,11.205324074036286],[123.76578767198137,11.222799291496042],[123.75460872663206,11.262663661631489],[123.7553756803586,11.269227486133499],[123.74305966672898,11.293204013742422],[123.7293434724535,11.300904894961112],[123.71473542024263,11.26666791250328],[123.70918387305136,11.254227083067054],[123.70432788643832,11.251252860169709],[123.70695879467308,11.245852861353104],[123.70148748370048,11.249125811697052],[123.69302854800881,11.232016238581474],[123.68816370425394,11.227450141265216]]]]},"properties":{"rank":140,"site_id":"7327","name":"Island of Bantayan Wilderness Area","desig":"Wilderness Area","iucn_cat":"Not Assigned","status_yr":"1981","loss_ha":4.2,"forest2000_ha":1412.6,"area_ha":11266.4,"rep_area_ha":11260.0,"pct_of_forest2000":0.3,"pct_of_pa":0.037,"lon":123.7421,"lat":11.2088}},{"type":"Feature","geometry":{"type":"Polygon","coordinates":[[[121.0246356164871,17.47431179452873],[121.06790227768889,17.477299393690714],[121.09536139737195,17.511295600778453],[121.07526421356413,17.510105026229684],[121.05976438854641,17.49824379260661],[121.04237392859606,17.496816927387517],[121.02691422787235,17.484184260458022],[121.0246356164871,17.47431179452873]]]},"properties":{"rank":141,"site_id":"5216","name":"Balbalasang-Balbalan National Park","desig":"National Park","iucn_cat":"Not Assigned","status_yr":"1972","loss_ha":4.1,"forest2000_ha":1216.5,"area_ha":1442.4,"rep_area_ha":1443.0,"pct_of_forest2000":0.34,"pct_of_pa":0.284,"lon":121.0589,"lat":17.4906}},{"type":"Feature","geometry":{"type":"MultiPolygon","coordinates":[[[[124.09620261222656,12.57298832362815],[124.09612684653248,12.570477894710622],[124.09969413586452,12.569336368647486],[124.09620261222656,12.57298832362815]]],[[[124.12591359103888,12.9129011415299],[124.13102374275887,12.916000253711712],[124.1268768186551,12.917003552619532],[124.12591359103888,12.9129011415299]]],[[[124.13466683347482,13.075471057855228],[124.1434913884165,13.071230482894872],[124.14519919872082,13.073999557077492],[124.13466683347482,13.075471057855228]]],[[[124.09309463787875,13.00821447164615],[124.0954981247308,13.007608033956],[124.0957611827351,13.010934472418374],[124.09309463787875,13.00821447164615]]],[[[124.06946587889567,13.010827454319582],[124.07192725602916,13.009628008669653],[124.07149029636363,13.01211167618561],[124.06946587889567,13.010827454319582]]],[[[123.94790629134192,12.861126528265467],[123.94884273277347,12.858286068387313],[123.95014030984377,12.86033281632534],[123.94790629134192,12.861126528265467]]],[[[123.95202649408051,12.959191096990851],[123.96263471752795,12.956569105869473],[123.95517909411429,12.960867704256096],[123.95202649408051,12.959191096990851]]],[[[123.69180679408915,12.953073228067407],[123.69402736970117,12.956671703272681],[123.69084360977911,12.959079606348872],[123.69180679408915,12.953073228067407]]],[[[123.6890332401256,12.961491944899622],[123.6883420143668,12.964974515446567],[123.68508690559348,12.9649432942868],[123.6890332401256,12.961491944899622]]],[[[124.18952719248436,13.063600935371685],[124.19361167293272,13.048970620178103],[124.19394164415183,13.055480940991474],[124.19249693991478,13.061830688001477],[124.18952719248436,13.063600935371685]]],[[[124.07924913992257,12.557149624318773],[124.0803327340046,12.555062763898896],[124.08490772860651,12.554639153825281],[124.08678501182455,12.556012528117076],[124.07924913992257,12.557149624318773]]],[[[123.99202468656964,12.967627699869901],[123.99494538368543,12.965973403832676],[123.99787057913298,12.966490615494878],[123.99640795059807,12.968399166114143],[123.99202468656964,12.967627699869901]]],[[[123.94608697960383,12.85922693420703],[123.94372370922157,12.857907053495776],[123.94492760046765,12.855218205407025],[123.94884273277347,12.858286068387313],[123.94608697960383,12.85922693420703]]],[[[123.93686556707544,12.96598234103693],[123.94036600287934,12.957853388270399],[123.94940457602912,12.956823338857154],[123.95202649408051,12.959191096990851],[123.93686556707544,12.96598234103693]]],[[[123.92620390161326,12.975912730403971],[123.929829151346,12.966356828491637],[123.93686556707544,12.96598234103693],[123.93103756450645,12.976229285740999],[123.92620390161326,12.975912730403971]]],[[[124.08094805336724,13.003233594797909],[124.07782664287714,12.997646403801633],[124.08298589198151,12.999073250117744],[124.08295462983719,12.996116907594322],[124.08668247964314,12.996883851356447],[124.09034782694548,13.003514571710276],[124.08094805336724,13.003233594797909]]],[[[123.66645229956531,12.929801156356971],[123.66933293134714,12.92528407740295],[123.67554445960712,12.93002409894659],[123.69087483450983,12.92215375754583],[123.69269856255511,12.923594071068932],[123.69551671012175,12.936547775143184],[123.69296166377079,12.948814741907174],[123.68823946476435,12.943080381885187],[123.67867472842582,12.942625529594682],[123.66645229956531,12.929801156356971]]],[[[124.12160169706726,12.947708931129402],[124.12114238927336,12.94242933471305],[124.12588242862003,12.93792561364611],[124.12863368067578,12.939664722651532],[124.13864878059887,12.931914745246315],[124.14717463914322,12.956297164991316],[124.14604201331335,12.959454154388922],[124.15321224063483,12.968898547921327],[124.14802184959139,12.971797003931059],[124.14143131038982,12.96882719163733],[124.13833219077029,12.971703307946004],[124.13306155848075,12.968537342250565],[124.13060455885018,12.963676962738013],[124.13228569789004,12.955993949565396],[124.13155440625103,12.951953934519526],[124.1273405126342,12.945336640891348],[124.12160169706726,12.947708931129402]]],[[[123.94158329622812,12.864127493926073],[123.94361667699513,12.861153262279375],[123.94608697960383,12.85922693420703],[123.94790629134192,12.861126528265467],[123.94846814033248,12.863494347875688],[123.95232978065069,12.865269052680544],[123.95389485952794,12.867877658610166],[123.96409286733594,12.863882276600933],[123.9627595909086,12.867097254493883],[123.97017504626827,12.866722739403265],[123.97120507671674,12.870691342542196],[123.97750578694959,12.869402670953164],[123.97853139742664,12.862446451371554],[123.9953778637576,12.860181212920661],[123.9983209017674,12.856547053240849],[123.99777687501276,12.861759708483982],[123.99747365394342,12.864074034392884],[123.99498994130217,12.86321338717517],[123.989995781596,12.865095102830717],[123.99338024109717,12.868203150153319],[123.98394034783072,12.874833806605448],[123.9802436709862,12.874013384785021],[123.9824153283349,12.878704312640203],[123.9706878514798,12.877473640700806],[123.9623626835115,12.878508125518142],[123.9458774297371,12.874419136703029],[123.94158329622812,12.864127493926073]]]]},"properties":{"rank":142,"site_id":"555715028","name":"Putiao River to Malbog River, Getumbro Pt. to Prieto Diaz, Panuntingan Pt. to Tagdon River, Sinagbatan Bay to Mantay Pt. Magrove Swamp Forest Reserve","desig":"Mangrove Swamp Forest Reserve","iucn_cat":"Not Assigned","status_yr":"1981","loss_ha":4.1,"forest2000_ha":1830.2,"area_ha":2594.3,"rep_area_ha":2593.0,"pct_of_forest2000":0.22,"pct_of_pa":0.157,"lon":123.9658,"lat":12.9241}},{"type":"Feature","geometry":{"type":"MultiPolygon","coordinates":[[[[121.39886122935756,12.352093383654255],[121.39748333771676,12.343991188288037],[121.3999135200684,12.337142015431295],[121.39886122935756,12.352093383654255]]],[[[121.33567128164503,13.296918947932225],[121.33851176149268,13.297003648938206],[121.33704021829566,13.299309030440137],[121.33567128164503,13.296918947932225]]],[[[120.7638985787623,12.834376361545358],[120.76747032199273,12.830813587538266],[120.76691294532019,12.83558483768554],[120.7638985787623,12.834376361545358]]],[[[120.76691294532019,12.83558483768554],[120.76817929238594,12.838148793671408],[120.76568218353194,12.837600350146692],[120.76691294532019,12.83558483768554]]],[[[120.71857177614277,13.085874125697996],[120.71959740528244,13.083287890987],[120.72113131603983,13.085535277383261],[120.71857177614277,13.085874125697996]]],[[[121.07284736811278,12.296555320788716],[121.07372135275897,12.290406200884258],[121.076651030943,12.29007622205285],[121.07822953619635,12.291975807480439],[121.07284736811278,12.296555320788716]]],[[[120.78728656136711,12.865924566997506],[120.79083597848914,12.866994697579333],[120.79222726193714,12.874102543258562],[120.78935561329556,12.873455982048094],[120.78746943041129,12.872113769280793],[120.78728656136711,12.865924566997506]]],[[[121.29888812588642,13.312565959157874],[121.30273186235068,13.305921854176793],[121.3141338361767,13.309663082174493],[121.31872226166756,13.30845911709979],[121.30555001025446,13.321907759955051],[121.30246876774343,13.317408496596832],[121.29888812588642,13.312565959157874]]],[[[121.48557730861432,12.740561376987888],[121.48782026766027,12.733970835840557],[121.49030397828476,12.72557879740551],[121.49262275118357,12.725230976025426],[121.49762137042774,12.719773072124484],[121.49673397647922,12.727478347858181],[121.4940986819467,12.727059171886273],[121.49368394871067,12.735460189498333],[121.48799857998219,12.738635077896939],[121.48557730861432,12.740561376987888]]],[[[121.43234459722001,13.120557054907371],[121.43920714496457,13.119040958841637],[121.44359490940373,13.122108814944967],[121.44196732508296,13.126295882114377],[121.44441985259147,13.128471971589354],[121.43944351270686,13.12843183702463],[121.44594034119618,13.13413944108484],[121.44573083928171,13.13888392541494],[121.43955938590898,13.140520403766077],[121.43234459722001,13.120557054907371]]],[[[121.31350060170983,13.302038008340705],[121.31611364281561,13.299099465192812],[121.31878911723528,13.299924416273319],[121.31849926403446,13.297409426155118],[121.32074667671444,13.298715962941904],[121.32306089936573,13.298399385420868],[121.32903170705218,13.291380750446661],[121.33312508838031,13.296941249304076],[121.33567128164503,13.296918947932225],[121.33477496720482,13.300365839245178],[121.33704021829566,13.299309030440137],[121.3353635806659,13.306238441241463],[121.3318810751677,13.306965313437221],[121.32637400872017,13.30255523576877],[121.32118812458869,13.306769096946777],[121.31350060170983,13.302038008340705]]]]},"properties":{"rank":143,"site_id":"555715030","name":"Mangrove areas along banks of Mamburao River, Buluangan River to Lagarum River, Naujan, bank of Betel Creek, Sablayan Pt. to Bagong Sabang RIver, Labangan to Calalayuan Pt. Sukol River, Casiliga River, Island of Soguicay Mangrove Swamp Forest Reserve","desig":"Mangrove Swamp Forest Reserve","iucn_cat":"Not Assigned","status_yr":"1981","loss_ha":3.9,"forest2000_ha":679.6,"area_ha":997.1,"rep_area_ha":997.0,"pct_of_forest2000":0.57,"pct_of_pa":0.391,"lon":121.3308,"lat":13.1119}},{"type":"Feature","geometry":{"type":"Polygon","coordinates":[[[122.1036755984694,18.45822583653588],[122.1246200621083,18.49155761433821],[122.1888043292198,18.546904032117105],[122.17001365448056,18.593836035319885],[122.14162260051118,18.602419766686353],[122.1027882490228,18.578251458870483],[122.1036755984694,18.45822583653588]]]},"properties":{"rank":144,"site_id":"145484","name":"Palaui Island Protected Landscape and Seascape","desig":"Protected Landscape and Seascape","iucn_cat":"V","status_yr":"2018","loss_ha":3.8,"forest2000_ha":2492.3,"area_ha":8053.4,"rep_area_ha":8049.0,"pct_of_forest2000":0.15,"pct_of_pa":0.047,"lon":122.1372,"lat":18.5459}},{"type":"Feature","geometry":{"type":"MultiPolygon","coordinates":[[[[124.0934647293995,8.192416530008138],[124.10034066494867,8.189919419679098],[124.10048785753864,8.193384135839151],[124.0934647293995,8.192416530008138]]],[[[124.08250430085128,8.187177067327523],[124.08512621888143,8.187930660240404],[124.08303932643692,8.189892684843924],[124.08250430085128,8.187177067327523]]],[[[124.0816749115106,8.191917131843073],[124.07966830674127,8.19057936824556],[124.08303932643692,8.189892684843924],[124.0816749115106,8.191917131843073]]],[[[124.06415062309507,8.188630728326594],[124.06770005247596,8.188523750009178],[124.0653590454389,8.191141208204186],[124.06415062309507,8.188630728326594]]],[[[124.05201291310308,8.195796503233048],[124.05513427584128,8.193665073535946],[124.05682879671721,8.196064071934444],[124.05201291310308,8.195796503233048]]],[[[124.04118627165921,8.196202274997837],[124.04074032518056,8.192951607581405],[124.044008848871,8.195270315833419],[124.04118627165921,8.196202274997837]]],[[[124.12408093385511,8.184586319202895],[124.12619006151057,8.183391320803189],[124.12653344073496,8.187449053009983],[124.12301076987232,8.187747844697238],[124.12185134757965,8.185790311214491],[124.12235523192275,8.182713538887237],[124.12408093385511,8.184586319202895]]]]},"properties":{"rank":145,"site_id":"555715046","name":"Mangrove Areas from Liangan River to Lipatan River of the Municipality of Lapayan Mangrove Swamp Forest Reserve","desig":"Mangrove Swamp Forest Reserve","iucn_cat":"Not Assigned","status_yr":"1981","loss_ha":3.8,"forest2000_ha":124.0,"area_ha":190.9,"rep_area_ha":191.0,"pct_of_forest2000":3.07,"pct_of_pa":1.993,"lon":124.0912,"lat":8.19}},{"type":"Feature","geometry":{"type":"MultiPolygon","coordinates":[[[[124.01670579104781,12.747615635492883],[124.02135658435246,12.742554626663798],[124.03054678880122,12.747325855771898],[124.03662904961558,12.752204089160973],[124.04178375322577,12.751642216703372],[124.03992432331017,12.74955087841146],[124.05372074883948,12.744842122381375],[124.05976288337392,12.74726786787926],[124.06646931497112,12.752324463039084],[124.0699206906784,12.748324693681964],[124.07156608263563,12.751726944466489],[124.07970840528967,12.752320004289395],[124.0890279486194,12.74308078354714],[124.10595912435754,12.743941332349344],[124.09626504243136,12.751151768874362],[124.10050119234312,12.75498654876613],[124.09873987700634,12.756747897890955],[124.10042543024319,12.763003992934106],[124.08714170738361,12.768818699881392],[124.08839025821253,12.792839894142094],[124.07650675229178,12.796630095196864],[124.06897537972048,12.790436403205055],[124.06200130457968,12.795573333020815],[124.05760462367854,12.786851275493644],[124.05384566764518,12.792715031451463],[124.0486285043864,12.795907735691515],[124.05192818757152,12.79880614252161],[124.04457512154815,12.798730326447146],[124.04153405230262,12.795782852493213],[124.04435670371845,12.792955823800071],[124.04107034448285,12.792857671908227],[124.0431972957086,12.788242531613367],[124.0381674424668,12.785834602493795],[124.0335433461995,12.780505996824095],[124.03100613019939,12.778780351460012],[124.02733626438368,12.781348763124422],[124.02570426820135,12.783038743407435],[124.0225025840601,12.770383829234339],[124.02349249655134,12.761340774657247],[124.02736746065092,12.76311548969889],[124.02832620938995,12.754143750682267],[124.01927868464189,12.748150775403015],[124.01670579104781,12.747615635492883]],[[124.05950422461282,12.7508039224689],[124.05658797460323,12.750045893079706],[124.05976288337392,12.74726786787926],[124.05950422461282,12.7508039224689]]]]},"properties":{"rank":146,"site_id":"5220","name":"Bulusan Volcano National Park","desig":"Natural Park","iucn_cat":"II","status_yr":"2018","loss_ha":3.2,"forest2000_ha":3312.3,"area_ha":3643.0,"rep_area_ha":3642.0,"pct_of_forest2000":0.1,"pct_of_pa":0.088,"lon":124.0605,"lat":12.7686}},{"type":"Feature","geometry":{"type":"Polygon","coordinates":[[[121.18271961703302,14.720602920116017],[121.1987902547326,14.718707801395022],[121.19912024223845,14.747477906427186],[121.18053467056448,14.748084367823502],[121.18271961703302,14.720602920116017]]]},"properties":{"rank":147,"site_id":"145486","name":"Pamitinan Protected Landscape","desig":"Protected Landscape","iucn_cat":"V","status_yr":"2018","loss_ha":3.1,"forest2000_ha":522.1,"area_ha":609.0,"rep_area_ha":609.0,"pct_of_forest2000":0.6,"pct_of_pa":0.51,"lon":121.1904,"lat":14.7341}},{"type":"Feature","geometry":{"type":"Polygon","coordinates":[[[122.44977322735159,14.270465526800002],[122.45794224471719,14.265712173651401],[122.46456852581227,14.26737988158554],[122.46431431448126,14.274153206563284],[122.47337078409808,14.277435140841785],[122.47767378102134,14.279843066288754],[122.46953152622267,14.28240253667554],[122.46707449991554,14.284199588379446],[122.45353667142771,14.282830647123898],[122.45125360291148,14.281078256536357],[122.45305514749839,14.27432267144999],[122.44977322735159,14.270465526800002]]]},"properties":{"rank":148,"site_id":"14710","name":"Capalonga Watershed Forest Reserve","desig":"Watershed Forest Reserve","iucn_cat":"Not Assigned","status_yr":"1966","loss_ha":3.1,"forest2000_ha":355.1,"area_ha":359.1,"rep_area_ha":359.0,"pct_of_forest2000":0.87,"pct_of_pa":0.856,"lon":122.4611,"lat":14.2761}},{"type":"Feature","geometry":{"type":"MultiPolygon","coordinates":[[[[125.67722146932525,9.968057327323079],[125.67831842613498,9.971018165958345],[125.67567418191695,9.96999701219794],[125.67722146932525,9.968057327323079]]],[[[125.64602566311574,9.930043482205534],[125.64647597836351,9.917482178195591],[125.65390485621269,9.927965510771928],[125.64602566311574,9.930043482205534]]],[[[125.64634219354524,9.895828838698328],[125.64596319095469,9.898250106316988],[125.64254307875738,9.895917978897677],[125.64634219354524,9.895828838698328]]],[[[125.64392985822366,9.934663116574535],[125.64602566311574,9.930043482205534],[125.64655179522202,9.934413417034557],[125.64392985822366,9.934663116574535]]],[[[125.60474325139667,9.99201163136446],[125.6060587498852,9.9874989661138],[125.60734735679014,9.99136507621303],[125.60474325139667,9.99201163136446]]],[[[125.59096018568954,9.878197523579718],[125.59340382204107,9.881037942869527],[125.59115190339871,9.88293311357766],[125.59096018568954,9.878197523579718]]],[[[125.60170218461089,9.992149841941739],[125.60474325139667,9.99201163136446],[125.60401648017216,9.994388272270253],[125.60170218461089,9.992149841941739]]],[[[125.5880038192034,9.869649444429514],[125.5898231409038,9.875192074903445],[125.58603738318202,9.87212867552611],[125.5880038192034,9.869649444429514]]],[[[125.60068546581225,9.994486421837706],[125.59895535363113,9.991877801240411],[125.60170218461089,9.992149841941739],[125.60068546581225,9.994486421837706]]],[[[125.58448116119516,9.893996135227042],[125.5846594554751,9.897148683368034],[125.58035198582027,9.89545426238925],[125.58448116119516,9.893996135227042]]],[[[125.57944677275482,9.887115725655256],[125.58232740861796,9.886718819889568],[125.58199743749202,9.889193677327013],[125.57944677275482,9.887115725655256]]],[[[125.59805911237392,10.03753902727888],[125.60062754842308,10.035171267367543],[125.60089952611834,10.037623755386344],[125.59805911237392,10.03753902727888]]],[[[125.56243532733384,9.893465476657],[125.56234164701888,9.896845481495356],[125.55994265920741,9.894165577566646],[125.56243532733384,9.893465476657]]],[[[125.58663043241535,10.12845120988313],[125.58424477041862,10.126444613634181],[125.58631825785227,10.125097913444668],[125.58663043241535,10.12845120988313]]],[[[125.6032985482725,10.277741919231172],[125.59792975370098,10.28285198708565],[125.59766218923211,10.279632534446257],[125.6032985482725,10.277741919231172]]],[[[125.6080073405171,10.404179664703655],[125.61172180727725,10.405606624167577],[125.60782901443207,10.407394708765086],[125.6080073405171,10.404179664703655]]],[[[125.60689256652488,10.392510226102845],[125.60919795116486,10.391203679261777],[125.6090775390715,10.393879206841005],[125.60689256652488,10.392510226102845]]],[[[125.56658670901781,10.088323743043823],[125.56872710617677,10.085942553001882],[125.56959219892157,10.08883204857239],[125.56658670901781,10.088323743043823]]],[[[125.56804935188381,10.163076069126568],[125.56866023266905,10.155116607316476],[125.57493867051856,10.158728446095074],[125.56804935188381,10.163076069126568]]],[[[125.56208749060846,10.08174207766614],[125.5625155650217,10.078223890289363],[125.56454895013152,10.0823619330121],[125.56208749060846,10.08174207766614]]],[[[125.518789676827,10.194686692263382],[125.52185307880924,10.192274273633496],[125.52051975173272,10.19644803324985],[125.518789676827,10.194686692263382]]],[[[125.5209969150988,10.204367382979031],[125.51905716836853,10.19971652745077],[125.52130015296301,10.199110089543348],[125.5209969150988,10.204367382979031]]],[[[125.50331209287606,10.172605226643382],[125.50456507361021,10.167669004394808],[125.51071865271798,10.170433593379881],[125.50331209287606,10.172605226643382]]],[[[125.5183303779238,10.290347747648887],[125.52096124489532,10.289817128899742],[125.519949023233,10.293527078913508],[125.5183303779238,10.290347747648887]]],[[[125.49069280692048,10.119845125573917],[125.49207517638425,10.122306516805914],[125.48785236580792,10.12041591386492],[125.49069280692048,10.119845125573917]]],[[[125.66910592360048,9.989710726637451],[125.6730878824155,9.990285924813604],[125.67193749052096,9.993393947352082],[125.66845494674119,9.992965856896852],[125.66910592360048,9.989710726637451]]],[[[125.64634219354524,9.895828838698328],[125.6510510514428,9.89478091818217],[125.65337426870978,9.896444154983383],[125.6490444535195,9.897193305497415],[125.64634219354524,9.895828838698328]]],[[[125.6466811591355,9.901786167904115],[125.64908907478421,9.909602935176084],[125.64670342872434,9.910971927554176],[125.64452289806945,9.903685760920256],[125.6466811591355,9.901786167904115]]],[[[125.59933441085977,9.98091288785705],[125.59871900528883,9.97797884932847],[125.60444449906335,9.979958633954668],[125.60676322203541,9.983307414039553],[125.59933441085977,9.98091288785705]]],[[[125.60401648017216,9.994388272270253],[125.60406546587703,9.99713956578225],[125.60137663236424,9.997246565690308],[125.60068546581225,9.994486421837706],[125.60401648017216,9.994388272270253]]],[[[125.61342511092951,10.26435564072354],[125.61404941571936,10.261528561168566],[125.62244593630814,10.262794967804313],[125.61868240363361,10.2650780128671],[125.61342511092951,10.26435564072354]]],[[[125.57461760169147,10.15117472987083],[125.57329324189415,10.148566210134412],[125.58739291787934,10.143210787110933],[125.57793066003457,10.151857019471596],[125.57461760169147,10.15117472987083]]],[[[125.64779588209426,9.877412747293102],[125.65015922706887,9.870496678016348],[125.65372646511265,9.869056354974608],[125.65387808506308,9.873056169654353],[125.6512695648347,9.876694817807643],[125.64779588209426,9.877412747293102]]],[[[125.60435537385099,10.139607827268748],[125.6096839368827,10.138992495516],[125.6102101399517,10.14541362390142],[125.60695940833772,10.144874073120155],[125.60654475454851,10.142653412945199],[125.60435537385099,10.139607827268748]]],[[[125.57585720748688,9.876556569760295],[125.57832759682414,9.871428628214463],[125.58024939440338,9.867990631905887],[125.58325930055877,9.872150961468632],[125.57979461818736,9.874055019762807],[125.57738220788282,9.879067035729804],[125.57585720748688,9.876556569760295]]],[[[125.62641002033608,9.937311849192062],[125.63337960659014,9.939193556989478],[125.64062568700493,9.935733287462623],[125.63814194311594,9.944464211021163],[125.63621118292622,9.942051842451209],[125.63109209989146,9.950996801327918],[125.62862624809823,9.946738388340703],[125.62641002033608,9.937311849192062]]],[[[125.55900623976096,10.161724976579304],[125.56804935188381,10.163076069126568],[125.57163893037983,10.1685518621116],[125.56932913222802,10.171780255484727],[125.564027208131,10.16685294818222],[125.56446420590073,10.172132553866001],[125.55928720848277,10.169969865411542],[125.55900623976096,10.161724976579304]]],[[[125.59352417410014,10.14563210134729],[125.59839352444548,10.144615452694808],[125.6115166207133,10.158666038140641],[125.60753911896157,10.162804103881017],[125.59960639292004,10.15557588189888],[125.60119829159862,10.15265517868962],[125.59504475097037,10.15429610947134],[125.5898766423796,10.153725362316862],[125.58637176165328,10.152976218141971],[125.59352417410014,10.14563210134729]]],[[[125.58739291787934,10.143210787110933],[125.58700946413104,10.140753809271086],[125.59153984449979,10.134930268346519],[125.58717890517192,10.133329470031414],[125.58663043241535,10.12845120988313],[125.60063197151045,10.135808674914646],[125.5984247372808,10.141248808170248],[125.59357324964549,10.139536514452113],[125.59070603591216,10.143531835504316],[125.58739291787934,10.143210787110933]]],[[[125.5946077518497,10.271280643338912],[125.61109748443553,10.268721100905967],[125.60881001162788,10.27318467868655],[125.62422952297965,10.2709551081218],[125.61874039147267,10.278794222665965],[125.61089237972422,10.281237832869003],[125.61083438623062,10.283676979614341],[125.60532740080212,10.2831864367245],[125.6058714069885,10.27727371613386],[125.6032985482725,10.277741919231172],[125.5946077518497,10.271280643338912]]]]},"properties":{"rank":149,"site_id":"555715040","name":"Island of Dinagat, Hikdop, Sibate and Hanigad Mangrove Swamp Forest Reserve","desig":"Mangrove Swamp Forest Reserve","iucn_cat":"Not Assigned","status_yr":"1981","loss_ha":3.0,"forest2000_ha":1349.6,"area_ha":1895.1,"rep_area_ha":1898.0,"pct_of_forest2000":0.22,"pct_of_pa":0.156,"lon":125.6025,"lat":10.1116}},{"type":"Feature","geometry":{"type":"Polygon","coordinates":[[[123.37283834848199,10.960675500942077],[123.39349290741971,10.957612135453902],[123.3971716256818,10.942018614210957],[123.40668295786683,10.956510724542484],[123.45000754386224,10.93638675589459],[123.47112581823188,10.920677361887568],[123.48445857125766,10.934010087497434],[123.5025134917313,10.939289645790943],[123.5117616064059,10.936944155207891],[123.5144548971615,10.905329115830138],[123.61529306063545,10.942897077958417],[123.5075857011776,11.071222218570435],[123.471683268025,11.113997270351241],[123.4450133622273,11.125109311302394],[123.36306847330407,10.956510669791397],[123.37283834848199,10.960675500942077]]]},"properties":{"rank":150,"site_id":"101396","name":"Sagay Marine Reserve","desig":"Resource Reserve","iucn_cat":"Ib","status_yr":"2001","loss_ha":2.9,"forest2000_ha":162.6,"area_ha":32533.4,"rep_area_ha":32515.0,"pct_of_forest2000":1.78,"pct_of_pa":0.009,"lon":123.4824,"lat":11.0013}},{"type":"Feature","geometry":{"type":"MultiPolygon","coordinates":[[[[124.59121636729692,10.090076158986095],[124.5927680967149,10.087556763351769],[124.59396766739624,10.089661480838002],[124.59121636729692,10.090076158986095]]],[[[124.59658509317137,10.13221914834953],[124.59721382446777,10.129936046655606],[124.59908664652579,10.133744144448713],[124.59658509317137,10.13221914834953]]],[[[124.59186735202752,10.113785169908112],[124.59519830398776,10.118101631958401],[124.59226425858536,10.119889677002856],[124.59186735202752,10.113785169908112]]],[[[124.57787471216477,10.095984442099477],[124.58254337077483,10.096073648493494],[124.57981443438875,10.098098095427652],[124.57787471216477,10.095984442099477]]],[[[124.5843360050161,10.127073299648185],[124.58491118435181,10.130658433210806],[124.58140632433299,10.127982992310848],[124.5843360050161,10.127073299648185]]],[[[124.57885577213911,10.1462652756881],[124.5785168417922,10.14192213100776],[124.58297149110263,10.1433445603002],[124.57885577213911,10.1462652756881]]],[[[124.5704993862862,10.12267665543341],[124.57374117986397,10.124781328197955],[124.57058852011241,10.12728739697952],[124.5704993862862,10.12267665543341]]],[[[124.56259340278432,10.092573220559016],[124.56767679617356,10.093202012634515],[124.5640515163092,10.094695791751361],[124.56259340278432,10.092573220559016]]],[[[124.55040224214922,10.07971769771602],[124.5514233286696,10.076502671349598],[124.55400958271626,10.076279715788113],[124.55040224214922,10.07971769771602]]],[[[124.54409258724681,10.06694680800598],[124.55187374208619,10.06108311479488],[124.549528186663,10.068833006610799],[124.54409258724681,10.06694680800598]]],[[[124.55040224214922,10.07971769771602],[124.54711589012271,10.080520309548508],[124.54900652103238,10.076569528107859],[124.55040224214922,10.07971769771602]]],[[[124.53758673117865,10.111288115093958],[124.5391296106191,10.106030789243855],[124.54010172478516,10.110378430624113],[124.53758673117865,10.111288115093958]]],[[[124.53383215071166,10.085866801132372],[124.5317096790176,10.084863503064039],[124.53451889379667,10.083186865439037],[124.53383215071166,10.085866801132372]]],[[[124.53201286826261,10.09224776839149],[124.53286453111987,10.087980410933348],[124.53456791648149,10.09198017822436],[124.53201286826261,10.09224776839149]]],[[[124.53037637768499,10.080399935018592],[124.52917686246543,10.077126944322076],[124.53279767301166,10.079347571020747],[124.53037637768499,10.080399935018592]]],[[[124.5317096790176,10.084863503064039],[124.5288335128933,10.08543872318731],[124.5303407077494,10.083053089986086],[124.5317096790176,10.084863503064039]]],[[[124.41373964425539,10.09658199592139],[124.41763697460972,10.096604265952744],[124.41603169956043,10.09824966213847],[124.41373964425539,10.09658199592139]]],[[[124.40866518901882,10.054042151213729],[124.40863404039423,10.051620866483601],[124.41241090034387,10.053712195582124],[124.40866518901882,10.054042151213729]]],[[[124.41120689670414,10.065564482666156],[124.40971314762197,10.063705029671018],[124.41225033926027,10.063366155766621],[124.41120689670414,10.065564482666156]]],[[[124.4069350694323,10.055553771240097],[124.40866518901882,10.054042151213729],[124.40933852141222,10.056267240519393],[124.4069350694323,10.055553771240097]]],[[[124.40682359236574,10.076841569376276],[124.41005645483679,10.075775837896126],[124.4094098748774,10.077938522359677],[124.40682359236574,10.076841569376276]]],[[[124.40582029243858,10.0792717574623],[124.4094098748774,10.077938522359677],[124.40850021968376,10.080854720195648],[124.40582029243858,10.0792717574623]]],[[[124.39738816162021,10.092087232159683],[124.40296201446792,10.087900145541637],[124.40524952456045,10.088024969370675],[124.39738816162021,10.092087232159683]]],[[[124.39723205990124,10.103096755121722],[124.39905142356382,10.1045236693493],[124.39731231179553,10.106347409121149],[124.39723205990124,10.103096755121722]]],[[[124.18405581248471,10.170206175086678],[124.181656887578,10.171173808166747],[124.18284744797481,10.168270936064685],[124.18405581248471,10.170206175086678]]],[[[124.17546758666786,10.174491390342727],[124.17565488261306,10.171169379927248],[124.17773726139663,10.173956315090043],[124.17546758666786,10.174491390342727]]],[[[124.58587434147942,10.088805329934916],[124.58930789899948,10.084850100418477],[124.5927680967149,10.087556763351769],[124.58893775570954,10.08944294712107],[124.58587434147942,10.088805329934916]]],[[[124.57505658491095,10.096457106707255],[124.57599746329564,10.093955547174318],[124.57787471216477,10.095984442099477],[124.57515466923209,10.09898100436761],[124.57505658491095,10.096457106707255]]],[[[124.53992331027551,10.133365127136477],[124.53884419476559,10.125655330443672],[124.5420101709991,10.123795899665248],[124.54442700312215,10.131434308927043],[124.53992331027551,10.133365127136477]]],[[[124.52734421218994,10.071298885111913],[124.52942655503047,10.068627910147871],[124.53180333223358,10.068422746316077],[124.53067069636168,10.07061221406511],[124.52734421218994,10.071298885111913]]],[[[124.40436217337775,10.071807192041463],[124.40502216441762,10.069644519289122],[124.4078848618787,10.067709330280092],[124.40728287359025,10.070068208995222],[124.40436217337775,10.071807192041463]]],[[[124.40472784812953,10.082709691488487],[124.40850021968376,10.080854720195648],[124.40801868352119,10.084774292056142],[124.40582926488358,10.085585849428497],[124.40472784812953,10.082709691488487]]],[[[124.40582926488358,10.085585849428497],[124.40767976987266,10.087249076656258],[124.40792498299962,10.089523226036404],[124.40524952456045,10.088024969370675],[124.40582926488358,10.085585849428497]]],[[[124.53456791648149,10.09198017822436],[124.53629358200088,10.087538903168474],[124.54243823666913,10.08754788423862],[124.54472127451203,10.088800885358022],[124.53644073150873,10.094120594259445],[124.53456791648149,10.09198017822436]]],[[[124.52917686246543,10.077126944322076],[124.52655496298784,10.078647475991213],[124.52606443641558,10.075887267563399],[124.52734421218994,10.071298885111913],[124.53062606682704,10.072984454205333],[124.52917686246543,10.077126944322076]]],[[[124.52742003451354,10.118239826181442],[124.53095157452015,10.117481788598086],[124.53213323080504,10.114556593709688],[124.53324801336531,10.116911062220291],[124.53151349718148,10.119666775074323],[124.52742003451354,10.118239826181442]]],[[[124.40971314762197,10.063705029671018],[124.4070331725203,10.062951474429058],[124.405838152682,10.060904704084637],[124.40637768269329,10.058675178646107],[124.40903981808368,10.058519131904422],[124.40971314762197,10.063705029671018]]],[[[124.1752892859974,10.157194520119821],[124.17899033155388,10.155089878476781],[124.17824567087531,10.161568906638733],[124.17666264182866,10.164445082631136],[124.17507517196987,10.166447163596334],[124.1752892859974,10.157194520119821]]],[[[124.16297770890735,10.165657950166072],[124.16445811008025,10.163343618540315],[124.16746798044434,10.167294385232262],[124.16615253780894,10.171427968735484],[124.16199670269296,10.168587538942965],[124.16297770890735,10.165657950166072]]],[[[124.1560571347987,10.16356659312365],[124.16060096996591,10.160712749229127],[124.16144372554558,10.163896613037744],[124.16297770890735,10.165657950166072],[124.15743944169807,10.165542015709399],[124.1560571347987,10.16356659312365]]],[[[124.58325684716935,10.108568025655108],[124.59151960329663,10.108059720975382],[124.5944848409535,10.112166572393907],[124.59151960329663,10.110650482474897],[124.59186735202752,10.113785169908112],[124.58621324320869,10.110418597432572],[124.58325684716935,10.108568025655108]]],[[[124.58254337077483,10.096073648493494],[124.58390789139318,10.093861935787316],[124.58587434147942,10.088805329934916],[124.58760448349955,10.09144511361774],[124.5876847304402,10.096265396274172],[124.58536598641336,10.096091521659625],[124.58254337077483,10.096073648493494]]],[[[124.24571182277532,10.188457291143635],[124.25548173992432,10.19229213177558],[124.25305597972358,10.196327623216261],[124.25008179214696,10.197585103644718],[124.25053654161995,10.195101368028562],[124.2484452515221,10.19388849238355],[124.24571182277532,10.188457291143635]]],[[[124.4035818082406,10.08023049355886],[124.40289065579638,10.073720187008378],[124.40581589086148,10.073702332232736],[124.40798745002503,10.072971012608642],[124.40682359236574,10.076841569376276],[124.40582029243858,10.0792717574623],[124.40472784812953,10.082709691488487],[124.4035818082406,10.08023049355886]]],[[[124.58349320711139,10.138180931721589],[124.58491118435181,10.130658433210806],[124.58731018777085,10.130002975387502],[124.58606609311832,10.135148731428758],[124.59724955153965,10.141186361333022],[124.60065183335583,10.148829267850369],[124.59210816530923,10.14527982278918],[124.58727006413724,10.140900975492155],[124.58349320711139,10.138180931721589]]],[[[124.1852509233317,10.168132689277122],[124.18284744797481,10.168270936064685],[124.18312391370229,10.1645520737655],[124.18715938502181,10.166844030097899],[124.19228736381255,10.172301983587317],[124.18398894554693,10.177358639739666],[124.17944510192306,10.175459055310421],[124.18479601258929,10.174522623964048],[124.18405581248471,10.170206175086678],[124.1852509233317,10.168132689277122]]],[[[124.53644073150873,10.094120594259445],[124.53969148074063,10.099560679839767],[124.53531263530206,10.100630823913155],[124.53019802786157,10.100827022563777],[124.52737540332099,10.100514928642134],[124.52495860716567,10.097353381607803],[124.5258414458293,10.087993727584895],[124.53022034274089,10.095141727441417],[124.53201286826261,10.09224776839149],[124.53457239613925,10.096769246422145],[124.53644073150873,10.094120594259445]]],[[[124.52942655503047,10.068627910147871],[124.52838762979123,10.064690483812893],[124.53008653790576,10.062255864064532],[124.53913409004318,10.051210628291539],[124.54155091716761,10.051420175506228],[124.53820211133672,10.058041943331892],[124.53517435862895,10.058532446657388],[124.53557566465379,10.062224601866951],[124.5326549971307,10.061265942162153],[124.53473738261988,10.064454144808119],[124.5315803562711,10.066077268358145],[124.52942655503047,10.068627910147871]]],[[[124.56043521148354,10.11675940012446],[124.56369926291819,10.11570262011917],[124.56815390886099,10.110730724293905],[124.57014268109567,10.112153158797708],[124.57359400871366,10.105286170786888],[124.57762946656587,10.110231311116971],[124.57644335685922,10.112255713090244],[124.57214475669133,10.116928855706226],[124.57123070340373,10.120420363865119],[124.56517079223264,10.118293339649577],[124.56324891050559,10.121316590964371],[124.56095689334133,10.122484933056741],[124.55902165260056,10.119051361341922],[124.56232580753647,10.118280013725153],[124.56043521148354,10.11675940012446]]],[[[124.22989538953681,10.181973739275163],[124.22725562500008,10.189491781617566],[124.23991499871826,10.195587388268136],[124.24703619150993,10.200211508187143],[124.25588753895924,10.203662855409881],[124.26207672112001,10.203640512647182],[124.26129637768766,10.2014466954232],[124.26584463952258,10.205312695860245],[124.25600793865307,10.208906749056442],[124.24629599577642,10.204157778222786],[124.2342920821937,10.204666154639716],[124.23228547813073,10.203136676873795],[124.22577965029107,10.20076885885046],[124.22599372834986,10.198066658680474],[124.223768614734,10.199529284619238],[124.20645835920263,10.198655277305939],[124.19585458791755,10.187489675756149],[124.20347074802558,10.1817642236051],[124.20652079799444,10.18169286810853],[124.21111366289973,10.184319283763077],[124.20735022875073,10.176747733458708],[124.22316665238613,10.1751513710186],[124.23904550210966,10.180185685952951],[124.23857280042166,10.184930169083017],[124.24180118286584,10.187404935784022],[124.23824731833311,10.191159552894296],[124.23355186594186,10.187400504999589],[124.23511252097276,10.182557944195523],[124.22989538953681,10.181973739275163]],[[124.20601246352523,10.18863563604553],[124.21109584839921,10.18772603341667],[124.2130355722512,10.191480569985895],[124.21011926903817,10.194031198196074],[124.2005946881581,10.189144001034185],[124.20289554341744,10.184515438076913],[124.20601246352523,10.18863563604553]]]]},"properties":{"rank":151,"site_id":"555715042","name":"Island of Pamusuan, Handayan, Majanay,,, Islets of Bonoon, Lapinig, Pinahon and Lapinig Chico, Mangrove areas east of Soom River Pangpang Mangrove Swamp Forest Reserve","desig":"Mangrove Swamp Forest Reserve","iucn_cat":"Not Assigned","status_yr":"1981","loss_ha":2.5,"forest2000_ha":1283.7,"area_ha":2850.5,"rep_area_ha":2851.0,"pct_of_forest2000":0.2,"pct_of_pa":0.088,"lon":124.3521,"lat":10.1521}},{"type":"Feature","geometry":{"type":"MultiPolygon","coordinates":[[[[120.83435686103888,16.823149315711408],[120.83808018417288,16.826645256554368],[120.83484286497716,16.826774519681376],[120.83435686103888,16.823149315711408]]],[[[120.82851537493531,16.814458497340905],[120.83243052798542,16.817584330467014],[120.83435686103888,16.823149315711408],[120.82851537493531,16.814458497340905]]],[[[120.82629475242898,16.808394114534178],[120.82851537493531,16.814458497340905],[120.82447100595569,16.81029815040139],[120.82629475242898,16.808394114534178]]],[[[120.80717413489225,16.774326606850526],[120.8179785652539,16.78829694686145],[120.80919859133422,16.782535805284766],[120.80717413489225,16.774326606850526]]],[[[120.76798315542155,16.638502384620942],[120.77645095735086,16.63919798921591],[120.77234859818115,16.642618121746022],[120.76798315542155,16.638502384620942]]],[[[120.77375762405882,16.68673651880254],[120.77890787158262,16.693117463591268],[120.77790903275536,16.695668083437738],[120.77375762405882,16.68673651880254]]],[[[120.77790903275536,16.695668083437738],[120.77563051390405,16.701429226368187],[120.77552346483441,16.696051508006477],[120.77790903275536,16.695668083437738]]],[[[120.72191168414764,16.547978139975474],[120.72820795437345,16.55264243259206],[120.72410110944739,16.551884350205263],[120.72191168414764,16.547978139975474]]],[[[120.71169143139063,16.545119857548045],[120.72191168414764,16.547978139975474],[120.71821513275168,16.551001432663885],[120.71169143139063,16.545119857548045]]],[[[120.70589013589549,16.535889584063614],[120.71161116913736,16.5376196871942],[120.71169143139063,16.545119857548045],[120.70589013589549,16.535889584063614]]],[[[120.6909967129143,16.514766809378493],[120.69554057522426,16.523359493186202],[120.68807605403055,16.522547916902223],[120.6909967129143,16.514766809378493]]],[[[120.67910431866144,16.500399533835072],[120.69094767027096,16.507462794121555],[120.68029487233503,16.504952343520454],[120.67910431866144,16.500399533835072]]],[[[120.67221943455061,16.495985074847486],[120.67818575345788,16.4958200684473],[120.67910431866144,16.500399533835072],[120.67221943455061,16.495985074847486]]],[[[120.66095577238245,16.498950397788832],[120.67112699282144,16.499204535372762],[120.66158005146521,16.50156338304107],[120.66095577238245,16.498950397788832]]],[[[120.8179785652539,16.78829694686145],[120.82147451707365,16.7959755082192],[120.82237966753439,16.799235139011557],[120.81990486106342,16.801928457025312],[120.8179785652539,16.78829694686145]]],[[[120.80447191552099,16.763611366953114],[120.8067861913651,16.767009254420923],[120.80717413489225,16.774326606850526],[120.80248314461396,16.76885083270051],[120.80447191552099,16.763611366953114]]],[[[120.77489475790982,16.651549727740015],[120.77822123102717,16.651692401686198],[120.77384240533077,16.67257439946741],[120.77077893275602,16.668855521301683],[120.77489475790982,16.651549727740015]]],[[[120.77384240533077,16.67257439946741],[120.77613437097882,16.675896436654636],[120.77375762405882,16.68673651880254],[120.77077893275602,16.685215938315952],[120.77384240533077,16.67257439946741]]],[[[120.6425798337692,16.48704899599311],[120.6542269807741,16.49516459039049],[120.65341547518774,16.497371830588747],[120.64248618673157,16.4898270082519],[120.6425798337692,16.48704899599311]]],[[[120.70043666912063,16.523305992171288],[120.70772729164871,16.52860787543989],[120.70589013589549,16.535889584063614],[120.70170746410366,16.53251846910583],[120.70356696321544,16.52738161649153],[120.70043666912063,16.523305992171288]]],[[[120.7999994369798,16.743500872113284],[120.80444965170179,16.754247278932013],[120.8075932808233,16.759446616717696],[120.80447191552099,16.763611366953114],[120.80275075269847,16.757422129313518],[120.79936182564211,16.753150331572826],[120.7999994369798,16.743500872113284]]],[[[120.78624755149194,16.72638682189712],[120.79777435724027,16.72825963613171],[120.80259464074834,16.737240243672094],[120.80065492676057,16.740348250183327],[120.79529958399249,16.729526030935055],[120.78638132932367,16.72985157196748],[120.78624755149194,16.72638682189712]]],[[[120.77563051390405,16.701429226368187],[120.77399399445137,16.708925004461197],[120.76866090946443,16.714824335931276],[120.78624755149194,16.72638682189712],[120.76124092331669,16.71974723482453],[120.75894456151781,16.716857681989733],[120.7698113292983,16.707328630773166],[120.77563051390405,16.701429226368187]]],[[[120.84622695440167,16.835848856431504],[120.86306898873774,16.83873835767376],[120.8861492943427,16.87451814815975],[120.87885419172027,16.89462420126702],[120.83758078571783,16.90923668398999],[120.82250008499817,16.898976318333816],[120.8332910808179,16.856472149144253],[120.84716784833121,16.83878733450915],[120.84622695440167,16.835848856431504]]],[[[120.76493312876433,16.599940047780432],[120.77131402229517,16.613656299827742],[120.76798315542155,16.638502384620942],[120.76524965602876,16.631015558173655],[120.76739895126384,16.620719511928826],[120.76178499762632,16.61487364012893],[120.76875454970622,16.611801278994776],[120.76343930208647,16.602735932597152],[120.76493312876433,16.599940047780432]]],[[[120.87885419172027,16.89462420126702],[120.88350951241551,16.897629703286405],[120.88861068034198,16.913102758108458],[120.89932151320825,16.92330517851928],[120.9021173781609,16.926145617844842],[120.90060121485283,16.93014545281052],[120.90581841582075,16.930604706111353],[120.90253199663863,16.933583378515717],[120.89870167070443,16.93300819930061],[120.89307871412412,16.922836992019498],[120.88628305135751,16.914199708082407],[120.88134235402431,16.909807473121315],[120.87885419172027,16.89462420126702]]],[[[120.72820795437345,16.55264243259206],[120.73888745085927,16.569649408312888],[120.74881345981858,16.573671503622737],[120.76134351285306,16.588257226463654],[120.7591942005221,16.59495037974649],[120.75461477513389,16.595730719552755],[120.75386556596054,16.59020144310273],[120.75682195208701,16.58579134427502],[120.74024748198202,16.57482639649943],[120.73326458012056,16.577069331341868],[120.72930936992219,16.561079038039164],[120.72642433869382,16.55542489447511],[120.72820795437345,16.55264243259206]]]]},"properties":{"rank":152,"site_id":"7209","name":"Mt. Data National Park","desig":"National Park","iucn_cat":"Not Assigned","status_yr":"1936","loss_ha":2.4,"forest2000_ha":2399.8,"area_ha":5508.5,"rep_area_ha":5512.0,"pct_of_forest2000":0.1,"pct_of_pa":0.043,"lon":120.8298,"lat":16.8154}},{"type":"Feature","geometry":{"type":"MultiPolygon","coordinates":[[[[123.55037299075211,10.8149163880306],[123.55018570466508,10.81810913412917],[123.54767969239724,10.818033330709026],[123.55037299075211,10.8149163880306]]],[[[123.54767969239724,10.818033330709026],[123.54578907466961,10.820044362369206],[123.54572661451785,10.816468182813306],[123.54767969239724,10.818033330709026]]],[[[123.54572661451785,10.816468182813306],[123.543149221609,10.817422436432338],[123.54414365035743,10.814474933097424],[123.54572661451785,10.816468182813306]]],[[[123.23473551676926,9.424430492833995],[123.23256836732912,9.423610003622674],[123.23452592746503,9.422187541756117],[123.23473551676926,9.424430492833995]]],[[[123.09267298871342,9.618642193206114],[123.10561775709975,9.621241839547654],[123.1129084365255,9.62199092803481],[123.11453598121167,9.611752816342012],[123.12499254844411,9.593894138884346],[123.13008045461069,9.59582940987084],[123.13136910194942,9.590710336349359],[123.12792669310535,9.590277783845814],[123.12817641446163,9.579187996680929],[123.12501039849612,9.568388085982813],[123.11757265385684,9.559166688496596],[123.11930276530038,9.555973937724506],[123.10595671671832,9.547439206530104],[123.10452533614057,9.5406837096704],[123.11275231510106,9.536746289489258],[123.11021065099683,9.53383451149458],[123.1128237241615,9.531872485851583],[123.11342572108346,9.534275950946194],[123.1244129349004,9.52843901486612],[123.12442632251854,9.536046248560753],[123.12734254861324,9.536318258299524],[123.1321450110532,9.537825388417328],[123.13532881731285,9.535038479280303],[123.13819152060196,9.534927008707486],[123.14249460014199,9.542199822077137],[123.14322589043071,9.53991674505612],[123.15473928423175,9.539497606288489],[123.15637128444291,9.537036142860268],[123.15614831550442,9.533281574102212],[123.1626631064098,9.532501243729858],[123.16421931402684,9.528764491358782],[123.1668724705752,9.527417844709998],[123.17063149370303,9.519672410632262],[123.18174353863459,9.493122927876804],[123.18541339652721,9.477899543490665],[123.22527328958252,9.465891178333022],[123.22855077127737,9.46511975496321],[123.23774986688775,9.444853139284021],[123.23473551676926,9.424430492833995],[123.23720589351903,9.423788341470505],[123.25008822917981,9.401943231978958],[123.25729411978496,9.393283651125172],[123.26087475482879,9.380102576064564],[123.27385969642765,9.36567735281048],[123.27600004991801,9.366841217792025],[123.28982770978739,9.359403436927284],[123.3354219908255,9.414580330054228],[123.31241755521289,9.416301532978418],[123.3003957519085,9.41841069695139],[123.30106915142679,9.459581568001477],[123.2975151836357,9.487740776975619],[123.31247991058491,9.573480358326057],[123.31595358956666,9.586683815673805],[123.3215007166438,9.621018846550571],[123.32550051126664,9.6419008374046],[123.32446604284023,9.654274798584629],[123.32995068043623,9.690518408173794],[123.33854787448877,9.716728990350147],[123.34019769128666,9.744567203738617],[123.3463201003509,9.769199274224293],[123.34619072392657,9.791249478106968],[123.36656438913187,9.811368982130958],[123.37250391083853,9.821076450934386],[123.37297214033417,9.831595424516012],[123.3725975569197,9.834507239787062],[123.37632980130067,9.836339943544925],[123.3733332832481,9.83723177808269],[123.36857095005446,9.859375675390382],[123.37086740091713,9.869493319720162],[123.38369183317269,9.86718349856677],[123.3881464227127,9.863304128967405],[123.39987387831823,9.877626731207542],[123.40094852828264,9.884301984851396],[123.3985317042506,9.884908467791464],[123.40116254974646,9.894531171731439],[123.40306655818127,9.90863530608261],[123.39947697875705,9.910441274329044],[123.39880366630949,9.928068123174793],[123.39114299321092,9.937178066094123],[123.38440967219884,9.937320702004955],[123.38216678192832,9.93844442907989],[123.37538447056608,9.934208257753255],[123.36545853706406,9.949623382662889],[123.37085404712839,9.978224077957304],[123.3711840392506,9.99334488574746],[123.38218903562787,9.997259976984457],[123.38671952493705,9.977880685168218],[123.38333954488648,9.971825285808743],[123.39398782157544,9.96606852700996],[123.40344564389675,9.973238760112046],[123.40486810050479,9.986081001145685],[123.4034589931633,9.990923609421017],[123.41240840316621,10.005009913631584],[123.40885896164053,10.009228234733753],[123.41126688381559,10.011667340623868],[123.40747216068569,10.017914518710311],[123.40878314888923,10.031595056534986],[123.41830334181361,10.054077849184235],[123.42556719607495,10.05978550049068],[123.44195885328014,10.060333978189346],[123.44746588018707,10.072279906693774],[123.45312004051426,10.083235920001925],[123.47159407969717,10.101776846445862],[123.48314759292136,10.11852073022474],[123.49487060326092,10.115970142283256],[123.49275691208635,10.124103563131406],[123.4930645988112,10.127826943202455],[123.51635895901782,10.151950653127829],[123.5171481971725,10.154273832876118],[123.5183343498056,10.170415789478568],[123.53109630690227,10.198909446363611],[123.55068510492885,10.224054283822523],[123.55266499391115,10.231822048677104],[123.57877296751201,10.254206770677225],[123.58363791270884,10.268738946916091],[123.58442266256017,10.29867291340903],[123.5859343211412,10.306418360270015],[123.5807573090805,10.32658686515484],[123.59492835666708,10.349288127131901],[123.61457960557141,10.359825012304432],[123.61697413274025,10.36537211403922],[123.63933204300207,10.381563163195043],[123.64007228437418,10.392742112316697],[123.64255152135019,10.39730373964472],[123.64404978705161,10.399033907869644],[123.64604743755461,10.400478669155932],[123.65827875037081,10.409588604385048],[123.6668446721209,10.41314253065344],[123.66867740060545,10.432918608204037],[123.67678408789638,10.441854664185588],[123.6765120673418,10.456141633437019],[123.6918201028553,10.46635742086671],[123.69173538740775,10.47606043652754],[123.7149495022279,10.499849724777224],[123.70715054620707,10.513953827582505],[123.70446615959635,10.522707025633679],[123.70556312510155,10.538510097811086],[123.70369921441623,10.542567908579613],[123.71267978179324,10.55304675721395],[123.71430742538675,10.569260064522647],[123.7278987598939,10.573389214406713],[123.7466179997507,10.619438367409334],[123.74117348120014,10.63118804825486],[123.75898759292839,10.6519898043235],[123.77173614065548,10.668122789124862],[123.79294365099364,10.69782937019233],[123.79374625159066,10.708281492313631],[123.79758113461203,10.710506583436935],[123.8019555082486,10.721752425057973],[123.80491632094288,10.720931975038797],[123.80397986666364,10.72355833103403],[123.83040895723444,10.73325246269173],[123.83466746910473,10.741916474466226],[123.83303988407374,10.75633275133159],[123.8388055137827,10.764657911602736],[123.83805636934062,10.773874836448993],[123.85804201082664,10.803273690347224],[123.8683470360517,10.817819283609142],[123.86757113782913,10.831361577385051],[123.87021539811086,10.83135269234975],[123.87133910491305,10.825497877235811],[123.87456301253971,10.832244443318341],[123.87268571288097,10.835847463826777],[123.86975610232814,10.834264484266393],[123.88029744631956,10.863868405635225],[123.88179564050763,10.876162183409129],[123.90354715087399,10.928387169035943],[123.90402432339627,10.935321022626265],[123.90712333106399,10.936623156002652],[123.90885796036733,10.933265440310505],[123.91047663451825,10.935111465637242],[123.91364257604249,10.93794302894018],[123.9165810898598,10.947093101709468],[123.92258752957304,10.95152543874728],[123.91996111148315,10.961152649826259],[123.92869654208917,10.978913240511435],[123.9311267418918,10.990257210520642],[123.93360597469756,10.993079803141473],[123.92964185907314,11.000642464069815],[123.9273008010982,11.009854963612078],[123.92413932938163,11.003598834630363],[123.91140860614256,11.014866993017296],[123.9016787830095,11.031209542388465],[123.91507843990212,11.047547702250498],[123.92082175632696,11.052448293922563],[123.92220406461382,11.054695682034742],[123.92483050373275,11.054807096977434],[123.93593810790685,11.070253485506711],[123.93310657668326,11.103901842708707],[123.93720004569401,11.107451260798268],[123.95075565714858,11.088027470939004],[123.9632054929677,11.082408982383733],[123.96677722455092,11.077133867044823],[123.97169559168607,11.081441366929129],[123.96984511086136,11.083274010012394],[123.9645878436106,11.088058672102255],[123.95734624172641,11.09385100074376],[123.9605300480674,11.098542001031921],[123.95614225825047,11.104396802428855],[123.95957135348984,11.111085432976669],[123.9589024730647,11.116369480399852],[123.96238947864278,11.118095137601534],[123.96380297450742,11.125938706979241],[123.95913878925512,11.127320998458755],[123.95840746608205,11.13024174023727],[123.95066207494061,11.138829954127063],[123.94221205888938,11.16239631911503],[123.94784384455782,11.190836479493802],[123.97727844839986,11.216908828081317],[123.99410261138883,11.235498804211998],[123.99751829535863,11.254204771414294],[123.99681372373523,11.267403690251102],[123.99859291392997,11.271345519136368],[123.7376778710797,11.29980427792235],[123.73534986355814,11.297988680804856],[123.7496056396022,11.283077441986837],[123.7553756803586,11.269227486133499],[123.75460872663206,11.262663661631489],[123.76935050793004,11.207763195210253],[123.77452309463517,11.200187229956658],[123.78598294345373,11.183572617726137],[123.80784150810025,11.165584564781257],[123.80818037395561,11.157089966635143],[123.80695859356663,11.15193975761257],[123.79415649729718,11.148167348880579],[123.77538816195697,11.14699459710751],[123.76470411524825,11.150954279591444],[123.74689893968123,11.150584150294454],[123.73874323769431,11.14429238148698],[123.72800126606042,11.137175651499783],[123.72225793320933,11.136908117505007],[123.72251216704812,11.123994548176219],[123.61528862076902,10.942892643778793],[123.5146155006988,10.905387132948789],[123.51686281064212,10.903656994900203],[123.51737563398319,10.900089708601344],[123.51977467033184,10.900205667172433],[123.51645263545046,10.893860328507412],[123.51643921647809,10.886204056338018],[123.52091617637895,10.888103600666764],[123.52439428374377,10.879506493628112],[123.52177674117603,10.873821109912134],[123.52331520890316,10.869513608869221],[123.51918604921492,10.861054767325369],[123.52677100843965,10.856042722270473],[123.528371781509,10.852484303593943],[123.53465462574017,10.850945982636185],[123.53162691411286,10.840542903626147],[123.53207283039563,10.837898614425875],[123.54217272653257,10.832819737612736],[123.55915742061454,10.840132635372516],[123.56463315908633,10.84440892812148],[123.56486509528071,10.82632722093811],[123.55869369059108,10.82327274852566],[123.55722662112841,10.821297415331369],[123.55037299075211,10.8149163880306],[123.55010991862973,10.811326829129484],[123.55279426240165,10.814412512400734],[123.55854648915323,10.813654462758496],[123.56582375886167,10.801320641070474],[123.56612702325756,10.797213813472975],[123.56721500832516,10.792567434817592],[123.55980397335365,10.786453985847292],[123.5583636617445,10.773500275642164],[123.55283886127157,10.772657525377166],[123.5501901475875,10.770031134578835],[123.54371556364417,10.764916488527637],[123.54727836543049,10.758495379413086],[123.54231986792792,10.75157045306852],[123.53920737721137,10.751690836557037],[123.5373613678128,10.757639219594132],[123.53611281517209,10.754798775113446],[123.53104281018223,10.75632829221111],[123.52851894428103,10.735584521769088],[123.52145572893943,10.728588242847877],[123.51381726681959,10.721935247745375],[123.51973450028285,10.718840623953525],[123.52350246251174,10.718327853204817],[123.50887215320424,10.708263622790156],[123.50792684772395,10.695211832852472],[123.50381103951257,10.687885530538548],[123.49888823131317,10.653924996640308],[123.49285950293576,10.634443212593089],[123.49250274278153,10.623241960487485],[123.4904471353884,10.61591563990819],[123.48367376482885,10.6012764139963],[123.4820283778342,10.598917567756338],[123.48648301543076,10.596108348437623],[123.47771641276903,10.583752163564284],[123.4731591816655,10.567730615537313],[123.46880269093472,10.55828622720403],[123.47229415880089,10.548061519420129],[123.46816056506229,10.545163068324099],[123.46557423093643,10.546273403096444],[123.46239047416759,10.544694878111486],[123.45717774043493,10.535910465464696],[123.46074506259451,10.531799171635313],[123.45953219483322,10.526898581573933],[123.46181082045231,10.52353200007294],[123.44802321132796,10.511505833533109],[123.44802321132794,10.504839430655196],[123.44293098634208,10.503461597378354],[123.4402688664923,10.50130785852364],[123.43989428877785,10.503791576240546],[123.43696912775077,10.503336728011337],[123.43070405897292,10.498360368131221],[123.4314888724445,10.492255873617179],[123.4254824990522,10.490182355554822],[123.42342237065574,10.479097027107231],[123.41221665350629,10.475529792754537],[123.40015482197173,10.46989349109719],[123.38925672146397,10.464680777314506],[123.38308089119855,10.457960946810813],[123.36429471636157,10.450237741455583],[123.36338060004104,10.442282728540004],[123.3602725568542,10.441850187755442],[123.35643781009729,10.435299789264176],[123.35058745586358,10.407929800517675],[123.3463914242751,10.405544200951196],[123.34604362332087,10.39648325284334],[123.33947532725945,10.388153702261897],[123.33163626855944,10.371012866597873],[123.32561201635102,10.340303099199724],[123.3295449291337,10.325512211057058],[123.32903212830253,10.308340254215251],[123.32852377796785,10.277960405872673],[123.32486736206437,10.273750976928545],[123.32609802971476,10.270745572603905],[123.32237471967188,10.247223825299818],[123.31262260830441,10.228450987854474],[123.30287508287448,10.220888341181277],[123.29925873177686,10.200532519013485],[123.29333261341843,10.1904282240536],[123.28505646474036,10.184961341568185],[123.28446340547002,10.17555711556316],[123.28049036327941,10.150769009518957],[123.28133757540466,10.130203614034944],[123.26926230557426,10.110886804882458],[123.26434839593861,10.091543189444257],[123.25213491472402,10.06998348093575],[123.24330591896762,10.049413636438011],[123.23879331692004,10.04199814842389],[123.23336216287186,10.028148176302974],[123.2350833740149,10.025597533315686],[123.22623645935296,10.015065139917274],[123.22703022069042,10.00424734741359],[123.20949258380374,9.99280089359601],[123.19443414928425,9.968614685037267],[123.18272900791314,9.955353310006208],[123.17718194753482,9.937637312308796],[123.17736918760001,9.923854268599404],[123.15685728462623,9.916349562177377],[123.15478381006659,9.907235214079087],[123.14903157424853,9.899132999531037],[123.14860799555129,9.885711102511133],[123.1484653150969,9.856223042066151],[123.13777235712682,9.845383023890447],[123.13569890890592,9.84024160673048],[123.13010268020889,9.842034175948589],[123.13474463094923,9.825441886594962],[123.14333288504551,9.818699710482171],[123.14155368761016,9.813594064216607],[123.14206206979276,9.811377870943549],[123.14062623729176,9.805117324426826],[123.13371457356935,9.8042968483593],[123.15070373563404,9.77955328524363],[123.14447884412168,9.768285150083738],[123.15396338185741,9.750466531811158],[123.15283966805991,9.72819782512756],[123.16027749113145,9.70436839120211],[123.15073050371208,9.679771951669192],[123.14876852153941,9.653824462056914],[123.14898704580615,9.65080567672988],[123.14581209011698,9.653191242338165],[123.12977272824484,9.654346195809383],[123.12151447272483,9.657489845438903],[123.10871684667416,9.647933964464306],[123.11136557865491,9.643327772043076],[123.10311178881035,9.632162145248753],[123.09805519563226,9.62865283351039],[123.09878200886176,9.624086729930728],[123.09267298871342,9.618642193206114]],[[123.13434776323419,9.542899859597265],[123.13125316986034,9.543154038203744],[123.13292529038196,9.540286816377112],[123.13434776323419,9.542899859597265]],[[123.13418283741231,9.582189014740596],[123.1368091753307,9.583606997260585],[123.14651667230426,9.587129669714669],[123.14792573572659,9.583277052692141],[123.15270145500776,9.58472178496991],[123.15171148010504,9.595918577169686],[123.14559810616824,9.594612057647552],[123.13525296252274,9.587308036538575],[123.13418283741231,9.582189014740596]]]]},"properties":{"rank":153,"site_id":"306476","name":"Ta\u00f1on Strait Protected Seascape","desig":"Protected Seascape","iucn_cat":"V","status_yr":"2018","loss_ha":2.1,"forest2000_ha":2110.0,"area_ha":534941.3,"rep_area_ha":534589.0,"pct_of_forest2000":0.1,"pct_of_pa":0.0,"lon":123.5293,"lat":10.424}},{"type":"Feature","geometry":{"type":"MultiPolygon","coordinates":[[[[123.14361379898112,12.906908111811456],[123.14573632921325,12.908892443616464],[123.14115238559025,12.90870517361415],[123.14361379898112,12.906908111811456]]],[[[123.10932779512123,12.94320521605747],[123.10693771027555,12.939736041425693],[123.10966665615686,12.934888998262489],[123.10932779512123,12.94320521605747]]],[[[123.08552504548445,12.963097237824769],[123.08841460685912,12.961911129787957],[123.08882925859243,12.964983488159282],[123.08552504548445,12.963097237824769]]],[[[123.06541897326149,13.001757690779382],[123.07146553764373,13.003224679405523],[123.06723827082425,13.007251276939966],[123.06541897326149,13.001757690779382]]],[[[123.05000834457174,12.995590747195418],[123.04861712050077,12.99199670113298],[123.05101608737709,12.991746971091736],[123.05000834457174,12.995590747195418]]],[[[123.04586587641097,12.99952363159808],[123.05000834457174,12.995590747195418],[123.04801515818552,13.000665218293912],[123.04586587641097,12.99952363159808]]],[[[123.03396003016498,12.998105635472218],[123.04586587641097,12.99952363159808],[123.03722413410107,13.002319509849396],[123.03396003016498,12.998105635472218]]],[[[122.96022438771054,13.079961411390165],[122.96615495279912,13.075676216658664],[122.96403690969932,13.080822023962481],[122.96022438771054,13.079961411390165]]],[[[123.09464398628671,12.958785306825192],[123.09439872971637,12.954981698890021],[123.09720347736943,12.954379717262043],[123.09727927561394,12.959681621895296],[123.09464398628671,12.958785306825192]]],[[[123.10757536372995,12.946660977956048],[123.10691539361747,12.943887447832783],[123.10932779512123,12.94320521605747],[123.11253834509458,12.944636563982938],[123.11317149927892,12.94771337875088],[123.10757536372995,12.946660977956048]]],[[[123.08882925859243,12.964983488159282],[123.09464398628671,12.958785306825192],[123.09409544169746,12.96460888980085],[123.09137988648517,12.966035824891812],[123.08801326009727,12.969696729410627],[123.08882925859243,12.964983488159282]]],[[[123.14835824027227,12.893557550438047],[123.15089548757061,12.891929998377618],[123.14879529014475,12.889566668109888],[123.15610370449785,12.889820829780133],[123.15679045438178,12.893227610425036],[123.14984312087873,12.897486063908008],[123.14835824027227,12.893557550438047]]],[[[122.95311651212538,13.083461775534468],[122.95780303020193,13.07965371531617],[122.95841396259665,13.082627895042036],[122.9613792569238,13.08467466884205],[122.95793678749413,13.08514290054182],[122.95603279231331,13.083127310895085],[122.95311651212538,13.083461775534468]]]]},"properties":{"rank":154,"site_id":"555715029","name":"Mangroves from Malaquing River to Mabunga River, Cueva Point to Kimartinez Point, Kabugao Point to Kabalog Andang Point Magrove Swamp Forest Reserve","desig":"Mangrove Swamp Forest Reserve","iucn_cat":"Not Assigned","status_yr":"1981","loss_ha":2.1,"forest2000_ha":302.6,"area_ha":446.8,"rep_area_ha":447.0,"pct_of_forest2000":0.69,"pct_of_pa":0.468,"lon":123.0802,"lat":12.9692}},{"type":"Feature","geometry":{"type":"Polygon","coordinates":[[[123.40379785853948,8.859359790533912],[123.4035838429447,8.847957887249617],[123.41615407595827,8.83667639116071],[123.42908992709359,8.843079639455578],[123.4334107571745,8.861567073100828],[123.4153871049464,8.87279505773614],[123.39875463104232,8.866454234243106],[123.40379785853948,8.859359790533912]]]},"properties":{"rank":155,"site_id":"306515","name":"Selinog Island","desig":"Protected Landscape and Seascape","iucn_cat":"V","status_yr":"2018","loss_ha":2.0,"forest2000_ha":56.5,"area_ha":960.2,"rep_area_ha":959.0,"pct_of_forest2000":3.6,"pct_of_pa":0.212,"lon":123.4168,"lat":8.8555}},{"type":"Feature","geometry":{"type":"Polygon","coordinates":[[[122.65534667654603,11.032070157225471],[122.65826740111959,11.030536224205536],[122.65734435904838,11.0255019371803],[122.6654822072831,11.015959481315695],[122.66962024330282,11.022193239304082],[122.665950417189,11.023450742691574],[122.67615731040605,11.0284271025338],[122.69032386405605,11.050579920753648],[122.68411231193912,11.052871898886929],[122.68649799381852,11.055721217065154],[122.68530291877525,11.058325362441028],[122.67509607392759,11.056911814998687],[122.66527262856104,11.05253296444608],[122.65967643393228,11.042950360525996],[122.65899869009684,11.03338118721635],[122.65534667654603,11.032070157225471]]]},"properties":{"rank":156,"site_id":"7218","name":"Bulabog-Putian National Park","desig":"National Park","iucn_cat":"Not Assigned","status_yr":"1961","loss_ha":1.9,"forest2000_ha":876.6,"area_ha":889.8,"rep_area_ha":889.0,"pct_of_forest2000":0.22,"pct_of_pa":0.217,"lon":122.6717,"lat":11.0401}},{"type":"Feature","geometry":{"type":"MultiPolygon","coordinates":[[[[121.5970860794899,15.711415165258341],[121.6196491320015,15.705515764779781],[121.62793410655193,15.710081918400961],[121.63782441253979,15.707656133538405],[121.6403214851921,15.730018484884669],[121.64045525849636,15.735262447496314],[121.63808752599587,15.73872270556036],[121.63715108997684,15.7327697571424],[121.6312383696921,15.735226727937157],[121.63641979586629,15.749754519268793],[121.63130521820423,15.753883623211603],[121.62737675671606,15.74808235160402],[121.62348393601508,15.749219423524309],[121.62242716460553,15.75654128108383],[121.61009772806736,15.7549225857838],[121.60798410035157,15.747368913225293],[121.61249668880122,15.743195151878254],[121.60941544797514,15.734080798615095],[121.61437849160707,15.727244953413065],[121.60416270304462,15.721300959791698],[121.5970860794899,15.711415165258341]]]]},"properties":{"rank":157,"site_id":"306427","name":"Aurora Watershed Forest Reserve","desig":"Watershed Forest Reserve","iucn_cat":"Not Assigned","status_yr":"1936","loss_ha":1.8,"forest2000_ha":1567.4,"area_ha":1637.1,"rep_area_ha":1637.0,"pct_of_forest2000":0.11,"pct_of_pa":0.109,"lon":121.6219,"lat":15.7285}},{"type":"Feature","geometry":{"type":"Polygon","coordinates":[[[122.84500113515342,9.95079166975693],[122.86528120378176,9.928166186294682],[122.86252989957619,9.959156986557701],[122.85346897713923,9.95735099401151],[122.84500113515342,9.95079166975693]]]},"properties":{"rank":158,"site_id":"306471","name":"Kabangkalan Watershed Forest Reserve","desig":"Watershed Forest Reserve","iucn_cat":"Not Assigned","status_yr":"1991","loss_ha":1.7,"forest2000_ha":289.6,"area_ha":417.1,"rep_area_ha":417.0,"pct_of_forest2000":0.58,"pct_of_pa":0.405,"lon":122.8573,"lat":9.9467}},{"type":"Feature","geometry":{"type":"MultiPolygon","coordinates":[[[[121.16581964146549,14.1468191423189],[121.16761221277393,14.12459049985797],[121.22223175809879,14.105501142067673],[121.25141211214542,14.135359256129824],[121.23478859111545,14.14544124378927],[121.2308378221695,14.157512061153763],[121.22825153549266,14.159380399551035],[121.22330188356557,14.158287930337522],[121.22702973336565,14.165101425586696],[121.21417864636855,14.164298801280436],[121.21647950401878,14.171090056914391],[121.2135186669839,14.16928851789442],[121.21425883950958,14.173560357044453],[121.20640192487926,14.16581044547334],[121.20321814396587,14.163750378143213],[121.20316013393786,14.171241639981373],[121.18736156640098,14.161039210504391],[121.18680864876038,14.157298034963272],[121.18011104581673,14.161601110376871],[121.1805302141239,14.166528408428421],[121.17744011291325,14.166751352130483],[121.1733600215898,14.151889127767861],[121.16581964146549,14.1468191423189]]]]},"properties":{"rank":159,"site_id":"555715067","name":"Mount Makiling","desig":"Forest Reserve","iucn_cat":"Not Assigned","status_yr":"1933","loss_ha":1.6,"forest2000_ha":4137.0,"area_ha":4228.9,"rep_area_ha":4230.0,"pct_of_forest2000":0.04,"pct_of_pa":0.039,"lon":121.2057,"lat":14.1382}},{"type":"Feature","geometry":{"type":"Polygon","coordinates":[[[121.79004478486938,14.000979785628122],[121.7910971148634,13.993943307708014],[121.79628751975295,13.993238813430079],[121.80657018239833,13.975660976433732],[121.83318208014704,13.986452023915493],[121.83357002492474,13.994451676411238],[121.81485963996852,14.0090195712053],[121.80349790252025,14.00611669784294],[121.79857057127327,14.009184561212459],[121.80073320407294,14.004141269164586],[121.79004478486938,14.000979785628122]]]},"properties":{"rank":160,"site_id":"846","name":"Quezon National Park","desig":"Protected Landscape","iucn_cat":"V","status_yr":"2018","loss_ha":1.6,"forest2000_ha":1025.5,"area_ha":1043.2,"rep_area_ha":1043.0,"pct_of_forest2000":0.16,"pct_of_pa":0.155,"lon":121.8124,"lat":13.9934}},{"type":"Feature","geometry":{"type":"MultiPolygon","coordinates":[[[[124.5250433073164,10.787970076196167],[124.5263944411535,10.792487094019],[124.52407119487076,10.790204090797399],[124.5250433073164,10.787970076196167]]],[[[124.49897089767481,10.645470587020618],[124.50507547398662,10.64764212131236],[124.50657817390098,10.65170439818935],[124.49897089767481,10.645470587020618]]],[[[124.51195134342613,10.771087909100155],[124.51429241133071,10.772996421458885],[124.51216988857918,10.77445449954006],[124.51195134342613,10.771087909100155]]],[[[124.56691875024897,10.80181559728313],[124.55833493305715,10.795091239531628],[124.5580272721617,10.792438084656245],[124.56346293380874,10.793606353938703],[124.56691875024897,10.80181559728313]]],[[[124.53630254113939,10.80048229495874],[124.55296173864694,10.806680456249698],[124.55599394522375,10.808758354693838],[124.5402042432373,10.805070718956294],[124.53630254113939,10.80048229495874]]],[[[124.38391719493097,10.644525244812774],[124.39058800021611,10.640895522048961],[124.39454772752892,10.635143292956945],[124.39819524713216,10.631379806844937],[124.39820413569811,10.641189832658991],[124.3947973792089,10.643557634457176],[124.39810162084987,10.657041954483532],[124.39625108465782,10.663882182097769],[124.38890696945306,10.652292961375075],[124.38391719493097,10.644525244812774]]],[[[124.32070945875263,10.683609240117958],[124.32369705178932,10.672876173718635],[124.34118121055823,10.671217413267204],[124.34320112229501,10.665407224260118],[124.35933420195414,10.66054233026693],[124.36274096780805,10.666896545132253],[124.35055868120843,10.682472191992632],[124.34211756216948,10.679346398981647],[124.32935568230167,10.687898910844378],[124.32070945875263,10.683609240117958]]]]},"properties":{"rank":161,"site_id":"555715053","name":"Island of Ponson, Poro, Pacihan","desig":"Protected Landscape and Seascape","iucn_cat":"V","status_yr":"2018","loss_ha":1.5,"forest2000_ha":694.4,"area_ha":1437.0,"rep_area_ha":1437.0,"pct_of_forest2000":0.22,"pct_of_pa":0.107,"lon":124.3755,"lat":10.6789}},{"type":"Feature","geometry":{"type":"MultiPolygon","coordinates":[[[[120.34155924323125,14.856003540991825],[120.34398948127946,14.847660541841588],[120.35079856872669,14.842215942801285],[120.35548501393711,14.831326845791136],[120.36770296690709,14.830760497121545],[120.36947772197435,14.845306111566428],[120.3739056204061,14.855401540493144],[120.3617099768823,14.868538063835341],[120.34155924323125,14.856003540991825]]]]},"properties":{"rank":162,"site_id":"7214","name":"Roosevelt National Park","desig":"Protected Landscape","iucn_cat":"V","status_yr":"2018","loss_ha":1.5,"forest2000_ha":491.5,"area_ha":949.2,"rep_area_ha":950.0,"pct_of_forest2000":0.3,"pct_of_pa":0.155,"lon":120.3588,"lat":14.8496}},{"type":"Feature","geometry":{"type":"MultiPolygon","coordinates":[[[[122.64347652043676,12.48376177925431],[122.64734702173054,12.480791987701561],[122.6494249621657,12.482976962765852],[122.64347652043676,12.48376177925431]]],[[[122.60271588784377,12.491690002078075],[122.61073341526132,12.491614205105794],[122.60469130101814,12.49396414010938],[122.60271588784377,12.491690002078075]]],[[[122.55228797719008,12.50081782546822],[122.55558764142566,12.496581634110145],[122.55882497835454,12.49792380638383],[122.55228797719008,12.50081782546822]]],[[[122.52871268896001,12.499591569331653],[122.53154868751125,12.49721927783279],[122.53131682446474,12.499578149641748],[122.52871268896001,12.499591569331653]]],[[[122.48904005698753,12.492644296713411],[122.49705748058818,12.493504863070388],[122.49220157386706,12.498262724000073],[122.48904005698753,12.492644296713411]]],[[[122.48417073634657,12.493776909485534],[122.48904005698753,12.492644296713411],[122.48704240561189,12.494579528275056],[122.48417073634657,12.493776909485534]]],[[[122.65496765566239,12.473831286087819],[122.65182403911872,12.469840441150453],[122.65856165891141,12.469523795371842],[122.65991283710302,12.47200757064795],[122.65496765566239,12.473831286087819]]],[[[122.65436566830007,12.48284764195236],[122.64734702173054,12.480791987701561],[122.64386894918665,12.47914210594999],[122.65233231825145,12.475075403700352],[122.65430772833922,12.47801843123112],[122.65708570575644,12.480823176904224],[122.65436566830007,12.48284764195236]]],[[[122.53290420411903,12.501598173577253],[122.54022159933108,12.50203511814014],[122.54230402615923,12.500006272025933],[122.54687458474189,12.50214663997783],[122.55228797719008,12.50081782546822],[122.54519351191838,12.505624703099572],[122.53290420411903,12.501598173577253]]],[[[122.51225411789817,12.482847594916127],[122.52148444028462,12.481407373156523],[122.52128829592448,12.485786134641776],[122.51809105617183,12.486187513409362],[122.51939762489604,12.489897484586184],[122.51603542620093,12.490151628322655],[122.51225411789817,12.482847594916127]]]]},"properties":{"rank":163,"site_id":"306436","name":"Sibuyan Island Mangrove Swamp Forest Reserve","desig":"Mangrove Swamp Forest Reserve","iucn_cat":"Not Assigned","status_yr":"1981","loss_ha":1.3,"forest2000_ha":372.2,"area_ha":504.8,"rep_area_ha":505.0,"pct_of_forest2000":0.35,"pct_of_pa":0.259,"lon":122.5751,"lat":12.4877}},{"type":"Feature","geometry":{"type":"Polygon","coordinates":[[[124.6602700102075,9.203058411093114],[124.67034313766396,9.192017695468582],[124.67985885648213,9.189328811860726],[124.68148637708143,9.185427136253864],[124.70276966492634,9.181231137985028],[124.70265375644217,9.172473449257915],[124.69658487786826,9.169748900884425],[124.70694783406051,9.162155077099635],[124.73912476121238,9.160679114924775],[124.7351962411098,9.19054169188328],[124.72968481248323,9.200200140629214],[124.72537289152734,9.201154383689799],[124.70676503812061,9.18696547026956],[124.70353664785773,9.192570569396233],[124.68728319990302,9.19446124156815],[124.68306045602144,9.211544058371736],[124.66678028585858,9.214268559671199],[124.6599712342053,9.209965564299589],[124.6602700102075,9.203058411093114]]]},"properties":{"rank":164,"site_id":"555583100","name":"Mt. Timpoong Hibok-hibok Natural Monument","desig":"Natural Monument","iucn_cat":"III","status_yr":"2018","loss_ha":1.3,"forest2000_ha":2136.2,"area_ha":2203.2,"rep_area_ha":2203.0,"pct_of_forest2000":0.06,"pct_of_pa":0.061,"lon":124.7052,"lat":9.1855}},{"type":"Feature","geometry":{"type":"MultiPolygon","coordinates":[[[[122.10147281245219,13.360514622104597],[122.11344107520692,13.358142399942508],[122.11405638762305,13.367256776397522],[122.10546370943965,13.364719603968558],[122.10147281245219,13.360514622104597]]],[[[122.11344107520692,13.358142399942508],[122.11849771275108,13.35479363177684],[122.12006728569101,13.358204822112803],[122.12439259249001,13.357299605433296],[122.12169931579271,13.360621673278226],[122.11703956322108,13.363439839129567],[122.11344107520692,13.358142399942508]]]]},"properties":{"rank":165,"site_id":"306435","name":"Torrijos Watershed Forest Reserve","desig":"Watershed Forest Reserve","iucn_cat":"Not Assigned","status_yr":"1932","loss_ha":1.2,"forest2000_ha":156.7,"area_ha":157.9,"rep_area_ha":158.0,"pct_of_forest2000":0.75,"pct_of_pa":0.74,"lon":122.1126,"lat":13.3611}},{"type":"Feature","geometry":{"type":"Polygon","coordinates":[[[123.57878193609153,13.927373382718699],[123.5938002098722,13.919253403937475],[123.59579781474048,13.916096365019667],[123.5995122859307,13.9237169636924],[123.582005871821,13.931181484581053],[123.57878193609153,13.927373382718699]]]},"properties":{"rank":166,"site_id":"306441","name":"Island of Basot, Quinalaang and Malabungot Wilderness Area","desig":"Protected Landscape","iucn_cat":"V","status_yr":"2018","loss_ha":1.2,"forest2000_ha":137.9,"area_ha":147.8,"rep_area_ha":148.0,"pct_of_forest2000":0.88,"pct_of_pa":0.823,"lon":123.5898,"lat":13.9246}},{"type":"Feature","geometry":{"type":"MultiPolygon","coordinates":[[[[120.43478574171202,17.453911398604184],[120.44597355573572,17.449666392721607],[120.45711688941572,17.458526636518638],[120.45991718411945,17.45817884073972],[120.45499439062516,17.464613256776598],[120.46384118556256,17.488121703682864],[120.46843854663203,17.486627850128723],[120.47504694823164,17.47549350703228],[120.48083036052608,17.488799491780394],[120.48769743928851,17.489771560687615],[120.50037014106063,17.491519531504384],[120.50197990664681,17.496344224151535],[120.48490601111183,17.50446426582831],[120.46797924858026,17.502644953347485],[120.46286463492285,17.51648601012923],[120.4689201662454,17.54136780617574],[120.46632045352885,17.551810970801466],[120.4734148732472,17.556109556546218],[120.4832561347546,17.556979142635395],[120.48476330094158,17.561808341239033],[120.48648003047441,17.55456226864274],[120.49336938894658,17.54984896582456],[120.49236160550129,17.546981825476028],[120.49636589199719,17.548493396924016],[120.4994604708868,17.567877120660736],[120.49843489853255,17.60743386088335],[120.50140017898087,17.625274666129844],[120.47871229623593,17.633506240495915],[120.47551957906799,17.62276424573174],[120.47826191086482,17.613854984083375],[120.46794356634366,17.59648224435937],[120.45937321450931,17.59259840357582],[120.46286024038423,17.584901958248025],[120.46569618066647,17.58457202378898],[120.46046563393983,17.572015210891582],[120.46672175136162,17.555289123884542],[120.45949802273459,17.55446416876866],[120.45404458128331,17.541474843614786],[120.45228768798883,17.519576194198127],[120.44674058907356,17.49362868680737],[120.4434274399226,17.490984434228995],[120.44625009612987,17.48886188225529],[120.442192294101,17.487724827798264],[120.44383320440754,17.48549079955529],[120.44006524167372,17.48352883165785],[120.43478574171202,17.453911398604184]]]]},"properties":{"rank":167,"site_id":"7208","name":"Northern Luzon Heroes Hill National Park","desig":"National Park","iucn_cat":"Not Assigned","status_yr":"1963","loss_ha":1.2,"forest2000_ha":3569.5,"area_ha":5391.5,"rep_area_ha":5397.0,"pct_of_forest2000":0.03,"pct_of_pa":0.022,"lon":120.472,"lat":17.5436}},{"type":"Feature","geometry":{"type":"MultiPolygon","coordinates":[[[[124.11955937715167,10.04788414915008],[124.12436632576068,10.043786211484152],[124.1235235636682,10.048102662803961],[124.11955937715167,10.04788414915008]]],[[[124.10417549320132,10.082629475517463],[124.1026549498425,10.08053810676561],[124.10662352881161,10.08262499094288],[124.10638725515423,10.085139904602029],[124.10417549320132,10.082629475517463]]],[[[124.01916723517913,10.070389240955294],[124.02532072488223,10.068797367028587],[124.02717127250395,10.07223533190757],[124.0212272855064,10.073965463509843],[124.01916723517913,10.070389240955294]]],[[[124.06804339850076,10.0499620571216],[124.070549419824,10.048512870892738],[124.07319810596421,10.04677826473548],[124.07152598049062,10.042988019004614],[124.07367974647497,10.040535545136965],[124.07218146142367,10.03725813744481],[124.07595384700474,10.03893025466355],[124.08141623019493,10.04569471952551],[124.08228580426179,10.043585554199138],[124.08283425349069,10.041284670082462],[124.08898335206034,10.043879865063975],[124.0935004048851,10.050113703690588],[124.09356733885357,10.045453926655613],[124.09679123816296,10.046684624249208],[124.0933577028584,10.053685473291488],[124.09949793392941,10.061992761909945],[124.10348881853973,10.054719913545961],[124.10891107096462,10.05527730103759],[124.10971371406616,10.05278916934846],[124.11205476533651,10.051959732408742],[124.11955937715167,10.04788414915008],[124.1228501974798,10.056940550652222],[124.12075440865952,10.058033073757347],[124.11617493983823,10.053346569732867],[124.10689555699301,10.069122843369161],[124.10345756346528,10.068926645921664],[124.10591903741876,10.073862844526191],[124.1026549498425,10.08053810676561],[124.0938615759156,10.070937676762833],[124.09665304306648,10.064579023591332],[124.08616522977931,10.06312087423364],[124.07981094535296,10.076364412572733],[124.06784721306916,10.059228128248666],[124.07293056455917,10.05364532645374],[124.0716864739264,10.051116973197896],[124.06804339850076,10.0499620571216]]]]},"properties":{"rank":168,"site_id":"555715013","name":"Island of Ambugan / Hambungan & Inabanga River Mangrove Swamp Forest Reserve","desig":"Mangrove Swamp Forest Reserve","iucn_cat":"Not Assigned","status_yr":"1981","loss_ha":1.1,"forest2000_ha":1042.4,"area_ha":1215.0,"rep_area_ha":1215.0,"pct_of_forest2000":0.11,"pct_of_pa":0.093,"lon":124.0889,"lat":10.0587}},{"type":"Feature","geometry":{"type":"MultiPolygon","coordinates":[[[[123.2498831297185,12.421338761182199],[123.2570532978315,12.431238004326405],[123.2530802495106,12.439219744301047],[123.24998563664911,12.423733312923096],[123.2498831297185,12.421338761182199]]],[[[123.23405325692661,12.368935429981875],[123.23417815395284,12.359914640436816],[123.23782564232579,12.343821747499748],[123.23889137819071,12.349993137804459],[123.24126367656082,12.365055997239928],[123.2520858907658,12.380453294229694],[123.24439842308166,12.384011616958572],[123.23405325692661,12.368935429981875]]]]},"properties":{"rank":169,"site_id":"555715021","name":"Island of Majaba and Napayuan Wilderness Area","desig":"Wilderness Area","iucn_cat":"Not Assigned","status_yr":"1981","loss_ha":1.1,"forest2000_ha":66.8,"area_ha":441.1,"rep_area_ha":441.0,"pct_of_forest2000":1.65,"pct_of_pa":0.249,"lon":123.2429,"lat":12.3789}},{"type":"Feature","geometry":{"type":"MultiPolygon","coordinates":[[[[125.65141226543486,9.711208614764727],[125.65308887423237,9.712804997112462],[125.65185813019887,9.714726833987639],[125.65141226543486,9.711208614764727]]],[[[125.64448277835301,9.722860275703242],[125.64660976295886,9.721660795692479],[125.6486565393864,9.723462266029397],[125.64448277835301,9.722860275703242]]],[[[125.64861191788127,9.770528075925956],[125.65064079511282,9.768762241839585],[125.65194728617423,9.771250402336097],[125.64861191788127,9.770528075925956]]],[[[125.64242713737096,9.719292995823213],[125.64448277835301,9.722860275703242],[125.6424449873507,9.724898061108366],[125.64242713737096,9.719292995823213]]],[[[125.63753993062667,9.70623672400495],[125.64034917243326,9.70566150181863],[125.64014856322672,9.70802036338512],[125.63753993062667,9.70623672400495]]],[[[125.63772277873787,9.72003318891334],[125.6368041963387,9.71757624048174],[125.63942619910677,9.718530463785314],[125.63772277873787,9.72003318891334]]],[[[125.63208649466823,9.709108423929154],[125.6368443198902,9.709362560173727],[125.6343383529376,9.71349171587129],[125.63208649466823,9.709108423929154]]],[[[125.63896683554253,9.796150049091018],[125.63988547663065,9.792431170276858],[125.64232454161605,9.793113376883229],[125.63896683554253,9.796150049091018]]],[[[125.6497044286866,9.70966578911811],[125.6518045865253,9.707899986320227],[125.65398958976131,9.709545414372098],[125.65141226543486,9.711208614764727],[125.6497044286866,9.70966578911811]]],[[[125.63639395064368,9.787089171466276],[125.6328668190022,9.792239397597246],[125.62897846959905,9.785733599138288],[125.63474410449489,9.784739217454305],[125.63639395064368,9.787089171466276]]],[[[125.65328953451147,9.703873386941268],[125.65619238043178,9.700034148554577],[125.65743198131774,9.702098710782538],[125.65911313439948,9.704528869670996],[125.65570634224217,9.70436838327947],[125.65328953451147,9.703873386941268]]],[[[125.62461304985183,9.77133516133686],[125.62694070253254,9.769645168850818],[125.62980345607984,9.770309591139622],[125.63149786783632,9.774724098450827],[125.62422510118861,9.774300476243871],[125.62461304985183,9.77133516133686]]],[[[125.58356255544093,9.730917897658008],[125.58869501103635,9.726110964465423],[125.58865928722253,9.723850180277992],[125.59149085118057,9.710419382834813],[125.58755793431006,9.704310421959338],[125.59855401170253,9.700618246817765],[125.60129192680881,9.704796477188683],[125.60488152828864,9.708087231828175],[125.60030199183414,9.706883301630144],[125.59612830827923,9.712925414639798],[125.5968551506593,9.717103533221628],[125.5976399060625,9.72061287322741],[125.60550130960671,9.724282729821276],[125.60673651863107,9.720198201718608],[125.6095234717992,9.719480271749784],[125.60932278568829,9.715025657498188],[125.61234604183497,9.724090985985878],[125.60731614741181,9.730726118201293],[125.59299802896149,9.727136544818558],[125.58650105540346,9.740446988525527],[125.58356255544093,9.730917897658008]]],[[[125.63147559403228,9.77702940238842],[125.63689787353896,9.778576724236771],[125.63597928170967,9.775656022230818],[125.63911848336512,9.777626962693583],[125.6368532455008,9.772200234382295],[125.63287574505456,9.770866934568101],[125.63514543281322,9.769881484546953],[125.63391474746084,9.767750013097796],[125.63137306771613,9.766037773209145],[125.62933519449184,9.767058858711433],[125.62667315104385,9.760530732550357],[125.62669984783356,9.757989057260778],[125.62185281698123,9.748812260985293],[125.62303454597408,9.741249592643369],[125.6282427403656,9.74131203790788],[125.63007541862206,9.747305076212424],[125.63687551781453,9.749271538364148],[125.63414214996953,9.74986013888245],[125.63605060391767,9.7514876800963],[125.63366949238325,9.76194428157392],[125.63901146240676,9.765774692231398],[125.63743290756562,9.769671891863798],[125.6412320972277,9.76746018485853],[125.64442931316961,9.786023407141617],[125.64062118270277,9.789193862341454],[125.63639395064368,9.787089171466276],[125.63902931314549,9.783718085915941],[125.6356359332119,9.782638973167],[125.63262156072702,9.780806309925907],[125.63147559403228,9.77702940238842]]]]},"properties":{"rank":170,"site_id":"555715041","name":"Mangrove Areas along Municipalities of Lavigan, Valencia Up to Taon River Municipality of Barcelona,, Islands of Masopelid, Mahaba, Condona, Bayagnan, Bilabid and Caye Mangrove Swamp Forest Reserve","desig":"Mangrove Swamp Forest Reserve","iucn_cat":"Not Assigned","status_yr":"1981","loss_ha":1.1,"forest2000_ha":1088.3,"area_ha":1308.6,"rep_area_ha":1311.0,"pct_of_forest2000":0.1,"pct_of_pa":0.082,"lon":125.6175,"lat":9.7426}},{"type":"Feature","geometry":{"type":"Polygon","coordinates":[[[121.04699351037272,6.011800154784799],[121.05631305404111,6.007822656651275],[121.06091040878803,6.009325357425798],[121.06557904698555,6.013383126550384],[121.06103968744301,6.021891092073361],[121.05046715611489,6.0212222268413464],[121.04699351037272,6.011800154784799]]]},"properties":{"rank":171,"site_id":"7227","name":"Mt. Dajo National Park","desig":"National Park","iucn_cat":"Not Assigned","status_yr":"1938","loss_ha":1.1,"forest2000_ha":206.7,"area_ha":212.3,"rep_area_ha":212.0,"pct_of_forest2000":0.52,"pct_of_pa":0.503,"lon":121.0562,"lat":6.0151}},{"type":"Feature","geometry":{"type":"MultiPolygon","coordinates":[[[[120.47659419695744,14.45167001922635],[120.48102659299103,14.447514141034432],[120.4907518946583,14.471299030295102],[120.48915552023873,14.481974075055724],[120.48504872112319,14.485438855399263],[120.48040678561898,14.471990165625748],[120.47659419695744,14.45167001922635]]]]},"properties":{"rank":172,"site_id":"306403","name":"Watershed Purposes of Mariveles (Palanas) Watershed and Forest Range","desig":"Watershed and Forest Range","iucn_cat":"Not Assigned","status_yr":"1919","loss_ha":1.0,"forest2000_ha":246.5,"area_ha":346.7,"rep_area_ha":347.0,"pct_of_forest2000":0.41,"pct_of_pa":0.294,"lon":120.4838,"lat":14.4668}},{"type":"Feature","geometry":{"type":"MultiPolygon","coordinates":[[[[122.5870867947443,14.291499120643369],[122.59163950335909,14.297264722099273],[122.58871878740993,14.298687217424952],[122.58428648170474,14.293327346377735],[122.5870867947443,14.291499120643369]]],[[[122.57772710061141,14.304764999273306],[122.58137470382209,14.304684728555227],[122.58143259850968,14.308002281934654],[122.57769146520175,14.3080557600748],[122.57772710061141,14.304764999273306]]]]},"properties":{"rank":173,"site_id":"61467","name":"Dahican Watershed Forest Reserve","desig":"Watershed Forest Reserve","iucn_cat":"Not Assigned","status_yr":"1933","loss_ha":1.0,"forest2000_ha":41.4,"area_ha":42.3,"rep_area_ha":42.0,"pct_of_forest2000":2.31,"pct_of_pa":2.265,"lon":122.585,"lat":14.299}},{"type":"Feature","geometry":{"type":"Polygon","coordinates":[[[120.65663487578601,18.48567159851137],[120.6602110913084,18.4770744928002],[120.67127414396043,18.472566323557427],[120.67720918377813,18.481266030029754],[120.66752844883482,18.49251187606277],[120.6629489967036,18.49284183677922],[120.65663487578601,18.48567159851137]]]},"properties":{"rank":174,"site_id":"306397","name":"Tanap Watershed Forest Reserve","desig":"Watershed Forest Reserve","iucn_cat":"Not Assigned","status_yr":"1971","loss_ha":0.9,"forest2000_ha":193.3,"area_ha":303.1,"rep_area_ha":303.0,"pct_of_forest2000":0.45,"pct_of_pa":0.286,"lon":120.6666,"lat":18.4828}},{"type":"Feature","geometry":{"type":"MultiPolygon","coordinates":[[[[122.24321872606677,13.597832438606549],[122.24371817231989,13.600235896162436],[122.24006168696373,13.599286143769568],[122.24321872606677,13.597832438606549]]],[[[122.20647125779472,13.630049476785747],[122.2114298403934,13.627815483171076],[122.21017235788156,13.630789682241547],[122.20647125779472,13.630049476785747]]],[[[122.265786255669,13.579331613427025],[122.2831187540697,13.573793487948294],[122.28207981999213,13.580437512292143],[122.26766348719632,13.581271337144493],[122.265786255669,13.579331613427025]]],[[[122.26430137429492,13.605123117690798],[122.27211368837608,13.600806703015037],[122.27239467004361,13.603598071363903],[122.26739149317835,13.607245643669572],[122.26430137429492,13.605123117690798]]],[[[122.20167775180337,13.633028170069762],[122.20647125779472,13.630049476785747],[122.20684142551045,13.632872049491034],[122.2063909896792,13.635097159934027],[122.20167775180337,13.633028170069762]]],[[[122.27696071290221,13.599625042006094],[122.27652822533226,13.59685148765947],[122.27862843012727,13.595455795308055],[122.27913679615858,13.598416626905601],[122.27913229658904,13.60209091791339],[122.28217344301763,13.60125260748879],[122.28058158079189,13.604391831498516],[122.27632755673324,13.603705059887393],[122.27696071290221,13.599625042006094]]],[[[121.70900947094492,13.970484014047024],[121.71382532445925,13.969569866951373],[121.73788219136128,13.965984794091478],[121.74132462732945,13.965057298069032],[121.74373253921313,13.966154171831016],[121.74228332871587,13.968383782133126],[121.74641247710557,13.967679197963772],[121.75555804339258,13.96509296411465],[121.7619390293942,13.961543504491758],[121.76228688144283,13.96655551723089],[121.74878019499937,13.974965361649263],[121.74151193344191,13.979023198318405],[121.73935372022991,13.981279451427353],[121.73651325738436,13.985207934458181],[121.73085907526065,13.972365708613841],[121.72912001216864,13.974827142237157],[121.72525400720095,13.973979956110428],[121.71873481768526,13.983080945953043],[121.71413305472441,13.978666410462735],[121.70900947094492,13.970484014047024]]]]},"properties":{"rank":175,"site_id":"555715033","name":"Palsabangan River up to Mazintuto River, Bacong River to Sandoval Point Mangrove Swamp Forest Reserve","desig":"Mangrove Swamp Forest Reserve","iucn_cat":"Not Assigned","status_yr":"1981","loss_ha":0.9,"forest2000_ha":410.3,"area_ha":866.7,"rep_area_ha":867.0,"pct_of_forest2000":0.23,"pct_of_pa":0.109,"lon":121.8537,"lat":13.8878}},{"type":"Feature","geometry":{"type":"Polygon","coordinates":[[[120.61393902749104,18.37429215853312],[120.63095943363504,18.359648490839273],[120.63132062615169,18.355247404618023],[120.6406579052593,18.351064743670626],[120.64929073081947,18.358926102193983],[120.66711822055434,18.36677864388171],[120.68406729715367,18.38685797095683],[120.68448203234348,18.395009173424864],[120.62972426151381,18.392628024158615],[120.62472560562408,18.39502703178348],[120.6204181251216,18.381903888086548],[120.61962878626633,18.376298774013062],[120.61393902749104,18.37429215853312]],[[120.64308817711026,18.364299354571106],[120.64969654145668,18.365436419574372],[120.6500666318933,18.369476341609058],[120.64436350251647,18.368740587032846],[120.64308817711026,18.364299354571106]]]},"properties":{"rank":176,"site_id":"306393","name":"Ilocos Norte Metro Watershed Forest Reserve","desig":"Watershed Forest Reserve","iucn_cat":"Not Assigned","status_yr":"1934","loss_ha":0.8,"forest2000_ha":1930.5,"area_ha":2245.9,"rep_area_ha":2248.0,"pct_of_forest2000":0.04,"pct_of_pa":0.038,"lon":120.6483,"lat":18.3776}},{"type":"Feature","geometry":{"type":"MultiPolygon","coordinates":[[[[122.3976507931744,13.843533408203994],[122.41241490117946,13.83341566756342],[122.41871559420181,13.841125505630137],[122.40609628576928,13.851501831023526],[122.40004082012634,13.856001026455637],[122.3976507931744,13.843533408203994]]]]},"properties":{"rank":177,"site_id":"306424","name":"Tibiang-Damagandong Watershed Forest Reserve","desig":"Watershed Forest Reserve","iucn_cat":"Not Assigned","status_yr":"1938","loss_ha":0.8,"forest2000_ha":269.0,"area_ha":274.6,"rep_area_ha":274.0,"pct_of_forest2000":0.29,"pct_of_pa":0.285,"lon":122.4071,"lat":13.844}},{"type":"Feature","geometry":{"type":"Polygon","coordinates":[[[124.86456813264233,8.949041286443537],[124.86810426437194,8.941019331858413],[124.87330353775104,8.941050545755193],[124.8739188856146,8.94671360140525],[124.86721691942613,8.952153721059423],[124.86456813264233,8.949041286443537]]]},"properties":{"rank":178,"site_id":"306521","name":"Mimbilisan Protected Landscape","desig":"Protected Landscape","iucn_cat":"V","status_yr":"2018","loss_ha":0.7,"forest2000_ha":95.7,"area_ha":106.8,"rep_area_ha":107.0,"pct_of_forest2000":0.74,"pct_of_pa":0.662,"lon":124.8694,"lat":8.946}},{"type":"Feature","geometry":{"type":"MultiPolygon","coordinates":[[[[122.12285869818645,13.373923127284954],[122.12082528627757,13.376571894434907],[122.12033930686314,13.37281286380478],[122.12285869818645,13.373923127284954]]],[[[122.08498754742777,13.466766132504793],[122.0901065390847,13.462240140514325],[122.09226924971362,13.464144186899551],[122.08498754742777,13.466766132504793]]],[[[122.0413150825156,13.513608997077775],[122.04697369351199,13.507495540395077],[122.04680424817637,13.515098282350104],[122.0413150825156,13.513608997077775]]],[[[122.03174588706814,13.51722081972641],[122.0365706136537,13.51995873323696],[122.03491180463534,13.521711125099023],[122.03174588706814,13.51722081972641]]],[[[122.03491180463534,13.521711125099023],[122.03270458768375,13.52587592672377],[122.03030114209135,13.52593392596075],[122.03491180463534,13.521711125099023]]],[[[122.02722876205563,13.533090774301236],[122.03266000924613,13.52967064515113],[122.03135343662655,13.531882383279326],[122.02722876205563,13.533090774301236]]],[[[122.0249769813882,13.514001334880641],[122.02959211898573,13.516253227192866],[122.02440617943208,13.5174215128933],[122.0249769813882,13.514001334880641]]],[[[122.02362582127746,13.534383882727717],[122.02697012448643,13.530754182448556],[122.02722876205563,13.533090774301236],[122.02362582127746,13.534383882727717]]],[[[122.0102574721813,13.536381600226292],[122.01199203761745,13.538245524975643],[122.00898212048514,13.538267825205132],[122.0102574721813,13.536381600226292]]],[[[121.99826248811885,13.528957187022352],[121.99781213765792,13.53143199247344],[121.99597497311814,13.529987214050688],[121.99826248811885,13.528957187022352]]],[[[122.1406594043403,13.377378993736638],[122.1427106370724,13.37208598455237],[122.14450312693334,13.374208526700112],[122.14314756409668,13.376094711367212],[122.1406594043403,13.377378993736638]]],[[[122.09226924971362,13.464144186899551],[122.09786097842918,13.455908204641219],[122.10064793707332,13.4582402767529],[122.09564030505435,13.464251146815695],[122.09226924971362,13.464144186899551]]],[[[122.0789632578863,13.473851588501143],[122.08305675629317,13.468282164164467],[122.08890259701666,13.473325464486187],[122.08320837400983,13.472732382124482],[122.0789632578863,13.473851588501143]]],[[[122.00829100237573,13.534758503231707],[122.01057851980246,13.534134166108217],[122.01551477920644,13.534611291150108],[122.0102574721813,13.536381600226292],[122.00829100237573,13.534758503231707]]],[[[122.13484027577769,13.380736690575931],[122.1406594043403,13.377378993736638],[122.13959811976216,13.382796792777942],[122.1449446385421,13.387358395386494],[122.13991921814943,13.391211100856362],[122.13484027577769,13.380736690575931]]],[[[122.09526126050962,13.482087601074758],[122.1007459655682,13.476406722459803],[122.10350173471456,13.476687581259776],[122.10431324096587,13.472201746177022],[122.11590247718112,13.467573230801188],[122.10218630681624,13.4803306873888],[122.09526126050962,13.482087601074758]]],[[[122.07223006193604,13.482029620373867],[122.07317089309322,13.47881905123057],[122.07685411831812,13.47863180551494],[122.07638588706634,13.482992778938168],[122.08884911321178,13.486082952771854],[122.08285165160044,13.489097254099],[122.07223006193604,13.482029620373867]]],[[[122.06742755189633,13.526272814025813],[122.06579557086957,13.503919361056557],[122.09347766172863,13.495741325389542],[122.10007267876733,13.497137065310934],[122.0970315683194,13.506251424022928],[122.07668471957605,13.518799313740695],[122.07141406723319,13.52650911100252],[122.06742755189633,13.526272814025813]]],[[[122.11415449063104,13.397119399157127],[122.11592925573389,13.38495054775404],[122.1185110583768,13.376134904083422],[122.12082528627757,13.376571894434907],[122.12385749540356,13.377472613311392],[122.12285869818645,13.373923127284954],[122.13172779129299,13.377771353840123],[122.12323773267907,13.386658319019473],[122.12494995719481,13.392076190280832],[122.11415449063104,13.397119399157127]]],[[[121.9757350577749,13.516494014612727],[121.98664205466926,13.518259777967637],[121.9927287139869,13.51713608519617],[121.99264846075009,13.513002500075961],[121.99505637927294,13.512168650130732],[122.00187884523076,13.52210801573667],[121.99930589555282,13.525795709213678],[121.99797706105299,13.522165990906629],[121.98648596423173,13.525862545927053],[121.9757350577749,13.516494014612727]]],[[[122.12087884093667,13.415526540882938],[122.12323773267907,13.414153180804716],[122.12487864032295,13.404365467362302],[122.12959195165429,13.398956540684189],[122.13916559716364,13.406644034934766],[122.13939303564537,13.397730294920807],[122.14700020822005,13.39511280210102],[122.14805708811475,13.399143861205655],[122.14843161565291,13.40572995897699],[122.12767452105271,13.426174905372006],[122.12087884093667,13.415526540882938]]]]},"properties":{"rank":179,"site_id":"555715031","name":"Island of Sta Cruz and Salomague, foreshoreline of dapdap and alabo to the mouth of tagum river, malinoa creek to salomague point, foreshoreline of Barrio Cabuyagan to eastern side of Dating Bayan RIver in Calancan Bay Mangrove Swamp Forest Reserve","desig":"Mangrove Swamp Forest Reserve","iucn_cat":"Not Assigned","status_yr":"1981","loss_ha":0.7,"forest2000_ha":1857.9,"area_ha":2352.4,"rep_area_ha":2351.0,"pct_of_forest2000":0.04,"pct_of_pa":0.028,"lon":122.0924,"lat":13.4608}},{"type":"Feature","geometry":{"type":"MultiPolygon","coordinates":[[[[121.07460425183613,16.273569523548158],[121.07569678126349,16.25402531067453],[121.08412445630087,16.24937893482652],[121.08891357050352,16.276115726743416],[121.08555139866431,16.275723336586783],[121.0790677998438,16.279361955955686],[121.07831428111274,16.274131393172606],[121.07460425183613,16.273569523548158]]]]},"properties":{"rank":180,"site_id":"306400","name":"Dupax Watershed Reservation","desig":"Watershed Reservation","iucn_cat":"Not Assigned","status_yr":"1934","loss_ha":0.6,"forest2000_ha":221.9,"area_ha":338.4,"rep_area_ha":339.0,"pct_of_forest2000":0.27,"pct_of_pa":0.178,"lon":121.0812,"lat":16.265}},{"type":"Feature","geometry":{"type":"Polygon","coordinates":[[[121.57513833909546,14.675262724089546],[121.5872136463047,14.667187337108928],[121.58717794510208,14.664048130793699],[121.59863336395748,14.669934116383319],[121.59963663665077,14.683654759771589],[121.59976601752369,14.68958094023623],[121.59362583610266,14.692131553687396],[121.584943898318,14.687681366164918],[121.57513833909546,14.675262724089546]]]},"properties":{"rank":181,"site_id":"306418","name":"Infanta Watershed Forest Reserve","desig":"Watershed Forest Reserve","iucn_cat":"Not Assigned","status_yr":"1967","loss_ha":0.6,"forest2000_ha":479.4,"area_ha":479.8,"rep_area_ha":480.0,"pct_of_forest2000":0.12,"pct_of_pa":0.122,"lon":121.5898,"lat":14.6785}},{"type":"Feature","geometry":{"type":"Polygon","coordinates":[[[122.38314083722807,13.901738033324524],[122.38895550155138,13.896726020457974],[122.4063906535994,13.888494470858],[122.41073823044815,13.892864391626198],[122.40528923315757,13.902099258033964],[122.39055187182275,13.911556983314412],[122.38624443458416,13.90758393724541],[122.38340397617769,13.910005209931747],[122.38314083722807,13.901738033324524]]]},"properties":{"rank":182,"site_id":"306419","name":"Lopez Watershed Forest Reserve","desig":"Watershed Forest Reserve","iucn_cat":"Not Assigned","status_yr":"1940","loss_ha":0.6,"forest2000_ha":425.9,"area_ha":440.8,"rep_area_ha":441.0,"pct_of_forest2000":0.14,"pct_of_pa":0.138,"lon":122.3964,"lat":13.9001}},{"type":"Feature","geometry":{"type":"MultiPolygon","coordinates":[[[[125.59886613888986,9.756802934539781],[125.6173402446482,9.754140863136186],[125.61412968551079,9.765890596817373],[125.59726985432313,9.760642199685602],[125.59886613888986,9.756802934539781]]],[[[125.57278933832318,9.74513795714422],[125.57700321441627,9.730079587138668],[125.585190078957,9.737178477978885],[125.5809717887988,9.744906083429118],[125.57278933832318,9.74513795714422]]],[[[125.58938168977441,9.735818436627001],[125.59440260515045,9.727662727931586],[125.6043464446342,9.729669348903828],[125.60405653662811,9.737035790117968],[125.60127857420085,9.737985522714643],[125.59772912216134,9.747853508690348],[125.5928686621657,9.751799823205825],[125.59312288858816,9.737833916396585],[125.58938168977441,9.735818436627001]]]]},"properties":{"rank":183,"site_id":"555715022","name":"Island of Lamagon (Lamayan), Cepaya and Cobeton Wilderness Area","desig":"Wilderness Area","iucn_cat":"Not Assigned","status_yr":"1981","loss_ha":0.6,"forest2000_ha":521.3,"area_ha":585.9,"rep_area_ha":587.0,"pct_of_forest2000":0.12,"pct_of_pa":0.105,"lon":125.5962,"lat":9.7448}},{"type":"Feature","geometry":{"type":"Polygon","coordinates":[[[122.53186523239135,13.360643958794572],[122.5380768096774,13.358713167397818],[122.53241821248879,13.363248072995264],[122.53186523239135,13.360643958794572]]]},"properties":{"rank":184,"site_id":"306417","name":"Mulanay Watershed Forest Reserve","desig":"Watershed Forest Reserve","iucn_cat":"Not Assigned","status_yr":"1938","loss_ha":0.5,"forest2000_ha":29.7,"area_ha":29.7,"rep_area_ha":30.0,"pct_of_forest2000":1.76,"pct_of_pa":1.76,"lon":122.5341,"lat":13.3609}},{"type":"Feature","geometry":{"type":"Polygon","coordinates":[[[122.37078916496907,13.913911418293804],[122.37226512051141,13.907048845563649],[122.38638265634317,13.903008841405219],[122.39260754755287,13.907240570671668],[122.38363132631784,13.920814051570137],[122.37078916496907,13.913911418293804]]]},"properties":{"rank":185,"site_id":"555583097","name":"Calauag Watershed Forest Reserve","desig":"Watershed Forest Reserve","iucn_cat":"Not Assigned","status_yr":"1939","loss_ha":0.5,"forest2000_ha":273.1,"area_ha":307.2,"rep_area_ha":307.0,"pct_of_forest2000":0.19,"pct_of_pa":0.17,"lon":122.3815,"lat":13.9111}},{"type":"Feature","geometry":{"type":"Polygon","coordinates":[[[124.91176773426332,10.64129689311962],[124.92495334782942,10.637417445429806],[124.93026853136533,10.619919935863617],[124.93724264247771,10.622376885148194],[124.93852683736533,10.631116719705217],[124.92959966093868,10.640235588732024],[124.92760202065503,10.649885067233088],[124.92326776274417,10.646362379170977],[124.91159387468784,10.645684614129218],[124.91176773426332,10.64129689311962]]]},"properties":{"rank":186,"site_id":"555583098","name":"Kuapnit Balinsasayao National Park","desig":"National Park","iucn_cat":"Not Assigned","status_yr":"1937","loss_ha":0.5,"forest2000_ha":367.3,"area_ha":376.7,"rep_area_ha":377.0,"pct_of_forest2000":0.13,"pct_of_pa":0.13,"lon":124.9273,"lat":10.6357}},{"type":"Feature","geometry":{"type":"MultiPolygon","coordinates":[[[[123.5723474025405,13.357210429792593],[123.57573188674525,13.358695322466914],[123.57173211420087,13.359426636969593],[123.5723474025405,13.357210429792593]]],[[[123.4964669544712,13.445736961758893],[123.51317518755287,13.432948276457928],[123.51709024813496,13.4355389929106],[123.52694039374255,13.431891446447503],[123.53585859071877,13.447654399090611],[123.52291830866173,13.461495433176772],[123.51995748657463,13.479380882423634],[123.50467167348589,13.481423148461797],[123.49266774345011,13.460429710792395],[123.4964669544712,13.445736961758893]]]]},"properties":{"rank":187,"site_id":"555715051","name":"Buhi Wildlife Sanctuary","desig":"Wildlife Sanctuary","iucn_cat":"IV","status_yr":"2018","loss_ha":0.5,"forest2000_ha":162.4,"area_ha":1621.7,"rep_area_ha":1621.0,"pct_of_forest2000":0.28,"pct_of_pa":0.029,"lon":123.5131,"lat":13.4553}},{"type":"Feature","geometry":{"type":"Polygon","coordinates":[[[120.64129114962718,16.954286989500652],[120.64859065173589,16.948262805791703],[120.65355808361055,16.950371928885136],[120.66067487210925,16.94710336437483],[120.66992748962326,16.974486696896445],[120.65653676360982,16.97618117159948],[120.64888948250952,16.969309674192647],[120.64608018192152,16.962821707098144],[120.64913021409667,16.959896521065385],[120.64129114962718,16.954286989500652]]]},"properties":{"rank":188,"site_id":"7207","name":"Bessang Pass Natural Monument/Landmark","desig":"Natural Monument","iucn_cat":"III","status_yr":"2018","loss_ha":0.5,"forest2000_ha":552.4,"area_ha":580.6,"rep_area_ha":581.0,"pct_of_forest2000":0.1,"pct_of_pa":0.092,"lon":120.6565,"lat":16.962}},{"type":"Feature","geometry":{"type":"Polygon","coordinates":[[[124.6922997340247,8.442937743609333],[124.69789141972832,8.436369486971712],[124.70015223795976,8.436110835742273],[124.70827218624767,8.441805123042196],[124.70220783632467,8.447490454106852],[124.6922997340247,8.442937743609333]]]},"properties":{"rank":189,"site_id":"306524","name":"Mahugunao Watershed Forest Reserve","desig":"Watershed Forest Reserve","iucn_cat":"Not Assigned","status_yr":"1932","loss_ha":0.4,"forest2000_ha":139.0,"area_ha":147.2,"rep_area_ha":147.0,"pct_of_forest2000":0.25,"pct_of_pa":0.24,"lon":124.7003,"lat":8.4418}},{"type":"Feature","geometry":{"type":"MultiPolygon","coordinates":[[[[123.828460396192,9.632946917349095],[123.82967320434538,9.63009310019756],[123.84091909909206,9.636839735685209],[123.828460396192,9.632946917349095]]],[[[123.73763736685221,9.593194042025452],[123.7418780447222,9.589296823735454],[123.75261552114678,9.59444704792713],[123.7513178983773,9.597443616597985],[123.74905272753843,9.598834850788217],[123.73763736685221,9.593194042025452]]],[[[123.86178320150033,9.628849013317055],[123.86232275433511,9.625330783824847],[123.86378538992355,9.623591794206451],[123.86580533198892,9.625665243243573],[123.86780751839946,9.621429078528378],[123.87077721064693,9.616751517439212],[123.87111167395885,9.626400958786126],[123.86178320150033,9.628849013317055]]],[[[123.70177282446446,9.549749054331071],[123.70542041795234,9.540616824375169],[123.74158370272362,9.537945788925732],[123.74381324351039,9.553913879402646],[123.74750089006838,9.55616572087403],[123.75147400625055,9.548580739589465],[123.75441698721473,9.552388811830463],[123.75370356648045,9.558930342370276],[123.75391755917147,9.561993747140999],[123.74589565198521,9.576771173544069],[123.72716296357827,9.58531485510671],[123.71419142803798,9.588333616774946],[123.71145359298082,9.57671769409654],[123.71320152128375,9.563737254821847],[123.70177282446446,9.549749054331071]]]]},"properties":{"rank":190,"site_id":"555583091","name":"Island of Panglao; Mangrove areas from the west of Loboc River to the municipality of Laya Mangrove Swamp Forest Reserve","desig":"Protected Seascape","iucn_cat":"V","status_yr":"2018","loss_ha":0.4,"forest2000_ha":132.7,"area_ha":2446.4,"rep_area_ha":2445.0,"pct_of_forest2000":0.28,"pct_of_pa":0.015,"lon":123.7333,"lat":9.5644}},{"type":"Feature","geometry":{"type":"MultiPolygon","coordinates":[[[[124.57168997012222,9.963861316931663],[124.56993306753554,9.958233895835953],[124.5722741038779,9.957475840858269],[124.57168997012222,9.963861316931663]]],[[[124.55314899944516,9.838779061429877],[124.55498170035867,9.833370163171397],[124.55699274282982,9.83665656599942],[124.55314899944516,9.838779061429877]]],[[[124.57885577213911,10.1462652756881],[124.5785168417922,10.14192213100776],[124.58297149110263,10.1433445603002],[124.57885577213911,10.1462652756881]]],[[[124.56031032508224,9.85532678004338],[124.56381966631206,9.851429498397165],[124.5702273374572,9.864053237831486],[124.56423883781397,9.865203653529123],[124.56035941779581,9.858350055258077],[124.56031032508224,9.85532678004338]]]]},"properties":{"rank":191,"site_id":"555715023","name":"Island of Catiil, Colangaman, Lomislis, Tagangdio, Tintinan, and islet of Pamasuan Wilderness Area","desig":"Wilderness Area","iucn_cat":"Not Assigned","status_yr":"1981","loss_ha":0.4,"forest2000_ha":172.7,"area_ha":219.2,"rep_area_ha":219.0,"pct_of_forest2000":0.2,"pct_of_pa":0.161,"lon":124.5658,"lat":9.8923}},{"type":"Feature","geometry":{"type":"MultiPolygon","coordinates":[[[[123.82367579542368,8.127527699054081],[123.82575812042573,8.12908836890414],[123.82306931149465,8.129792936948704],[123.82367579542368,8.127527699054081]]],[[[123.79070514443568,8.099270388993615],[123.79309074098254,8.102066211778931],[123.79127144473159,8.103617975310264],[123.79070514443568,8.099270388993615]]],[[[123.77091570538163,8.074709603459567],[123.77613278337581,8.074602631115276],[123.77281970081839,8.07602952029202],[123.77091570538163,8.074709603459567]]],[[[123.7687574785842,8.068230565148308],[123.76939508939994,8.064926402349942],[123.7715354862963,8.067869356667003],[123.7687574785842,8.068230565148308]]],[[[123.75906781438427,8.060899805946852],[123.76192164136445,8.064676685755973],[123.75795749555897,8.063410307585873],[123.75906781438427,8.060899805946852]]],[[[123.75957616617089,8.053194465469437],[123.75755621230614,8.059026952425052],[123.75571908534042,8.05659673010063],[123.75957616617089,8.053194465469437]]],[[[123.7051662229697,8.052204557165146],[123.72006412487617,8.050915899643922],[123.71135993933514,8.056712724515442],[123.7051662229697,8.052204557165146]]],[[[123.66125299515565,8.03129136153134],[123.6645438334311,8.030609146906183],[123.66790154393824,8.033940052906239],[123.66125299515565,8.03129136153134]]],[[[123.81679986344861,8.127527646295448],[123.81910070103037,8.123483257770408],[123.82151751582794,8.126742873791425],[123.8196715139292,8.128615721961214],[123.81679986344861,8.127527646295448]]],[[[123.78932726047417,8.097348513746145],[123.79070514443568,8.099270388993615],[123.78754368515149,8.099952602084892],[123.7862906109844,8.097919233411826],[123.78932726047417,8.097348513746145]]],[[[123.7862906109844,8.097919233411826],[123.78524726450031,8.09423604015741],[123.78735636003171,8.093237201132593],[123.78749459543866,8.09556931579017],[123.7862906109844,8.097919233411826]]],[[[123.76186367227498,8.070072148902897],[123.7687574785842,8.068230565148308],[123.77091570538163,8.074709603459567],[123.76589917250192,8.074433158013944],[123.76186367227498,8.070072148902897]]],[[[123.67309638456773,8.03918394984181],[123.68174704470196,8.039415825489185],[123.69237309748088,8.045168064812128],[123.69288582176462,8.048334019177116],[123.67309638456773,8.03918394984181]]],[[[123.73217944792037,8.051049640155005],[123.74651099509337,8.048539137632474],[123.74770159617552,8.05498706003236],[123.74404064549208,8.057943407962005],[123.74134734167515,8.05500037892897],[123.73929621083846,8.053546713361381],[123.73217944792037,8.051049640155005]]]]},"properties":{"rank":192,"site_id":"555715032","name":"Barrio Bagumbang to Malautan River Mangrove Swamp Forest Reserve","desig":"Mangrove Swamp Forest Reserve","iucn_cat":"Not Assigned","status_yr":"1981","loss_ha":0.4,"forest2000_ha":315.3,"area_ha":543.4,"rep_area_ha":543.0,"pct_of_forest2000":0.12,"pct_of_pa":0.068,"lon":123.7367,"lat":8.0612}},{"type":"Feature","geometry":{"type":"MultiPolygon","coordinates":[[[[120.54484970206744,17.233199308062847],[120.542294660654,17.23549130748213],[120.54078299077543,17.233025428094766],[120.54484970206744,17.233199308062847]]],[[[120.53640862123274,17.229065698673214],[120.5299473675159,17.237154534641196],[120.52810129761104,17.23262409181055],[120.52216628510999,17.237016339246086],[120.52206367618976,17.242719506179753],[120.51653444441284,17.24778506302126],[120.51798806749574,17.25794283913333],[120.51528585805492,17.259481239212164],[120.51843400825922,17.26588003889257],[120.5179657528461,17.269888796185157],[120.51516549691787,17.26787325635855],[120.51352453281459,17.26563038854531],[120.50652371016169,17.26797139715696],[120.5032462835092,17.265122048167726],[120.50093203686846,17.261643883896365],[120.50442794863004,17.261831181557802],[120.49801577518171,17.245042695882187],[120.5040979375205,17.247785072197882],[120.49736028811083,17.24017338969855],[120.493347069999,17.2371010599844],[120.50716579548649,17.23558942254059],[120.50935525758852,17.230064566600575],[120.51223137358531,17.23147365773488],[120.51545972259201,17.21912195335538],[120.53640862123274,17.229065698673214]],[[120.50859720890398,17.245934473258057],[120.51046113255369,17.2493903350745],[120.50678685307336,17.25205237521359],[120.50699640054711,17.248931046940058],[120.50859720890398,17.245934473258057]]]]},"properties":{"rank":193,"site_id":"306387","name":"Lidlidda Watershed Forest Reserve","desig":"Protected Landscape","iucn_cat":"V","status_yr":"2018","loss_ha":0.3,"forest2000_ha":970.9,"area_ha":1041.1,"rep_area_ha":1042.0,"pct_of_forest2000":0.03,"pct_of_pa":0.025,"lon":120.5137,"lat":17.2429}},{"type":"Feature","geometry":{"type":"MultiPolygon","coordinates":[[[[121.75739077089045,14.026820265576433],[121.75867946144866,14.012466453397796],[121.76906469446529,14.009452070647383],[121.76996986711973,14.006785565325828],[121.77800516994206,14.00411007573472],[121.77701973935785,14.0017645831561],[121.78231710887077,14.006165762555948],[121.78634812222879,14.018361350836566],[121.78064942946698,14.017304575320034],[121.77049608446572,14.025959670379663],[121.76237156208283,14.026771192556824],[121.75739077089045,14.026820265576433]]]]},"properties":{"rank":194,"site_id":"306425","name":"Binahaan River Watershed Forest Reserve","desig":"Watershed Forest Reserve","iucn_cat":"Not Assigned","status_yr":"1991","loss_ha":0.3,"forest2000_ha":470.5,"area_ha":476.4,"rep_area_ha":476.0,"pct_of_forest2000":0.07,"pct_of_pa":0.069,"lon":121.7709,"lat":14.0159}},{"type":"Feature","geometry":{"type":"Polygon","coordinates":[[[121.94352704976716,14.752284794912953],[121.95726103075584,14.747660750058628],[121.95460345367407,14.74187282609269],[121.96400323404343,14.746835755635551],[121.95344852756847,14.753702770321244],[121.9460999205017,14.756636853735795],[121.94352704976716,14.752284794912953]]]},"properties":{"rank":195,"site_id":"317298","name":"Polilio Watershed Forest Reserve","desig":"Watershed Forest Reserve","iucn_cat":"Not Assigned","status_yr":"1966","loss_ha":0.3,"forest2000_ha":125.8,"area_ha":126.0,"rep_area_ha":126.0,"pct_of_forest2000":0.28,"pct_of_pa":0.275,"lon":121.9536,"lat":14.7502}},{"type":"Feature","geometry":{"type":"Polygon","coordinates":[[[124.29293373758397,7.002710540433433],[124.296090746359,6.9985635742690535],[124.29828016164844,6.999143272241606],[124.29964019250302,7.004320285555775],[124.29293373758397,7.002710540433433]]]},"properties":{"rank":196,"site_id":"555715049","name":"Mado Hot Spring National Park","desig":"National Park","iucn_cat":"Not Assigned","status_yr":"1939","loss_ha":0.3,"forest2000_ha":11.0,"area_ha":48.8,"rep_area_ha":49.0,"pct_of_forest2000":2.43,"pct_of_pa":0.546,"lon":124.2967,"lat":7.0016}},{"type":"Feature","geometry":{"type":"Polygon","coordinates":[[[119.89992541346778,15.477686891107396],[119.90568657811993,15.486712146349877],[119.92386187869988,15.47462796737066],[119.94548409385405,15.478440486135595],[119.94943043846227,15.486774524047977],[119.9463090010181,15.495924609244796],[119.95628849124786,15.50428544698403],[119.96200952084341,15.50535560057244],[119.95909773251827,15.50768771029606],[119.96734707899624,15.505542930580225],[119.9639224764817,15.512713182113439],[119.96193373608608,15.51690915734711],[119.96672282637826,15.514675119969112],[119.96577303234955,15.521056132294515],[119.9575236787408,15.522674794644217],[119.94731231222978,15.539284932297614],[119.94500700600338,15.547556520451241],[119.93708756293655,15.55445482725398],[119.95173125838096,15.563185742185304],[119.94779839184405,15.573004669061765],[119.92575260117478,15.569927884754465],[119.92156994385628,15.562704164535521],[119.91535396617948,15.56527701490044],[119.91508637821673,15.570699272152016],[119.90591402587246,15.57284860244822],[119.86100640034128,15.477530869376162],[119.89992541346778,15.477686891107396]],[[119.906475891695,15.492758702806773],[119.90341243289265,15.491603793275257],[119.90568657811993,15.486712146349877],[119.906475891695,15.492758702806773]]]},"properties":{"rank":197,"site_id":"101392","name":"Masinloc and Oyon Bay Protected Landscape and Seascape","desig":"Protected Landscape and Seascape","iucn_cat":"V","status_yr":"2018","loss_ha":0.2,"forest2000_ha":504.9,"area_ha":7543.1,"rep_area_ha":7558.0,"pct_of_forest2000":0.04,"pct_of_pa":0.003,"lon":119.9166,"lat":15.5185}},{"type":"Feature","geometry":{"type":"MultiPolygon","coordinates":[[[[123.63880144205419,8.62259043460309],[123.6365406353642,8.621881437402795],[123.63947032654173,8.619950658660839],[123.63880144205419,8.62259043460309]]],[[[123.62861240219333,8.64408335507583],[123.63523414860958,8.639499384379388],[123.63906896227516,8.626679444101807],[123.64066536101599,8.641599630811024],[123.64723359716203,8.651819877183922],[123.64249800227438,8.65519989194204],[123.6374235386929,8.657349162878901],[123.62861240219333,8.64408335507583]]]]},"properties":{"rank":198,"site_id":"305421","name":"Baliangao Protected Landscape & Seascape","desig":"Protected Landscape and Seascape","iucn_cat":"V","status_yr":"2018","loss_ha":0.2,"forest2000_ha":111.8,"area_ha":315.6,"rep_area_ha":316.0,"pct_of_forest2000":0.2,"pct_of_pa":0.069,"lon":123.638,"lat":8.6456}},{"type":"Feature","geometry":{"type":"Polygon","coordinates":[[[120.43128081207914,16.549222259602338],[120.43460737229096,16.547817678505847],[120.44194703919713,16.549387261849542],[120.44140299358698,16.555902028521686],[120.43974420727685,16.552838632383327],[120.43488384918386,16.55422533424973],[120.43128081207914,16.549222259602338]]]},"properties":{"rank":199,"site_id":"306396","name":"Naguilian Watershed Reservation","desig":"Watershed Reservation","iucn_cat":"Not Assigned","status_yr":"1936","loss_ha":0.2,"forest2000_ha":76.6,"area_ha":86.7,"rep_area_ha":87.0,"pct_of_forest2000":0.32,"pct_of_pa":0.279,"lon":120.4371,"lat":16.551}},{"type":"Feature","geometry":null,"properties":{"rank":200,"site_id":"62059","name":"Hinulugan Taktak National Park","desig":"Protected Landscape","iucn_cat":"V","status_yr":"2018","loss_ha":0.2,"forest2000_ha":3.3,"area_ha":3.6,"rep_area_ha":4.0,"pct_of_forest2000":6.71,"pct_of_pa":6.178,"lon":121.1659,"lat":14.5953}},{"type":"Feature","geometry":{"type":"Polygon","coordinates":[[[122.48590081168201,10.399934667285615],[122.51924602439753,10.399983655140597],[122.51756493618142,10.409040129315356],[122.51448370516539,10.410110326471019],[122.51450149055954,10.416963923336326],[122.51512579050315,10.42264931550234],[122.51237007073668,10.422832111953836],[122.50902128695328,10.424816425874596],[122.51129540831933,10.432793721945936],[122.48584735448489,10.432816077398202],[122.48590081168201,10.399934667285615]]]},"properties":{"rank":201,"site_id":"64413","name":"Taklong Island National Marine Reserve","desig":"Resource Reserve","iucn_cat":"Ib","status_yr":"1990","loss_ha":0.1,"forest2000_ha":133.1,"area_ha":1144.2,"rep_area_ha":1144.0,"pct_of_forest2000":0.05,"pct_of_pa":0.006,"lon":122.5003,"lat":10.4154}},{"type":"Feature","geometry":{"type":"Polygon","coordinates":[[[124.29372744977064,8.0277374550885],[124.29657678865347,8.017392355632465],[124.30312271927845,8.019037787196769],[124.30117410070706,8.023831322994333],[124.29796354131837,8.027996080793717],[124.29372744977064,8.0277374550885]]]},"properties":{"rank":202,"site_id":"7223","name":"Sacred Mountain National Park","desig":"National Park","iucn_cat":"Not Assigned","status_yr":"1965","loss_ha":0.1,"forest2000_ha":84.4,"area_ha":89.6,"rep_area_ha":90.0,"pct_of_forest2000":0.11,"pct_of_pa":0.103,"lon":124.2981,"lat":8.0227}},{"type":"Feature","geometry":{"type":"Polygon","coordinates":[[[123.26056264037955,9.066083701361965],[123.26834377819937,9.060251227632735],[123.28500745737945,9.076361962750886],[123.28167644104936,9.08692109506112],[123.27055991743205,9.092200680499086],[123.26250678343418,9.088588811207067],[123.25889492786517,9.075532539157821],[123.26056264037955,9.066083701361965]]]},"properties":{"rank":203,"site_id":"101399","name":"Apo Island Protected Landscape & Seascape","desig":"Protected Landscape and Seascape","iucn_cat":"V","status_yr":"2018","loss_ha":0.0,"forest2000_ha":49.7,"area_ha":691.9,"rep_area_ha":691.0,"pct_of_forest2000":0.0,"pct_of_pa":0.0,"lon":123.2708,"lat":9.0773}},{"type":"Feature","geometry":{"type":"Polygon","coordinates":[[[122.71494260810572,13.313992851671504],[122.72388752627626,13.314438741710859],[122.72791851918038,13.324743732590317],[122.72561324325083,13.373182948504205],[122.71653000460516,13.369183155861586],[122.71061277304244,13.348546414302483],[122.70933301215497,13.321823041156202],[122.71494260810572,13.313992851671504]]]},"properties":{"rank":204,"site_id":"13185","name":"Island of Alibijaban Wildeness Area","desig":"Wilderness Area","iucn_cat":"Not Assigned","status_yr":"1981","loss_ha":0.0,"forest2000_ha":202.1,"area_ha":1073.1,"rep_area_ha":1072.0,"pct_of_forest2000":0.0,"pct_of_pa":0.0,"lon":122.7191,"lat":13.3409}},{"type":"Feature","geometry":{"type":"Polygon","coordinates":[[[123.10205942623682,13.038130586756523],[123.10345067120393,13.036275564255984],[123.10692878361291,13.03763556320678],[123.10565792760919,13.040146073705753],[123.10205942623682,13.038130586756523]]]},"properties":{"rank":205,"site_id":"13187","name":"Island of Dampalit Wilderness Area","desig":"Wilderness Area","iucn_cat":"Not Assigned","status_yr":"1981","loss_ha":0.0,"forest2000_ha":9.7,"area_ha":16.5,"rep_area_ha":17.0,"pct_of_forest2000":0.0,"pct_of_pa":0.0,"lon":123.1046,"lat":13.0381}},{"type":"Feature","geometry":{"type":"MultiPolygon","coordinates":[[[[119.9352281465563,15.646276595012948],[119.9362939256128,15.643957871763826],[119.93826036232942,15.646967718333435],[119.9352281465563,15.646276595012948]]],[[[119.9362939256128,15.643957871763826],[119.93291390021754,15.642762854701067],[119.93513002175423,15.639440780725618],[119.9362939256128,15.643957871763826]]],[[[119.93141561085888,15.645268852919449],[119.93291390021754,15.642762854701067],[119.9352281465563,15.646276595012948],[119.93141561085888,15.645268852919449]]]]},"properties":{"rank":206,"site_id":"18474","name":"Lake Malimanga Bird and Fish Sanctuary","desig":"Bird and Fish Sanctuary","iucn_cat":"Not Assigned","status_yr":"1980","loss_ha":0.0,"forest2000_ha":13.4,"area_ha":22.8,"rep_area_ha":23.0,"pct_of_forest2000":0.0,"pct_of_pa":0.0,"lon":119.9347,"lat":15.6438}},{"type":"Feature","geometry":{"type":"Polygon","coordinates":[[[124.27037512153446,10.17873198781171],[124.29076656646794,10.18153675383772],[124.30125435473553,10.172083500478475],[124.31145679029635,10.181130993165663],[124.35252070122704,10.197509277501446],[124.36292821037361,10.203836765111195],[124.36623685932459,10.217985492048259],[124.35684156598997,10.23249094363543],[124.34874382701877,10.258019247257396],[124.33812228588523,10.266005517046814],[124.32680061260477,10.266540596100258],[124.30038486162262,10.237043642746425],[124.2963315219576,10.226274953114691],[124.26186713802485,10.193286490317183],[124.27037512153446,10.17873198781171]]]},"properties":{"rank":207,"site_id":"198473","name":"Island of Banaon, Basaan, Saac, Tambu, Bambanon Wilderness Area","desig":"Protected Landscape and Seascape","iucn_cat":"V","status_yr":"2018","loss_ha":0.0,"forest2000_ha":157.7,"area_ha":6447.9,"rep_area_ha":6446.0,"pct_of_forest2000":0.0,"pct_of_pa":0.0,"lon":124.3191,"lat":10.2162}},{"type":"Feature","geometry":{"type":"Polygon","coordinates":[[[120.53010794754105,17.83960586349719],[120.53670288574453,17.836645018405772],[120.54005613556275,17.838812161114053],[120.5348791375448,17.84362348240592],[120.53010794754105,17.83960586349719]]]},"properties":{"rank":208,"site_id":"306389","name":"Libunao Spring Watershed Forest Reserve","desig":"Protected Landscape","iucn_cat":"V","status_yr":"2018","loss_ha":0.0,"forest2000_ha":45.2,"area_ha":47.1,"rep_area_ha":47.0,"pct_of_forest2000":0.0,"pct_of_pa":0.0,"lon":120.5352,"lat":17.8399}},{"type":"Feature","geometry":{"type":"Polygon","coordinates":[[[120.53518684527793,17.47454373675976],[120.53944083071703,17.470494855293573],[120.54785070569118,17.479881259523946],[120.54626769322446,17.482128623336134],[120.54307051539404,17.48957980318386],[120.53518684527793,17.47454373675976]]]},"properties":{"rank":209,"site_id":"306390","name":"Bigbiga Spring Watershed Forest Reserve","desig":"Protected Landscape","iucn_cat":"V","status_yr":"2018","loss_ha":0.0,"forest2000_ha":131.6,"area_ha":142.7,"rep_area_ha":143.0,"pct_of_forest2000":0.0,"pct_of_pa":0.0,"lon":120.5415,"lat":17.4791}},{"type":"Feature","geometry":{"type":"Polygon","coordinates":[[[120.55409789235502,17.146906813727316],[120.56365823030161,17.140302868289268],[120.56698468714755,17.142782121447162],[120.57076603504412,17.143883545028398],[120.57314267910347,17.157688935740993],[120.56462584321561,17.157180529749304],[120.56640051290425,17.14918984362642],[120.55623376464924,17.147972495445476],[120.55409789235502,17.146906813727316]]]},"properties":{"rank":210,"site_id":"306391","name":"Sta Lucia Protected Landscape","desig":"Protected Landscape","iucn_cat":"V","status_yr":"2018","loss_ha":0.0,"forest2000_ha":123.6,"area_ha":196.1,"rep_area_ha":196.0,"pct_of_forest2000":0.0,"pct_of_pa":0.0,"lon":120.5658,"lat":17.1487}},{"type":"Feature","geometry":null,"properties":{"rank":211,"site_id":"306395","name":"Santa Watershed Forest Reserve","desig":"Watershed Forest Reserve","iucn_cat":"Not Assigned","status_yr":"1935","loss_ha":0.0,"forest2000_ha":27.0,"area_ha":27.2,"rep_area_ha":27.0,"pct_of_forest2000":0.0,"pct_of_pa":0.0,"lon":120.4422,"lat":17.4739}},{"type":"Feature","geometry":{"type":"Polygon","coordinates":[[[122.41466225998607,13.89911609799485],[122.42448119774002,13.897519699444283],[122.43611496381219,13.904556213004543],[122.42847211198182,13.909073261964028],[122.41727978256904,13.905381089993108],[122.41466225998607,13.89911609799485]]]},"properties":{"rank":212,"site_id":"306415","name":"Maulawin Spring Watershed Forest Reserve","desig":"Protected Landscape","iucn_cat":"V","status_yr":"2018","loss_ha":0.0,"forest2000_ha":177.9,"area_ha":183.2,"rep_area_ha":183.0,"pct_of_forest2000":0.0,"pct_of_pa":0.0,"lon":122.4247,"lat":13.9031}},{"type":"Feature","geometry":null,"properties":{"rank":213,"site_id":"306440","name":"Islands of Guinauyan, Naro, Chico, and Pobre Wilderness Area","desig":"Wildlife Sanctuary","iucn_cat":"IV","status_yr":"2000","loss_ha":0.0,"forest2000_ha":2.0,"area_ha":7.8,"rep_area_ha":8.0,"pct_of_forest2000":0.0,"pct_of_pa":0.0,"lon":123.6068,"lat":11.9073}},{"type":"Feature","geometry":{"type":"MultiPolygon","coordinates":[[[[123.65962093147927,11.902963812893216],[123.66275574196615,11.901421005083195],[123.66147598931494,11.904413006158396],[123.65962093147927,11.902963812893216]]],[[[123.65752073003827,11.900457789784468],[123.65923305189804,11.88073517509242],[123.66179703853005,11.879370730060792],[123.65917058137359,11.898321876657251],[123.65752073003827,11.900457789784468]]]]},"properties":{"rank":214,"site_id":"306443","name":"Islands of Guinauyan, Naro, Chico, and Pobre Wilderness Area","desig":"Wildlife Sanctuary","iucn_cat":"IV","status_yr":"2000","loss_ha":0.0,"forest2000_ha":43.4,"area_ha":110.0,"rep_area_ha":110.0,"pct_of_forest2000":0.0,"pct_of_pa":0.0,"lon":123.6597,"lat":11.8902}},{"type":"Feature","geometry":{"type":"MultiPolygon","coordinates":[[[[123.97300211613651,9.612105149257221],[123.97387161947204,9.614517493051357],[123.9706789205793,9.613260043740858],[123.97300211613651,9.612105149257221]]],[[[124.00860357142138,9.603093280821076],[124.01124785396277,9.603418771855562],[124.01297354241036,9.607748570609404],[124.02397856557748,9.607052953618254],[124.02433533757348,9.611124108685594],[124.02051830632648,9.611422857974205],[124.02328295392802,9.624385463300294],[124.0218382443181,9.626285061224827],[124.01430676699748,9.620836012691978],[124.00496494336126,9.60781543099302],[124.00184356240864,9.609478740590799],[124.00110339745504,9.606615987679193],[124.00860357142138,9.603093280821076]]],[[[123.93741403989739,9.611150881628994],[123.96557770307675,9.598741216986252],[123.97666302403798,9.60101978255309],[123.98773501190367,9.59517392495678],[123.99269800197042,9.595334408282358],[123.99690292215688,9.600319705608397],[123.99723735168891,9.59305139750881],[124.00501850866365,9.592467204112845],[124.00534848723844,9.59566443507663],[124.02008135478208,9.593564176764918],[124.02954802777033,9.588485249704291],[124.05677084311222,9.586193293996782],[124.05760020496761,9.589256674982208],[124.03653538529996,9.597456962899114],[124.03484983613008,9.601733272400148],[124.02570426820135,9.595365631261364],[124.00845648510077,9.60049363483935],[124.00860357142138,9.603093280821076],[124.00537518475713,9.601546001359575],[124.00288258913348,9.600694264238943],[123.99681823042596,9.604609358699687],[123.98244203255322,9.600609528424734],[123.97710001318302,9.607931366079185],[123.97300211613651,9.612105149257221],[123.97376462244172,9.60839514177872],[123.96590323070258,9.604288289686183],[123.93927793810009,9.613870920795952],[123.93741403989739,9.611150881628994]]]]},"properties":{"rank":215,"site_id":"306473","name":"Mangrove areas from Agio Point up to the Municipality of Cambuyao; Mangrove aras from Bo. Biabas to Bo. Ondol including Bo. Condary, and Juagdan except the Island of Tintiman Mangrove Wilderness area","desig":"Protected Landscape","iucn_cat":"Not Assigned","status_yr":"2018","loss_ha":0.0,"forest2000_ha":472.4,"area_ha":1165.9,"rep_area_ha":1166.0,"pct_of_forest2000":0.0,"pct_of_pa":0.001,"lon":124.0047,"lat":9.6019}},{"type":"Feature","geometry":{"type":"Polygon","coordinates":[[[124.58475955497923,10.547299038847768],[124.65709955602145,10.454884171162352],[124.71441244396453,10.494940233808506],[124.68277061839096,10.589852228379614],[124.58475955497923,10.547299038847768]]]},"properties":{"rank":216,"site_id":"306495","name":"Cuatro Islas Protected Landscape & Seascape","desig":"Protected Landscape and Seascape","iucn_cat":"V","status_yr":"2018","loss_ha":0.0,"forest2000_ha":96.4,"area_ha":11406.9,"rep_area_ha":11407.0,"pct_of_forest2000":0.0,"pct_of_pa":0.0,"lon":124.6569,"lat":10.5245}},{"type":"Feature","geometry":{"type":"Polygon","coordinates":[[[122.03032343179493,6.8816459056268915],[122.05252526699861,6.854048534037602],[122.07510168681723,6.850566023594458],[122.08568311966334,6.8578254330052655],[122.07942254882079,6.875701923093483],[122.06635739890747,6.881837647335225],[122.06215246169639,6.890082535526934],[122.0456225460655,6.893640927022646],[122.03006029157939,6.891634305431521],[122.03032343179493,6.8816459056268915]]]},"properties":{"rank":217,"site_id":"306508","name":"Sta. Cruz Island National Park","desig":"Protected Landscape and Seascape","iucn_cat":"V","status_yr":"2018","loss_ha":0.0,"forest2000_ha":166.5,"area_ha":1828.0,"rep_area_ha":1827.0,"pct_of_forest2000":0.0,"pct_of_pa":0.0,"lon":122.0576,"lat":6.8723}},{"type":"Feature","geometry":{"type":"Polygon","coordinates":[[[123.207222836673,8.739592804434345],[123.21712655926986,8.72900693648221],[123.23112366000734,8.7340724623474],[123.23958706178541,8.74303521317164],[123.2373886469654,8.759921861657729],[123.22266475350324,8.761727773801939],[123.21813430645872,8.76894263684703],[123.20339696175351,8.763707601964997],[123.207222836673,8.739592804434345]]]},"properties":{"rank":218,"site_id":"306511","name":"Aliguay Island Protected Landscape & Seascape","desig":"Protected Landscape and Seascape","iucn_cat":"V","status_yr":"2018","loss_ha":0.0,"forest2000_ha":27.3,"area_ha":1189.1,"rep_area_ha":1188.0,"pct_of_forest2000":0.0,"pct_of_pa":0.0,"lon":123.2209,"lat":8.749}},{"type":"Feature","geometry":{"type":"MultiPolygon","coordinates":[[[[123.00956875093775,7.526614754973115],[123.16756806627046,7.4700956424564495],[123.16178020646811,7.485238765787672],[123.16558377408766,7.493595105090346],[123.15667000540535,7.496707581440478],[123.1367378694704,7.50152338227429],[123.11628846051704,7.514499410387315],[123.11363522613581,7.526003890168313],[123.11620366523309,7.52761803717046],[123.10644270844637,7.534253242623802],[123.10893091080644,7.535894168729512],[123.10267479361023,7.540803652000379],[123.1057649630534,7.54328733637802],[123.10510498082613,7.5530527558702465],[123.10364689284798,7.55950065916016],[123.1296434073684,7.56593065135098],[123.13243479548747,7.569243742602612],[123.12598253490323,7.581171832882979],[123.1300759923278,7.580641212541435],[123.11447358519881,7.592796720655269],[123.09747104577109,7.602704873622841],[123.11089291481683,7.605585428613656],[123.12625002520205,7.602490828450827],[123.13448600209459,7.589853771129092],[123.13133786637411,7.583441578380293],[123.13856606332175,7.57610190196615],[123.1387533770495,7.579169762920678],[123.14747984479813,7.577065034739134],[123.16240000443057,7.5824649847963626],[123.17433256076515,7.574255830773216],[123.19709626380639,7.591369803866109],[123.1929715548168,7.597113176697263],[123.18963619168323,7.611761305489071],[123.17432810049218,7.626503089633899],[123.17824765865872,7.629579892071049],[123.17466253462942,7.635452503419064],[123.17753421244565,7.639135752240862],[123.16901731535005,7.644789849518564],[123.16423715695656,7.6379317539066065],[123.15411943790264,7.64336737905729],[123.1504853009809,7.648704977233031],[123.13975223456404,7.643429810754182],[123.14108099707556,7.655255369006968],[123.13160542793153,7.654952138340054],[123.13242140895852,7.658809257617262],[123.12810055415785,7.662849220247217],[123.12719983730477,7.673163132138534],[123.1346867098149,7.680061355359078],[123.14032300573126,7.6856173649813675],[123.14563379879192,7.689059840649676],[123.13999300224033,7.71030298857205],[123.10897545737379,7.717067454957194],[123.10375830811344,7.70351624065445],[123.09792583313224,7.705950913945057],[123.0915225638019,7.702437099638606],[123.08556522417076,7.694990437207294],[123.08721511175538,7.689180243825233],[123.0832375806838,7.690094324753043],[123.08469571254098,7.677492912593487],[123.08102587365434,7.676306806221719],[123.0796434994334,7.679891904583249],[123.07190696410257,7.683873904285729],[123.06895509650235,7.67963324974349],[123.06300661573539,7.680707930221038],[123.06029991032916,7.676155174223317],[123.06118732627546,7.6613019500150825],[123.04730171345342,7.662697588181168],[123.03977025132035,7.655790472301586],[123.04182140729569,7.650943449425549],[123.03891854660853,7.649213296323646],[123.04677549421635,7.649587890727533],[123.04983889780492,7.654840669801404],[123.05438715048098,7.650591181262754],[123.04896048387099,7.64533833910054],[123.04955350860165,7.639162472820341],[123.05574720581059,7.63787379874411],[123.05827996603921,7.6279701378630405],[123.05611287261344,7.624117503634553],[123.05176969778633,7.621004994880612],[123.02663818965019,7.628170782203667],[123.03041501319635,7.6209426214547005],[123.02794021225249,7.617607205279677],[123.03443718476457,7.608720160889657],[123.0299334583594,7.596413046731925],[123.03578377053155,7.585858373534958],[123.03343829269951,7.583503971133543],[123.03587301544395,7.578946775301985],[123.0301921032473,7.575758497695682],[123.03397789666117,7.570742059459311],[123.0260317988178,7.556178614592247],[123.02410092747512,7.540999828414111],[123.01996296193929,7.541494788969241],[123.01347492294941,7.528175480977074],[123.00956875093775,7.526614754973115]]]]},"properties":{"rank":219,"site_id":"306513","name":"Dumanquillas Bay Protected Landscape and Seascape","desig":"Protected Landscape and Seascape","iucn_cat":"V","status_yr":"2018","loss_ha":0.0,"forest2000_ha":272.4,"area_ha":26132.9,"rep_area_ha":26112.0,"pct_of_forest2000":0.01,"pct_of_pa":0.0,"lon":123.0987,"lat":7.5962}},{"type":"Feature","geometry":{"type":"Polygon","coordinates":[[[122.43755526975869,8.120138922234839],[122.43949943539832,8.11760173070586],[122.44651358014863,8.11274578540126],[122.4523505670502,8.116081143613242],[122.44058304455564,8.121151181192404],[122.43755526975869,8.120138922234839]]]},"properties":{"rank":220,"site_id":"306517","name":"Murcielagos Island Protected Landscape and Seascape","desig":"Protected Landscape and Seascape","iucn_cat":"V","status_yr":"2018","loss_ha":0.0,"forest2000_ha":5.3,"area_ha":100.5,"rep_area_ha":100.0,"pct_of_forest2000":0.0,"pct_of_pa":0.0,"lon":122.4446,"lat":8.1171}},{"type":"Feature","geometry":{"type":"Polygon","coordinates":[[[125.39512985520534,7.1798661501508825],[125.39574521613608,7.174176313063834],[125.41310895180156,7.17965656019805],[125.41549011275765,7.182920646422613],[125.41194063770243,7.191754113809627],[125.39512985520534,7.1798661501508825]]]},"properties":{"rank":221,"site_id":"306530","name":"Malagos Watershed Reservation","desig":"Watershed Reservation","iucn_cat":"Not Assigned","status_yr":"1933","loss_ha":0.0,"forest2000_ha":233.0,"area_ha":235.1,"rep_area_ha":235.0,"pct_of_forest2000":0.0,"pct_of_pa":0.0,"lon":125.4058,"lat":7.1822}},{"type":"Feature","geometry":{"type":"Polygon","coordinates":[[[120.28833549122845,16.307271406978693],[120.30406713858585,16.270885186952878],[120.32390568947987,16.23820889971082],[120.37161807351339,16.20478349411591],[120.41618230186533,16.20733407508675],[120.39385118917886,16.256901432631565],[120.37441397822866,16.271081348069377],[120.3659193919073,16.265788426130875],[120.37328582574378,16.253227118550775],[120.37044530420748,16.247987716768804],[120.35541816141243,16.27000225068918],[120.34118913928951,16.304377515960002],[120.34394487967208,16.354751963254067],[120.33865644589787,16.36239929242534],[120.29019044560607,16.356927990939134],[120.28833549122845,16.307271406978693]]]},"properties":{"rank":222,"site_id":"5208","name":"Agoo-Damortis National Park","desig":"Protected Landscape and Seascape","iucn_cat":"V","status_yr":"2018","loss_ha":0.0,"forest2000_ha":20.5,"area_ha":10761.6,"rep_area_ha":10775.0,"pct_of_forest2000":0.0,"pct_of_pa":0.0,"lon":120.3404,"lat":16.2789}},{"type":"Feature","geometry":{"type":"Polygon","coordinates":[[[120.39752544293763,12.653631197947451],[120.50057978691578,12.595025209045687],[120.53210780195727,12.640022044950776],[120.56363592365449,12.685018837325453],[120.45752709333613,12.745016024579316],[120.39752544293763,12.653631197947451]]]},"properties":{"rank":223,"site_id":"5218","name":"Apo Reef Natural Park","desig":"Natural Park","iucn_cat":"II","status_yr":"2018","loss_ha":0.0,"forest2000_ha":11.8,"area_ha":15782.1,"rep_area_ha":15772.0,"pct_of_forest2000":0.0,"pct_of_pa":0.0,"lon":120.48,"lat":12.6699}},{"type":"Feature","geometry":{"type":"Polygon","coordinates":[[[119.8462245443242,8.691372072289024],[120.05983324343242,8.890247994268853],[120.0548302099516,8.968023637926096],[119.80760419248404,9.100227106092325],[119.77094146905941,9.07995155954586],[119.76427960616546,8.718033056136202],[119.8462245443242,8.691372072289024]]]},"properties":{"rank":224,"site_id":"555549230","name":"Tubbataha Reefs National Marine Park","desig":"Natural Park","iucn_cat":"II","status_yr":"2010","loss_ha":0.0,"forest2000_ha":0.0,"area_ha":96825.3,"rep_area_ha":97030.4,"pct_of_forest2000":null,"pct_of_pa":0.0,"lon":119.8824,"lat":8.8989}},{"type":"Feature","geometry":{"type":"Polygon","coordinates":[[[124.01362009330535,10.044758317506863],[124.01980039553342,10.04240835767937],[124.02047818168052,10.046457213319693],[124.01362009330535,10.044758317506863]]]},"properties":{"rank":225,"site_id":"555583096","name":"Island of Budlanan, Bugatusan, Panga, Silo, Cabgan, Canconstino, tabaon, Maagpit, and Islet of Basihan, Bugatusan, Hayaan, Inanoran , and Poom Point East of Basihan Islet (Getafe Group of Island) (Clarin Group of Island) Wilderness Area","desig":"Wilderness Area","iucn_cat":"Not Assigned","status_yr":"1981","loss_ha":0.0,"forest2000_ha":2.3,"area_ha":38.3,"rep_area_ha":38.0,"pct_of_forest2000":0.0,"pct_of_pa":0.0,"lon":124.018,"lat":10.0445}},{"type":"Feature","geometry":{"type":"MultiPolygon","coordinates":[[[[121.04108968367088,14.652182434387278],[121.04444295135872,14.648735588787074],[121.04637818289271,14.65151361632568],[121.04108968367088,14.652182434387278]]]]},"properties":{"rank":226,"site_id":"555583101","name":"Quezon Memorial National Park","desig":"Parks and Wildlife Center","iucn_cat":"Not Assigned","status_yr":"2018","loss_ha":0.0,"forest2000_ha":10.3,"area_ha":23.8,"rep_area_ha":24.0,"pct_of_forest2000":0.0,"pct_of_pa":0.0,"lon":121.044,"lat":14.6508}},{"type":"Feature","geometry":{"type":"Polygon","coordinates":[[[124.01704915943458,10.240762572442037],[124.0284332275303,10.222404461470246],[124.02400083730357,10.211426116894222],[124.03358796996922,10.208625803995636],[124.05186581185393,10.219925185501342],[124.05223139753497,10.229547921558668],[124.05687332409539,10.237431580861093],[124.05465721081,10.240227433012796],[124.05168293348163,10.237667948487784],[124.04852592912947,10.246131346301404],[124.05121026936834,10.248762178921012],[124.05111670503746,10.255326002506923],[124.03500146968557,10.254567915758722],[124.02461177753102,10.246046608636881],[124.01704915943458,10.240762572442037]],[[124.04285844526297,10.217267576204025],[124.03900130852628,10.224250470994559],[124.03497027603194,10.21682161263715],[124.04285844526297,10.217267576204025]]]},"properties":{"rank":227,"site_id":"555583102","name":"Olango Island Wildlife Sanctuary","desig":"Wildlife Sanctuary","iucn_cat":"IV","status_yr":"2018","loss_ha":0.0,"forest2000_ha":7.8,"area_ha":1382.9,"rep_area_ha":1382.0,"pct_of_forest2000":0.0,"pct_of_pa":0.0,"lon":124.0376,"lat":10.2337}},{"type":"Feature","geometry":{"type":"Polygon","coordinates":[[[118.41602132541021,9.208806179290963],[118.42245134290324,9.198768750378463],[118.43216333103452,9.200400795532536],[118.43703711656578,9.205381603978093],[118.4532994456986,9.208690238708678],[118.45979637510003,9.215329839947714],[118.45827135193542,9.238677734604416],[118.44374358594949,9.252072859924342],[118.43402719226145,9.253780649308819],[118.42585811694467,9.23713036130404],[118.42581800724435,9.227119709259009],[118.41602132541021,9.208806179290963]]]},"properties":{"rank":228,"site_id":"555715014","name":"Rasa Island Wildlife Sanctuary","desig":"Wildlife Sanctuary","iucn_cat":"IV","status_yr":"2006","loss_ha":0.0,"forest2000_ha":877.2,"area_ha":1984.0,"rep_area_ha":1995.0,"pct_of_forest2000":0.0,"pct_of_pa":0.0,"lon":118.4393,"lat":9.2251}},{"type":"Feature","geometry":{"type":"Polygon","coordinates":[[[120.97927765401876,14.580199163854685],[120.98170337569128,14.584738555493846],[120.97935345308464,14.585072992079176],[120.97927765401876,14.580199163854685]]]},"properties":{"rank":229,"site_id":"555715017","name":"Luneta National Park","desig":"National Park","iucn_cat":"Not Assigned","status_yr":"1955","loss_ha":0.0,"forest2000_ha":0.7,"area_ha":16.0,"rep_area_ha":16.0,"pct_of_forest2000":0.0,"pct_of_pa":0.0,"lon":120.9801,"lat":14.5833}},{"type":"Feature","geometry":{"type":"MultiPolygon","coordinates":[[[[123.61893615676782,11.958640123346829],[123.62232059498314,11.951037373226379],[123.62541524198988,11.950983843389455],[123.61893615676782,11.958640123346829]]],[[[123.90421600884355,11.815302337213115],[123.9087241618612,11.808444300322392],[123.9186591080927,11.813389416509047],[123.91100279536612,11.818579827320098],[123.90421600884355,11.815302337213115]]]]},"properties":{"rank":230,"site_id":"555715018","name":"Islands of Guinauyan, Naro, Chico, and Pobre Wilderness Area","desig":"Wilderness Area","iucn_cat":"Not Assigned","status_yr":"1981","loss_ha":0.0,"forest2000_ha":61.2,"area_ha":151.0,"rep_area_ha":151.0,"pct_of_forest2000":0.0,"pct_of_pa":0.0,"lon":123.8722,"lat":11.8325}},{"type":"Feature","geometry":{"type":"Polygon","coordinates":[[[120.98632746471124,14.562880056868806],[120.99347987372218,14.525775827766202],[121.00293315210128,14.525445861478115],[121.00141255606238,14.539371621831602],[120.99560688194016,14.565675904418363],[120.98632746471124,14.562880056868806]]]},"properties":{"rank":231,"site_id":"555715019","name":"Manila Bay Beach Resort National Park","desig":"National Park","iucn_cat":"Not Assigned","status_yr":"1954","loss_ha":0.0,"forest2000_ha":0.4,"area_ha":464.5,"rep_area_ha":465.0,"pct_of_forest2000":0.0,"pct_of_pa":0.0,"lon":120.9949,"lat":14.545}},{"type":"Feature","geometry":{"type":"MultiPolygon","coordinates":[[[[123.86579639089838,13.12220247792646],[123.86560913871787,13.124726327014459],[123.86267061777367,13.123147768876114],[123.86579639089838,13.12220247792646]]],[[[123.8525707194824,13.1074249603897],[123.85788599685483,13.105289072471681],[123.8601734657302,13.110421510572039],[123.8525707194824,13.1074249603897]]],[[[123.8601734657302,13.110421510572039],[123.86423126095568,13.116967461702094],[123.86493582817329,13.119968454018036],[123.85912558531729,13.116887178291735],[123.8601734657302,13.110421510572039]]],[[[123.86553778012446,13.126995978697312],[123.870723737276,13.129988060113282],[123.8688241352892,13.133238714593956],[123.8722487379806,13.135998931198328],[123.86830241697146,13.13947257599279],[123.86193929405056,13.132841855253043],[123.86553778012446,13.126995978697312]]]]},"properties":{"rank":232,"site_id":"555715027","name":"Mangrove from Pigbucan Point to Paron Point Magrove Swamp Forest Reserve","desig":"Mangrove Swamp Forest Reserve","iucn_cat":"Not Assigned","status_yr":"1981","loss_ha":0.0,"forest2000_ha":168.8,"area_ha":194.6,"rep_area_ha":195.0,"pct_of_forest2000":0.0,"pct_of_pa":0.0,"lon":123.8643,"lat":13.1252}},{"type":"Feature","geometry":{"type":"MultiPolygon","coordinates":[[[[121.5112572514671,14.266786794784094],[121.51407992154063,14.263174948991562],[121.51486915886414,14.26561853516632],[121.5112572514671,14.266786794784094]]],[[[121.50655296657362,14.270099910668172],[121.50927746357704,14.274510001306645],[121.50684722965488,14.27452778598302],[121.50655296657362,14.270099910668172]]],[[[121.48390517058228,14.266403296143467],[121.49450888205978,14.263348804368423],[121.49193602209799,14.266938421994812],[121.48390517058228,14.266403296143467]]],[[[121.49450888205978,14.263348804368423],[121.49930245904173,14.260325552181165],[121.51022279237478,14.263919602566544],[121.5112572514671,14.266786794784094],[121.50655296657362,14.270099910668172],[121.5049164248516,14.266755594044097],[121.50154541176461,14.266175892719987],[121.49450888205978,14.263348804368423]]]]},"properties":{"rank":233,"site_id":"555715034","name":"Pagsanjan Gorge National Park","desig":"National Park","iucn_cat":"Not Assigned","status_yr":"1939","loss_ha":0.0,"forest2000_ha":165.9,"area_ha":166.4,"rep_area_ha":167.0,"pct_of_forest2000":0.0,"pct_of_pa":0.0,"lon":121.5024,"lat":14.2652}},{"type":"Feature","geometry":{"type":"Polygon","coordinates":[[[119.590949903098,8.602479899308841],[119.88595508768009,8.493882972793362],[120.23316746681263,8.827205194557017],[120.21260650210091,9.078850160398195],[119.79648770085306,9.295772007283793],[119.61121653023545,9.184383703935238],[119.6010832235489,8.893431817546752],[119.590949903098,8.602479899308841]],[[119.76427960616546,8.718033056136202],[119.8462245443242,8.691372072289024],[120.05983324343242,8.890247994268853],[120.0548302099516,8.968023637926096],[119.80760419248404,9.100227106092325],[119.77094146905941,9.07995155954586],[119.76427960616546,8.718033056136202]]]},"properties":{"rank":234,"site_id":"555715044","name":"Tubbataha Reefs","desig":"Natural Park","iucn_cat":"Not Assigned","status_yr":"2010","loss_ha":0.0,"forest2000_ha":0.0,"area_ha":353816.6,"rep_area_ha":354570.2,"pct_of_forest2000":null,"pct_of_pa":0.0,"lon":119.8762,"lat":8.8975}},{"type":"Feature","geometry":{"type":"Polygon","coordinates":[[[120.97253546157856,14.476877356350967],[120.9889003430941,14.500216293916305],[120.98712566937853,14.50238787276701],[120.98214932018296,14.502053447742126],[120.97869795590142,14.492729483845622],[120.97193349785204,14.480770169289208],[120.97253546157856,14.476877356350967]]]},"properties":{"rank":235,"site_id":"555715050","name":"Las Pi\u00f1as-Para\u00f1aque Critical Habitat and Ecotourism Area (LPPCHEA)/Las Pi\u00f1as-Para\u00f1aque","desig":"Wetland Park","iucn_cat":"IV","status_yr":"2018","loss_ha":0.0,"forest2000_ha":39.2,"area_ha":181.5,"rep_area_ha":182.0,"pct_of_forest2000":0.0,"pct_of_pa":0.0,"lon":120.9805,"lat":14.4921}},{"type":"Feature","geometry":{"type":"Polygon","coordinates":[[[123.98804268736363,15.536654088654153],[124.5802915651418,15.536654093180035],[124.5802915651418,16.04651216040122],[123.98804268736363,16.046512115020846],[123.98804268736363,15.536654088654153]]]},"properties":{"rank":236,"site_id":"555715052","name":"Philippine Rise Marine Resource Reserve","desig":"Marine Resource Reserve","iucn_cat":"Ib","status_yr":"2018","loss_ha":0.0,"forest2000_ha":0.0,"area_ha":358007.9,"rep_area_ha":352390.0,"pct_of_forest2000":null,"pct_of_pa":0.0,"lon":124.2842,"lat":15.7917}},{"type":"Feature","geometry":null,"properties":{"rank":237,"site_id":"555715056","name":"Bangan Hill National Park","desig":"National Park","iucn_cat":"II","status_yr":"1995","loss_ha":0.0,"forest2000_ha":7.4,"area_ha":13.1,"rep_area_ha":13.0,"pct_of_forest2000":0.0,"pct_of_pa":0.0,"lon":121.1373,"lat":16.4786}},{"type":"Feature","geometry":{"type":"Polygon","coordinates":[[[125.58230954530292,9.788364478106974],[125.59557981293939,9.797469962914446],[125.57429210705548,9.811257489056768],[125.57289636383108,9.80206279801123],[125.58230954530292,9.788364478106974]]]},"properties":{"rank":238,"site_id":"61483","name":"Island of Rasa Wilderness Area","desig":"Wilderness Area","iucn_cat":"Not Assigned","status_yr":"1981","loss_ha":0.0,"forest2000_ha":30.8,"area_ha":292.7,"rep_area_ha":293.0,"pct_of_forest2000":0.0,"pct_of_pa":0.0,"lon":125.5824,"lat":9.7994}},{"type":"Feature","geometry":{"type":"MultiPolygon","coordinates":[[[[120.55023629804495,18.128305897688872],[120.55086059721766,18.130495275667748],[120.54683404206567,18.129144184123295],[120.55023629804495,18.128305897688872]]],[[[120.52632662077403,18.1180454700416],[120.53282793863337,18.104752942992054],[120.53610539631424,18.109987906220436],[120.53830824040618,18.117051123690683],[120.54358777853876,18.112667799297316],[120.54683843371865,18.108717023280875],[120.5482876709303,18.114103683637452],[120.55013371173129,18.11627966381824],[120.54935342065822,18.119757777175927],[120.54444838591864,18.12110446759757],[120.54867562453907,18.12633942817627],[120.54683404206567,18.129144184123295],[120.5437483413696,18.127093040937158],[120.53977523016476,18.123128900629933],[120.53647994749917,18.129224468717517],[120.52632662077403,18.1180454700416]]]]},"properties":{"rank":239,"site_id":"7205","name":"Paoay Lake National Park","desig":"National Park","iucn_cat":"Not Assigned","status_yr":"1978","loss_ha":0.0,"forest2000_ha":12.5,"area_ha":378.4,"rep_area_ha":379.0,"pct_of_forest2000":0.0,"pct_of_pa":0.0,"lon":120.5383,"lat":18.1183}},{"type":"Feature","geometry":{"type":"MultiPolygon","coordinates":[[[[120.62174239850319,17.588638760542285],[120.62042251422507,17.586636602592275],[120.62274125625805,17.585967738010744],[120.62174239850319,17.588638760542285]]],[[[120.62174239850319,17.588638760542285],[120.62321395312433,17.591969687907568],[120.62400765853046,17.594823456518387],[120.62048053815896,17.594185840936657],[120.62020850136079,17.590627512323234],[120.62174239850319,17.588638760542285]]]]},"properties":{"rank":240,"site_id":"7206","name":"Cassamata Hill National Park","desig":"National Park","iucn_cat":"Not Assigned","status_yr":"1974","loss_ha":0.0,"forest2000_ha":24.1,"area_ha":55.1,"rep_area_ha":55.0,"pct_of_forest2000":0.0,"pct_of_pa":0.0,"lon":120.6218,"lat":17.5914}},{"type":"Feature","geometry":{"type":"Polygon","coordinates":[[[120.25180205922722,15.682738676419477],[120.26790831175178,15.673865019648574],[120.28586514090972,15.683563635661828],[120.27908725826262,15.697043476875642],[120.28480830362479,15.70078464857835],[120.28960633626882,15.703210370958583],[120.28558861085754,15.70374550542451],[120.28553510020083,15.712904457447587],[120.275823258501,15.724516019166114],[120.26835423444702,15.7232406552604],[120.2721578072387,15.735855477800879],[120.2635428369965,15.741233134430578],[120.25989975430053,15.731873478471545],[120.25168162924413,15.732025146992108],[120.25180205922722,15.682738676419477]]]},"properties":{"rank":241,"site_id":"7210","name":"Manleluag Spring Protected Landscape","desig":"Protected Landscape","iucn_cat":"V","status_yr":"2018","loss_ha":0.0,"forest2000_ha":1427.2,"area_ha":1936.2,"rep_area_ha":1939.0,"pct_of_forest2000":0.0,"pct_of_pa":0.0,"lon":120.2669,"lat":15.7046}},{"type":"Feature","geometry":null,"properties":{"rank":242,"site_id":"7213","name":"Olongapo Naval Base Perimeter National Park","desig":"National Park","iucn_cat":"Not Assigned","status_yr":"1968","loss_ha":0.0,"forest2000_ha":0.0,"area_ha":4.6,"rep_area_ha":5.0,"pct_of_forest2000":0.0,"pct_of_pa":0.0,"lon":120.28,"lat":14.8276}},{"type":"Feature","geometry":{"type":"Polygon","coordinates":[[[123.5958156632705,10.13056926021453],[123.59788914420102,10.129267199359129],[123.60338279468834,10.130497923421105],[123.60541170624387,10.137494225335711],[123.5958156632705,10.13056926021453]]]},"properties":{"rank":243,"site_id":"7220","name":"Guadalupe Mabugnao Mainit Hot Spring National Park","desig":"National Park","iucn_cat":"Not Assigned","status_yr":"1972","loss_ha":0.0,"forest2000_ha":44.5,"area_ha":62.3,"rep_area_ha":62.0,"pct_of_forest2000":0.0,"pct_of_pa":0.0,"lon":123.6011,"lat":10.1324}},{"type":"Feature","geometry":{"type":"Polygon","coordinates":[[[124.29834702805721,8.541885218241859],[124.31147466954822,8.530929171922876],[124.3161745851419,8.542888482013593],[124.32195358120684,8.539142835100764],[124.32465578507171,8.548123482486856],[124.3395581155994,8.550910377307657],[124.34090472489491,8.55773730687975],[124.33856811561292,8.567038983264156],[124.3171867796087,8.562468391532587],[124.30520518729979,8.555414117812695],[124.29834702805721,8.541885218241859]]]},"properties":{"rank":244,"site_id":"7221","name":"Initao-Libertad Protected Landscape and Seascape","desig":"Protected Landscape and Seascape","iucn_cat":"V","status_yr":"2018","loss_ha":0.0,"forest2000_ha":54.2,"area_ha":921.2,"rep_area_ha":921.0,"pct_of_forest2000":0.0,"pct_of_pa":0.0,"lon":124.3194,"lat":8.5514}},{"type":"Feature","geometry":{"type":"Polygon","coordinates":[[[124.25646715177231,8.037248731922496],[124.25998544643481,8.033498612530309],[124.2616397499849,8.035545364673926],[124.25646715177231,8.037248731922496]]]},"properties":{"rank":245,"site_id":"7225","name":"Pantuwaraya Lake National Park","desig":"National Park","iucn_cat":"Not Assigned","status_yr":"1965","loss_ha":0.0,"forest2000_ha":4.0,"area_ha":19.1,"rep_area_ha":19.0,"pct_of_forest2000":0.0,"pct_of_pa":0.0,"lon":124.2594,"lat":8.0354}},{"type":"Feature","geometry":{"type":"Polygon","coordinates":[[[124.02739874191087,7.791378371218091],[124.0359557183365,7.7811358295042705],[124.07202096886269,7.768204421784302],[124.07448677959275,7.768431824524041],[124.06060114003701,7.786673985490627],[124.0641728849936,7.787953768675224],[124.06217965874,7.795864235526776],[124.05107650888753,7.800894073044453],[124.0459708585941,7.800586423984013],[124.0420959209114,7.802436906491187],[124.02739874191087,7.791378371218091]]]},"properties":{"rank":246,"site_id":"7229","name":"Lake Dapao National Park","desig":"National Park","iucn_cat":"Not Assigned","status_yr":"1965","loss_ha":0.0,"forest2000_ha":31.7,"area_ha":998.5,"rep_area_ha":998.0,"pct_of_forest2000":0.0,"pct_of_pa":0.0,"lon":124.05,"lat":7.7867}},{"type":"Feature","geometry":{"type":"MultiPolygon","coordinates":[[[[124.28520160281464,7.737066517384],[124.28473787549363,7.734645177296146],[124.28730635717643,7.734743273313],[124.29007987498264,7.734395501664059],[124.28952692430643,7.736865868610895],[124.28520160281464,7.737066517384]]]]},"properties":{"rank":247,"site_id":"7230","name":"Lake Butig National Park","desig":"National Park","iucn_cat":"Not Assigned","status_yr":"1965","loss_ha":0.0,"forest2000_ha":10.2,"area_ha":35.3,"rep_area_ha":35.0,"pct_of_forest2000":0.0,"pct_of_pa":0.0,"lon":124.2874,"lat":7.7358}},{"type":"Feature","geometry":{"type":"MultiPolygon","coordinates":[[[[123.88491702018811,13.803116075427848],[123.8852069064844,13.793702928000336],[123.89698335194194,13.792904741167664],[123.89744710887126,13.797350447474935],[123.8881098056997,13.803160698843167],[123.88491702018811,13.803116075427848]]],[[[123.86242085451205,13.79384564628875],[123.86661692394489,13.791085463870742],[123.87417951792551,13.790318466369014],[123.87954829753231,13.799651375225356],[123.88491702018811,13.803116075427848],[123.88380224777478,13.808070133613732],[123.87899539304892,13.806210683078307],[123.87435347005386,13.807766951508544],[123.8683604047414,13.798955728734406],[123.86242085451205,13.79384564628875]]]]},"properties":{"rank":248,"site_id":"7236","name":"Caramoan National Park","desig":"National Park","iucn_cat":"Not Assigned","status_yr":"1938","loss_ha":0.0,"forest2000_ha":322.8,"area_ha":347.2,"rep_area_ha":347.0,"pct_of_forest2000":0.0,"pct_of_pa":0.0,"lon":123.8794,"lat":13.7985}},{"type":"Feature","geometry":{"type":"Polygon","coordinates":[[[122.97069878201219,13.705542044730251],[122.97754353134297,13.704806258441025],[122.97229961083251,13.70843603205118],[122.97069878201219,13.705542044730251]]]},"properties":{"rank":249,"site_id":"7237","name":"Libmanan Caves National Park","desig":"National Park","iucn_cat":"Not Assigned","status_yr":"1934","loss_ha":0.0,"forest2000_ha":18.5,"area_ha":18.5,"rep_area_ha":19.0,"pct_of_forest2000":0.0,"pct_of_pa":0.0,"lon":122.9735,"lat":13.7063}},{"type":"Feature","geometry":null,"properties":{"rank":250,"site_id":"7240","name":"MacArthur Landing National Park (Imelda Park)","desig":"National Park","iucn_cat":"Not Assigned","status_yr":"1977","loss_ha":0.0,"forest2000_ha":3.9,"area_ha":6.8,"rep_area_ha":7.0,"pct_of_forest2000":0.0,"pct_of_pa":0.0,"lon":125.0111,"lat":11.172}},{"type":"Feature","geometry":{"type":"Polygon","coordinates":[[[120.02755385262384,16.179522641397593],[120.03393479814386,16.182189200600995],[120.03744413234142,16.17172812715737],[120.03956667135772,16.175295454869964],[120.03671280446072,16.184574863211378],[120.04540806631012,16.187821057619722],[120.0459030522856,16.190081819909658],[120.04950597345918,16.188824340760704],[120.0470133695779,16.17736889830087],[120.0513476017234,16.179696557803243],[120.0597708256783,16.240072789257002],[120.04310275143665,16.240072750696065],[120.02643905429721,16.215075043767254],[120.02755385262384,16.179522641397593]]]},"properties":{"rank":251,"site_id":"845","name":"Hundred Island National Park","desig":"National Park","iucn_cat":"Not Assigned","status_yr":"1982","loss_ha":0.0,"forest2000_ha":213.8,"area_ha":1759.0,"rep_area_ha":1762.0,"pct_of_forest2000":0.0,"pct_of_pa":0.0,"lon":120.0425,"lat":16.2099}}]}